google_index,page_rank,nb_hyperlinks,web_traffic,nb_www,longest_word_path,domain_age,ratio_intHyperlinks,ratio_extHyperlinks,phish_hints,safe_anchor,ratio_digits_url,ratio_extRedirection,avg_word_path,status
1,4,17,0,1,6,-1,0.529411765,0.470588235,0,0.0,0.0,0.875,4.5,0
1,2,30,0,0,32,5767,0.966666667,0.033333333,0,100.0,0.220779221,0.0,14.66666667,1
1,0,4,5828815,0,17,4004,1.0,0.0,0,100.0,0.150793651,0.0,8.142857142999999,1
0,3,149,107721,0,0,-1,0.973154362,0.026845638,0,62.5,0.0,0.25,0.0,0
0,6,102,8725,1,11,8175,0.470588235,0.529411765,0,0.0,0.0,0.537037037,7.0,0
1,0,10,0,0,0,-1,0.3,0.7,0,0.0,0.0,0.571428571,0.0,1
0,1,98,0,1,0,7529,0.081632653,0.918367347,0,100.0,0.0,0.0,0.0,0
1,2,30,0,1,32,5767,0.966666667,0.033333333,0,100.0,0.259259259,0.0,14.66666667,1
0,5,63,0,0,0,7298,0.206349206,0.793650794,0,27.27272727,0.0,0.38,0.0,0
0,5,140,6774,0,10,9368,0.7785714290000001,0.221428571,1,58.13953488,0.076923077,0.193548387,5.538461538,0
0,2,15,1627089,1,7,-1,1.0,0.0,0,0.0,0.0,0.0,5.5,0
0,6,88,944,1,6,7911,0.931818182,0.0681818179999999,0,62.5,0.186046512,0.166666667,3.75,0
0,4,325,158942,0,10,1505,0.775384615,0.224615385,0,38.79310345,0.012048193,0.04109589,5.0,0
1,4,3,1173197,0,8,1761,1.0,0.0,0,0.0,0.064516129,0.0,6.0,1
0,2,211,4297684,1,0,2041,0.933649289,0.0663507109999999,0,69.69696970000001,0.0,0.357142857,0.0,0
0,4,50,0,0,7,3892,1.0,0.0,0,0.0,0.019607843,0.0,5.666666667,1
0,4,125,99386,1,0,8301,0.96,0.04,0,76.19047619,0.0,0.2,0.0,0
1,0,23,0,0,8,2316,1.0,0.0,0,0.0,0.06,0.0,6.333333333,1
1,0,0,0,1,2,2935,0.0,0.0,0,0.0,0.0,0.0,2.0,1
0,2,219,927214,1,0,3932,0.97716895,0.02283105,0,0.0,0.148148148,0.0,0.0,0
0,5,147,26017,1,8,8759,0.884353741,0.115646259,0,92.75362319,0.0,0.0,5.833333333,0
0,6,77,1040,0,9,5647,0.818181818,0.181818182,0,0.0,0.0,0.214285714,6.0,0
1,0,13,0,0,7,1184,0.923076923,0.076923077,0,0.0,0.1,0.0,4.5,1
0,4,59,4672316,0,9,3476,0.915254237,0.084745763,0,50.0,0.0,0.2,5.25,0
1,0,51,5707171,0,17,3993,1.0,0.0,0,100.0,0.095238095,0.0,7.375,1
1,5,21,0,0,0,7296,0.285714286,0.7142857140000001,0,0.0,0.0,0.0,0.0,1
0,4,115,2203390,1,0,6989,0.973913043,0.026086957,0,90.32258065,0.0,0.333333333,0.0,0
0,5,68,5964,1,8,4845,0.647058824,0.352941176,0,20.0,0.0,0.083333333,4.714285714,0
1,0,51,5707171,0,15,3993,1.0,0.0,0,100.0,0.161764706,0.0,8.5,1
1,0,31,0,1,18,-1,0.483870968,0.516129032,1,0.0,0.398773006,0.4375,8.4,1
0,4,95,390047,1,0,1170,0.947368421,0.052631579,0,50.0,0.0,0.2,0.0,0
1,1,36,0,0,32,1237,0.388888889,0.611111111,0,0.0,0.34375,0.0,19.0,1
1,5,21,0,0,0,5627,0.19047619,0.80952381,0,25.0,0.25,0.294117647,0.0,1
1,0,3,9264543,0,10,3767,0.0,1.0,0,0.0,0.0,0.0,5.666666667,1
0,7,105,13,0,21,9316,0.542857143,0.457142857,0,0.0,0.212121212,0.0625,9.25,0
0,4,16,0,1,0,7849,0.375,0.625,0,45.45454545,0.0,0.4,0.0,0
0,2,417,0,1,10,3920,0.3117506,0.6882494,0,0.0,0.0,0.146341463,4.466666667,1
0,8,27,0,0,0,5159,0.481481481,0.518518519,0,8.333333332999999,0.0,0.7142857140000001,0.0,0
0,3,160,74862,1,3,-1,0.875,0.125,0,17.39130435,0.0,0.35,3.0,0
0,7,183,5828226,0,0,5230,0.7322404370000001,0.267759563,1,22.80701754,0.0,0.346938776,0.0,0
1,1,23,0,0,9,3125,1.0,0.0,4,100.0,0.0,0.0,4.875,1
1,4,1,544886,0,4,5026,1.0,0.0,0,0.0,0.0,0.0,4.0,1
1,2,22,0,1,32,2300,0.545454545,0.454545455,2,60.0,0.295918367,0.0,8.142857142999999,1
0,2,35,1671658,0,0,2580,0.971428571,0.028571429,0,0.0,0.0,0.0,0.0,0
0,7,265,7698,0,9,5825,0.939622642,0.060377358,0,76.66666667,0.0,0.0,5.0,0
1,4,26,0,0,40,8019,0.115384615,0.884615385,0,0.0,0.030534351,0.0,7.545454545,1
0,6,279,607,1,10,7839,0.7419354840000001,0.258064516,0,25.0,0.0,0.277777778,8.5,0
1,0,7,0,0,10,2306,0.0,1.0,0,0.0,0.0,0.0,10.0,1
0,6,420,6431,1,9,-1,0.976190476,0.023809524,0,94.68085106,0.133333333,0.1,5.5,0
1,0,13,0,0,40,1500,0.923076923,0.076923077,0,0.0,0.270440252,1.0,11.54545455,1
1,6,43,11657,1,7,2739,0.953488372,0.046511628,0,0.0,0.227272727,0.0,5.5,1
1,2,64,1508317,0,44,134,0.84375,0.15625,0,100.0,0.077669903,0.0,9.857142857,1
1,5,0,0,0,7,7802,0.0,0.0,0,0.0,0.0,0.0,3.75,1
0,7,253,12,0,10,7133,0.920948617,0.079051383,0,63.63636364,0.0,0.45,6.0,0
1,2,91,0,1,11,1690,0.615384615,0.384615385,0,50.0,0.0,0.142857143,7.5,1
1,0,184,0,1,4,1588,0.766304348,0.233695652,0,9.677419355,0.0,0.348837209,3.0,1
1,2,30,0,1,32,5767,0.966666667,0.033333333,0,100.0,0.283950617,0.0,14.66666667,1
0,5,83,2190,0,11,7615,0.6144578310000001,0.385542169,0,71.42857143,0.0,0.03125,5.166666667,0
0,10,27,1,0,9,8348,0.740740741,0.259259259,2,100.0,0.0,0.0,6.5,1
1,10,27,1,0,16,8348,0.37037037,0.62962963,1,0.0,0.0808080809999999,0.0,7.444444444,1
1,4,118,2203390,1,5,6989,0.974576271,0.025423729,0,90.0,0.0,0.333333333,4.0,0
1,5,21,0,0,7,5615,0.19047619,0.80952381,2,25.0,0.033333333,0.176470588,3.5,1
0,5,0,4053,0,9,9327,0.0,0.0,0,0.0,0.081081081,0.0,3.0,0
0,4,54,6010,1,8,3561,0.944444444,0.055555556,0,57.14285714,0.0,0.0,6.2,0
0,5,0,0,0,0,5614,0.0,0.0,0,0.0,0.125,0.0,0.0,1
1,1,0,0,1,8,5408,0.0,0.0,0,0.0,0.038461538,0.0,6.0,1
1,10,1,1,0,10,8346,0.0,1.0,0,0.0,0.0,0.0,6.0,1
0,5,167,24587,0,10,5877,0.988023952,0.011976048,0,100.0,0.027027027,0.0,8.166666667000001,0
1,7,849,827,1,7,2633,0.941107185,0.058892815,0,96.4504284,0.065217391,0.36,4.75,0
0,4,0,1680566,1,13,6512,0.0,0.0,0,0.0,0.0,0.0,9.0,0
1,0,5,0,0,9,-1,0.6,0.4,1,50.0,0.0,0.0,7.333333333,1
1,7,385,12,0,4,7134,0.937662338,0.062337662,0,70.37037037,0.0,0.291666667,3.666666667,0
0,6,212,1294,1,10,9394,0.617924528,0.382075472,0,23.68421053,0.0,0.074074074,6.5,0
1,0,0,0,0,9,5044,0.0,0.0,2,0.0,0.0,0.0,5.333333333,1
1,0,13,0,0,8,2573,1.0,0.0,1,100.0,0.06779661,0.0,4.833333333,1
1,4,0,7048,0,5,1246,0.0,0.0,0,0.0,0.01754386,0.0,4.5,1
0,3,44,8400,0,7,2872,0.772727273,0.227272727,0,100.0,0.0,0.5,5.0,0
1,1,0,0,1,7,4537,0.0,0.0,0,0.0,0.0,0.0,5.5,1
0,7,199,12,0,7,7133,0.964824121,0.035175879,0,74.07407407,0.0,0.428571429,5.5,0
1,5,14,0,0,0,7295,0.071428571,0.928571429,0,14.28571429,0.027777778,0.846153846,0.0,1
1,2,1,8238037,0,5,973,1.0,0.0,1,0.0,0.038461538,0.0,3.5,1
1,5,5,0,0,0,7296,0.0,1.0,0,0.0,0.25,0.0,0.0,1
0,10,25,63,0,14,7491,0.52,0.48,0,0.0,0.0,0.0,14.0,0
0,2,33,479698,1,0,-1,0.212121212,0.787878788,0,10.0,0.0,0.346153846,0.0,0
1,1,11,0,0,32,-1,1.0,0.0,3,0.0,0.304347826,0.0,9.333333333,1
0,5,148,43102,1,22,8442,0.864864865,0.135135135,0,35.71428571,0.058823529,0.05,6.454545455,0
0,3,181,2426481,1,0,2277,0.546961326,0.453038674,0,81.03448276,0.0,0.085365854,0.0,0
0,3,81,0,1,0,1800,0.691358025,0.308641975,0,20.0,0.0,0.12,0.0,0
1,4,98,0,0,13,-1,0.8469387759999999,0.153061224,3,82.60869565,0.008403361,0.4,5.769230769,1
0,4,129,3862928,1,8,3952,0.968992248,0.031007752,1,50.0,0.06779661,0.25,6.5,0
0,4,98,128132,0,8,4855,0.8877551020000001,0.112244898,0,52.94117647,0.0,0.727272727,6.0,0
1,0,45,0,0,110,166,0.5111111110000001,0.488888889,0,10.0,0.271523179,0.636363636,25.8,1
0,4,38,52436,1,8,4093,0.5,0.5,0,53.84615385,0.035714286,0.1578947369999999,4.777777778,0
1,2,41,1080262,0,8,-1,0.804878049,0.195121951,3,93.33333333,0.0,0.0,5.333333333,1
0,2,437,294723,0,0,-1,0.961098398,0.038901602,0,75.0,0.0,0.058823529,0.0,0
0,10,137,8,1,14,8516,0.328467153,0.671532847,0,100.0,0.0,0.0,14.0,0
0,3,218,381695,1,0,7689,0.935779817,0.064220183,0,56.25,0.0,0.071428571,0.0,0
0,5,31,86462,1,4,5913,0.709677419,0.290322581,0,86.95652174,0.0,0.111111111,3.5,0
0,2,139,2346124,0,0,-1,0.769784173,0.230215827,0,81.29032258,0.0,0.875,0.0,0
1,0,0,0,0,2,4141,0.0,0.0,0,0.0,0.0,0.0,2.0,1
0,4,104,0,1,0,4664,0.038461538,0.961538462,0,5.128205128,0.0,0.0,0.0,0
0,0,124,0,1,0,317,0.919354839,0.0806451609999999,0,0.0,0.0,0.1,0.0,1
0,5,65,44445,1,11,4566,0.8,0.2,0,62.06896552,0.0,0.692307692,8.0,0
1,9,16,3523,0,7,-1,0.5,0.5,0,0.0,0.181818182,0.0,7.0,1
1,0,2,0,1,7,657,0.0,1.0,0,0.0,0.038461538,0.0,5.2,1
1,2,1,9412550,1,3,-1,1.0,0.0,0,0.0,0.026315789,0.0,2.0,1
0,2,77,0,1,0,-1,0.402597403,0.597402597,0,13.04347826,0.0,0.086956522,0.0,0
1,0,51,5707171,0,15,3993,1.0,0.0,0,100.0,0.105263158,0.0,8.5,1
1,0,21,0,1,10,-1,0.428571429,0.571428571,3,33.33333333,0.039534884,0.0,4.363636364,1
1,4,38,212735,0,10,4823,0.921052632,0.078947368,0,25.0,0.0,0.666666667,10.0,0
0,6,61,545,0,8,11046,0.7540983609999999,0.245901639,0,27.77777778,0.068493151,0.266666667,5.1428571430000005,0
1,0,0,0,1,9,2939,0.0,0.0,0,0.0,0.107142857,0.0,5.6,1
1,5,52,12180,0,7,3385,0.788461538,0.211538462,0,100.0,0.0,0.818181818,3.9,0
1,5,0,0,0,13,7802,0.0,0.0,0,0.0,0.0,0.0,7.6,1
1,5,83,241891,1,8,-1,0.879518072,0.120481928,0,33.33333333,0.076923077,0.3,5.5,0
0,2,24,3913090,1,0,5366,0.083333333,0.916666667,0,0.0,0.0,0.5,0.0,0
1,1,52,0,2,32,2112,0.615384615,0.384615385,1,0.0,0.244444444,0.3,9.5,1
0,3,315,2272,0,7,7156,0.93968254,0.06031746,0,71.69811321,0.1555555559999999,0.0,4.75,0
0,4,77,145276,1,10,7602,0.8441558440000001,0.1558441559999999,0,11.11111111,0.036363636,0.166666667,6.0,0
1,0,5,0,1,15,135,1.0,0.0,0,0.0,0.076923077,0.0,6.5,1
1,2,184,4669,0,0,1546,0.222826087,0.7771739129999999,0,29.62962963,0.073170732,0.013986014,0.0,1
1,0,582,0,0,7,7,0.288659794,0.7113402059999999,0,7.391304347999999,0.169014085,0.1328502419999999,5.333333333,1
1,10,10,1,0,33,8348,0.0,1.0,1,0.0,0.072289157,0.0,8.666666667000001,1
1,0,14,0,0,32,-1,1.0,0.0,0,0.0,0.342465753,0.0,14.66666667,1
1,0,4,0,0,6,184,1.0,0.0,0,100.0,0.204545455,0.0,6.0,1
0,3,1,819233,1,16,2403,1.0,0.0,2,0.0,0.052631579,0.0,7.9,1
1,0,51,5697976,0,17,3992,1.0,0.0,0,100.0,0.157480315,0.0,7.375,1
0,0,32,0,0,44,254,0.59375,0.40625,0,0.0,0.070707071,0.153846154,9.285714286,1
1,1,38,0,1,7,6041,0.815789474,0.184210526,1,0.0,0.0,0.7142857140000001,6.0,1
1,7,147,2788,1,12,7284,0.7959183670000001,0.204081633,0,16.66666667,0.0,0.133333333,7.666666667,0
1,0,4,0,0,7,-1,1.0,0.0,3,100.0,0.0,0.0,5.0,1
0,3,98,1166803,1,3,-1,0.979591837,0.020408163,0,66.66666667,0.0,0.0,2.5,0
1,1,145,5692030,1,5,5111,0.944827586,0.055172414,1,87.5,0.0,0.0,2.666666667,1
0,5,296,88431,0,9,8024,0.972972973,0.027027027,0,90.90909091,0.0,0.125,6.375,0
0,7,161,5488,1,8,5993,0.925465839,0.074534161,0,75.0,0.049180328,0.333333333,5.0,0
0,4,53,188662,1,10,2684,0.886792453,0.113207547,0,100.0,0.0,0.0,7.666666667,0
1,1,3,23941,0,0,725,1.0,0.0,0,0.0,0.086956522,0.0,0.0,1
1,5,14,0,0,0,7295,0.071428571,0.928571429,0,14.28571429,0.0,0.846153846,0.0,1
0,4,64,3847776,1,0,3754,0.421875,0.578125,0,10.0,0.0,0.0,0.0,0
0,5,154,299694,1,7,5381,0.590909091,0.409090909,0,100.0,0.0,0.031746032,3.6,0
1,2,38,0,0,19,3743,0.447368421,0.552631579,1,40.0,0.0,0.142857143,7.7,1
0,3,0,435027,1,6,5416,0.0,0.0,0,0.0,0.0,0.0,4.0,0
1,0,1,0,0,0,1901,1.0,0.0,1,0.0,0.093023256,0.0,0.0,1
0,2,0,0,0,0,3937,0.0,0.0,0,0.0,0.0,0.0,0.0,0
1,4,37,1677903,1,9,6668,0.864864865,0.135135135,0,37.5,0.071428571,0.4,4.0,0
0,5,157,225825,0,7,4413,0.3566878979999999,0.643312102,0,42.7184466,0.0,0.198019802,6.0,0
1,0,0,0,1,4,3983,0.0,0.0,0,0.0,0.0,0.0,3.666666667,1
0,5,209,81846,0,8,7732,0.899521531,0.100478469,0,76.66666667,0.0,0.6190476189999999,6.333333333,0
0,1,22,0,0,1,2647,0.954545455,0.045454545,0,75.0,0.0,1.0,1.0,1
0,7,326,121,1,8,9285,0.7147239259999999,0.285276074,0,73.68421053,0.020408163,0.053763441,4.2,0
0,5,141,1577,0,6,8047,0.90070922,0.09929078,0,40.0,0.020833333,0.214285714,4.333333333,0
1,0,10,0,1,23,531,0.9,0.1,3,0.0,0.037037037,0.0,6.6,1
1,0,0,0,0,5,1028,0.0,0.0,0,0.0,0.0,0.0,4.5,1
1,4,146,1137149,1,10,5334,0.883561644,0.116438356,0,65.71428571,0.0,0.411764706,6.571428571,0
1,4,60,2368410,1,6,7602,0.216666667,0.783333333,0,14.54545455,0.0,0.212765957,5.0,0
0,4,416,1119897,1,0,6460,0.612980769,0.387019231,0,13.04347826,0.0,0.02484472,0.0,0
1,3,8,4365,0,10,1953,0.125,0.875,1,0.0,0.060606061,0.0,10.0,1
0,4,168,7600,1,0,-1,0.642857143,0.357142857,0,17.46031746,0.0,0.133333333,0.0,0
0,8,319,137,1,9,5224,0.63322884,0.36677116,0,19.16666667,0.0,0.111111111,6.285714286,0
1,2,31,1554194,1,34,-1,0.483870968,0.516129032,1,0.0,0.415204678,0.4375,10.21428571,1
1,2,3,0,0,0,189,1.0,0.0,0,0.0,0.131578947,0.0,0.0,1
1,5,148,38365,1,7,6203,0.6959459459999999,0.304054054,2,25.92592593,0.0,0.333333333,5.285714286,0
0,10,53,2,1,4,5639,0.490566038,0.509433962,0,0.0,0.0,0.074074074,4.0,0
1,2,0,7811868,1,9,1785,0.0,0.0,0,0.0,0.0,0.0,5.1428571430000005,1
1,5,72,15489,0,9,6431,0.6527777779999999,0.347222222,0,56.14035088,0.051282051,0.64,5.5,0
0,4,323,219358,1,0,2254,0.959752322,0.040247678,0,46.66666667,0.0,0.0,0.0,0
0,3,53,543542,1,0,-1,0.867924528,0.132075472,0,85.0,0.0,0.285714286,0.0,0
0,6,0,21542,0,6,9253,0.0,0.0,0,0.0,0.128205128,0.0,3.8,0
1,0,0,0,1,32,5825,0.0,0.0,0,0.0,0.35483871,0.0,32.0,1
1,1,41,507771,0,6,1899,0.8292682929999999,0.1707317069999999,2,0.0,0.0,0.142857143,4.25,1
0,3,8,632334,1,7,4120,0.875,0.125,0,50.0,0.0,1.0,5.0,0
1,5,665,7053,1,8,3650,0.8827067670000001,0.117293233,0,95.0,0.06779661,1.038461538,5.5,0
0,6,77,2580,1,8,8044,0.896103896,0.103896104,0,75.0,0.0,0.0,4.5,0
1,0,103,0,1,18,6831,0.932038835,0.067961165,0,0.0,0.057692308,0.285714286,18.0,1
1,0,21,0,0,7,3904,0.238095238,0.761904762,0,44.44444444,0.0,0.3125,4.25,1
1,3,57,0,0,7,4183,0.122807018,0.8771929820000001,0,10.0,0.127659574,0.16,4.625,1
0,3,77,62284,1,15,2403,0.987012987,0.012987013,0,83.33333333,0.0,0.0,8.5,0
0,2,105,1111694,0,0,-1,0.80952381,0.19047619,0,12.5,0.0,0.3,0.0,0
0,7,12,892,0,65,7968,0.583333333,0.4166666670000001,1,0.0,0.132352941,0.0,17.66666667,1
0,10,1,1,0,19,8346,0.0,1.0,1,0.0,0.159574468,0.0,7.857142857,1
1,0,20,0,0,0,-1,0.95,0.05,0,0.0,0.0,0.0,0.0,1
1,0,45,0,0,0,1154,1.0,0.0,0,0.0,0.1578947369999999,0.0,0.0,1
1,0,0,0,0,3,3608,0.0,0.0,0,0.0,0.028571429,0.0,2.0,1
1,2,23,0,0,9,2870,0.173913043,0.826086957,0,60.0,0.0,0.052631579,4.0,1
1,0,0,0,1,7,5972,0.0,0.0,0,0.0,0.075471698,0.0,5.25,1
1,5,21,0,0,9,5616,0.19047619,0.80952381,1,25.0,0.0,0.176470588,4.75,1
1,3,24,0,0,0,6381,0.0,1.0,0,0.0,0.114285714,0.0,0.0,1
0,10,0,1,2,40,8348,0.0,0.0,0,0.0,0.066666667,0.0,5.032258065,1
0,5,109,128305,0,8,4825,0.871559633,0.128440367,0,43.47826087,0.0,0.285714286,6.666666667,0
1,0,8,0,0,88,4405,1.0,0.0,0,0.0,0.4866666670000001,0.0,32.66666667,1
1,2,0,0,1,4,570,0.0,0.0,0,0.0,0.0,0.0,3.0,1
1,2,33,6240092,1,6,3381,0.242424242,0.757575758,2,70.0,0.0,0.0,4.857142857,1
0,3,0,4701900,1,12,4681,0.0,0.0,0,0.0,0.160377358,0.0,5.5,1
0,0,52,5496959,0,4,-1,0.980769231,0.019230769,0,100.0,0.0,0.0,4.0,1
0,7,822,12,0,13,7133,0.903892944,0.096107056,0,63.92694064,0.0,0.291139241,4.857142857,0
1,2,33,10725245,1,7,2290,0.242424242,0.757575758,3,70.0,0.033333333,0.0,3.875,1
1,0,7,0,0,2,896,0.857142857,0.142857143,0,0.0,0.0,1.0,2.0,1
0,5,182,11507,1,5,6901,0.626373626,0.373626374,0,11.94029851,0.128205128,0.014705882,4.5,0
0,4,335,207904,1,5,3899,0.970149254,0.029850746,0,89.74358974,0.0,0.5,4.333333333,0
1,0,11,9675493,0,15,-2,0.909090909,0.090909091,0,0.0,0.023255814,0.0,6.714285714,1
0,5,280,18386,1,8,9224,0.807142857,0.192857143,0,31.57894737,0.0,0.481481481,4.8,0
1,0,0,0,0,7,-1,0.0,0.0,0,0.0,0.3666666670000001,0.0,3.6,1
0,8,105,0,0,0,7449,0.6190476189999999,0.380952381,0,33.33333333,0.0,0.075,0.0,0
0,4,8,0,0,12,7287,0.375,0.625,0,0.0,0.0762711859999999,0.0,7.4,0
0,2,58,8571696,0,0,2625,0.913793103,0.0862068969999999,0,100.0,0.0,0.0,0.0,0
0,6,0,1465,0,6,11192,0.0,0.0,0,0.0,0.166666667,0.0,4.0,0
1,2,7,0,0,0,2839,1.0,0.0,0,0.0,0.028571429,0.0,0.0,1
1,0,140,5497323,0,5,-1,0.971428571,0.028571429,0,96.0,0.0,0.25,5.0,1
1,5,22,0,0,7,5615,0.181818182,0.818181818,2,25.0,0.0625,0.166666667,3.5,1
1,2,3,0,0,0,189,1.0,0.0,0,0.0,0.078947368,0.0,0.0,1
0,4,67,179875,1,0,4996,0.835820896,0.164179104,0,100.0,0.0,0.181818182,0.0,0
0,5,49,24047,1,22,3526,0.7551020409999999,0.244897959,0,93.33333333,0.0,0.333333333,10.5,0
1,0,51,5707171,0,17,3993,1.0,0.0,0,100.0,0.166666667,0.0,8.142857142999999,1
0,7,339,12,0,6,7130,0.943952802,0.056047198,0,72.46376812,0.0,0.473684211,4.666666667,0
0,7,215,13,0,6,7134,0.911627907,0.088372093,0,58.69565217,0.0,0.263157895,5.0,0
0,2,9,0,1,0,3904,0.333333333,0.666666667,0,25.0,0.0,0.333333333,0.0,0
0,2,72,1168093,1,0,2980,0.8611111109999999,0.138888889,0,25.0,0.0,0.0,0.0,0
0,7,1294,193,1,5,7427,0.99690881,0.00309119,2,100.0,0.02,0.0,4.0,0
1,0,51,5697976,0,17,3992,1.0,0.0,0,100.0,0.119047619,0.0,7.375,1
0,6,177,5781,1,8,8627,0.943502825,0.056497175,0,92.0,0.0,0.0,5.333333333,0
1,0,88,0,0,32,2047,0.897727273,0.102272727,3,85.71428571,0.196078431,0.5555555560000001,9.0,1
0,2,46,0,1,0,2425,0.608695652,0.391304348,0,38.88888889,0.064516129,0.222222222,0.0,0
1,0,0,0,1,32,5826,0.0,0.0,0,0.0,0.279069767,0.0,13.0,1
0,4,259,4211,1,9,6068,0.544401544,0.455598456,0,98.8372093,0.102564103,0.144067797,4.888888889,0
0,2,138,7290834,1,0,3477,0.166666667,0.833333333,0,7.96460177,0.0,0.043478261,0.0,0
0,8,579,70,1,7,8965,0.747841105,0.252158895,0,66.66666667,0.212121212,0.006849315,6.0,0
0,0,8,0,0,6,7,0.0,1.0,0,0.0,0.0,0.125,6.0,1
0,2,24,373207,1,0,-1,0.833333333,0.166666667,0,71.42857143,0.0,0.5,0.0,0
0,4,226,83476,1,9,6096,0.845132743,0.1548672569999999,0,48.48484848,0.0,0.171428571,9.0,0
0,4,128,0,0,0,5903,0.7578125,0.2421875,0,0.0,0.0,1.419354839,0.0,0
0,5,224,0,0,47,5627,0.977678571,0.022321429,0,92.85714286,0.107843137,0.0,16.5,1
1,4,1041,124314,1,8,4153,0.994236311,0.005763689,0,100.0,0.0,0.0,5.0,0
0,4,33,199026,1,0,4764,0.363636364,0.636363636,0,74.35897436,0.0,0.380952381,0.0,0
0,7,48,962,0,11,9744,0.4375,0.5625,0,23.07692308,0.079207921,0.481481481,4.846153846,0
0,4,43,1323034,1,10,3163,0.674418605,0.325581395,0,16.66666667,0.0,0.857142857,7.333333333,0
0,4,452,98458,1,5,-1,0.951327434,0.048672566,0,55.26315789,0.0,0.363636364,3.5,0
1,0,0,0,0,0,2088,0.0,0.0,0,0.0,0.0,0.0,0.0,1
1,5,74,376041,1,5,4162,0.878378378,0.121621622,0,60.0,0.262773723,0.444444444,2.111111111,0
1,0,0,0,1,22,-1,0.0,0.0,1,0.0,0.1292775669999999,0.0,5.909090909,1
1,9,44,3536,0,7,-1,0.545454545,0.454545455,0,100.0,0.181818182,0.1,7.0,1
1,0,25,0,0,7,918,1.0,0.0,4,100.0,0.011235955,0.0,5.1,1
0,3,58,2487034,1,0,5890,0.293103448,0.706896552,0,25.0,0.0,0.146341463,0.0,0
0,5,139,1577,0,11,8046,0.8992805759999999,0.100719424,0,40.0,0.020408163,0.214285714,7.0,0
1,5,22,0,0,0,5616,0.181818182,0.818181818,1,25.0,0.066666667,0.166666667,0.0,1
0,2,197,0,0,0,5442,0.172588832,0.8274111679999999,0,5.555555556,0.0,0.09202454,0.0,1
1,2,0,9820235,0,12,3188,0.0,0.0,2,0.0,0.0,0.0,6.4,1
0,2,26,0,1,0,-1,0.5,0.5,0,63.63636364,0.0,0.153846154,0.0,0
1,2,6,0,0,13,3977,0.833333333,0.166666667,1,0.0,0.0,0.0,5.3,1
1,0,0,0,0,0,1,0.0,0.0,0,0.0,0.076923077,0.0,0.0,1
0,7,171,146,1,11,4549,0.8245614040000001,0.175438596,0,100.0,0.108433735,0.066666667,6.857142857,0
1,0,4,9657236,0,8,1,0.75,0.25,0,0.0,0.0,0.0,5.5,1
0,8,555,70,1,7,8969,0.742342342,0.257657658,0,66.66666667,0.212121212,0.006993007,6.0,0
0,6,115,692,1,7,9205,0.7565217390000001,0.243478261,0,21.875,0.0,0.357142857,6.5,0
1,5,176,25617,1,6,8697,0.943181818,0.056818182,0,71.42857143,0.0,0.2,5.0,0
0,2,162,2192611,1,0,3873,0.783950617,0.216049383,0,67.64705882,0.0,0.228571429,0.0,0
0,3,114,151781,1,10,4821,0.842105263,0.1578947369999999,0,0.0,0.0,0.055555556,6.5,0
1,0,0,0,0,0,65,0.0,0.0,2,0.0,0.0546875,0.0,0.0,1
1,6,0,0,0,11,-1,0.0,0.0,0,0.0,0.12,0.0,11.0,1
0,10,147,8,1,7,8517,0.421768707,0.578231293,0,100.0,0.0,0.0,7.0,0
0,7,177,258,1,10,3118,0.559322034,0.440677966,0,50.0,0.0,0.128205128,8.333333332999999,0
0,5,357,19471,1,0,7318,0.607843137,0.392156863,0,9.6,0.0,0.014285714,0.0,0
1,5,15,0,0,0,7295,0.0,1.0,0,0.0,0.097560976,0.0,0.0,1
0,2,27,4222108,1,0,6022,0.851851852,0.148148148,0,100.0,0.0,0.0,0.0,0
1,0,0,0,0,0,1,0.0,0.0,0,0.0,0.0,0.0,0.0,1
0,1,17,0,1,9,3346,0.705882353,0.294117647,0,33.33333333,0.03030303,0.0,3.833333333,0
0,6,35,9424,1,9,5409,0.514285714,0.485714286,1,59.375,0.094117647,0.235294118,4.6363636360000005,0
0,7,898,12,0,10,7129,0.867483296,0.132516704,0,69.94949495,0.0,0.378151261,7.0,0
0,5,30,17917,1,10,4300,0.466666667,0.533333333,0,56.0,0.055045872,0.375,6.454545455,0
0,4,120,456652,0,13,2785,0.25,0.75,0,12.5,0.0,0.033333333,7.0,0
0,10,1,1,0,30,8346,0.0,1.0,2,0.0,0.127272727,0.0,13.33333333,1
1,0,13,3898136,0,32,1095,0.7692307690000001,0.230769231,3,33.33333333,0.304093567,0.0,9.692307692,1
0,3,10,1860135,0,0,-1,0.9,0.1,0,0.0,0.0,0.0,0.0,0
0,2,40,3080310,0,0,7557,1.0,0.0,0,100.0,0.0,0.0,0.0,0
1,0,1,0,0,25,-1,1.0,0.0,1,0.0,0.285714286,0.0,5.571428571,1
1,4,13,3704884,0,0,2581,0.461538462,0.538461538,0,100.0,0.0,0.0,0.0,1
0,4,131,5759582,1,0,-1,0.86259542,0.13740458,0,25.0,0.0,0.0,0.0,0
1,3,1,17964,0,8,7083,0.0,1.0,0,0.0,0.03125,0.0,4.0,1
0,7,589,12,0,10,7133,0.915110357,0.084889643,0,61.24031008,0.0,0.28,7.0,0
1,4,26,0,0,46,8019,0.115384615,0.884615385,0,0.0,0.113636364,0.0,11.85714286,1
1,4,7,0,0,27,8019,0.0,1.0,0,0.0,0.048387097,0.0,6.5,1
1,2,22,0,0,5,3747,0.954545455,0.045454545,1,100.0,0.0,0.0,4.2,1
1,0,50,0,0,75,-1,0.54,0.46,1,41.66666667,0.290780142,0.347826087,40.5,1
1,0,51,5707171,0,17,3993,1.0,0.0,0,100.0,0.126984127,0.0,7.375,1
0,1,14,0,0,0,4924,0.5,0.5,0,100.0,0.0,0.0,0.0,0
1,5,5,173087,1,13,11205,1.0,0.0,0,0.0,0.037735849,0.0,5.2,0
0,3,90,0,1,0,-1,0.7555555559999999,0.244444444,0,57.89473684,0.0,0.227272727,0.0,0
1,0,51,0,0,32,1379,0.980392157,0.019607843,0,100.0,0.276315789,0.0,10.0,1
1,4,58,3807718,1,10,4133,0.75862069,0.24137931,0,50.0,0.0,0.214285714,4.571428571,0
1,2,30,0,0,32,5767,0.966666667,0.033333333,0,100.0,0.207792208,0.0,14.66666667,1
0,2,129,3198502,1,4,7169,0.96124031,0.03875969,0,95.83333333,0.0,0.0,3.0,0
0,5,192,74297,1,10,6842,0.994791667,0.005208333,0,100.0,0.0,2.0,5.75,0
1,5,0,549152,1,7,7705,0.0,0.0,0,0.0,0.081632653,0.0,4.0,0
0,5,241,114612,1,7,6769,0.8381742740000001,0.161825726,0,85.71428571,0.0,0.025641026,6.0,0
1,0,30,0,0,32,-1,0.9,0.1,0,85.71428571,0.273809524,0.333333333,10.4,1
0,5,29,891412,1,0,8309,0.620689655,0.379310345,0,52.94117647,0.0,0.272727273,0.0,0
0,3,264,405272,1,0,-1,0.96969697,0.03030303,0,46.15384615,0.0,0.125,0.0,0
0,5,31,126063,1,5,5572,1.0,0.0,0,0.0,0.0,0.0,4.0,0
0,3,18,642658,1,0,-1,0.7777777779999999,0.222222222,0,100.0,0.0,0.0,0.0,0
0,3,58,2656129,1,8,-1,1.0,0.0,0,100.0,0.0,0.0,5.4,1
0,0,0,0,0,13,2744,0.0,0.0,0,0.0,0.0,0.0,13.0,1
1,4,104,1489770,1,9,8176,0.836538462,0.163461538,0,22.72727273,0.0,0.411764706,6.2,0
0,2,68,2742704,0,0,3086,0.779411765,0.220588235,0,50.0,0.0,0.266666667,0.0,0
1,5,14,0,0,0,7295,0.071428571,0.928571429,0,14.28571429,0.025,0.846153846,0.0,1
1,0,58,0,0,8,4505,1.0,0.0,5,100.0,0.0,0.0,5.1,1
1,5,83,0,0,4,5627,0.469879518,0.5301204820000001,0,56.92307692,0.107142857,0.363636364,4.0,1
1,0,7,0,0,8,393,0.142857143,0.857142857,1,0.0,0.0,0.0,5.2,1
1,0,13,0,0,4,-2,1.0,0.0,0,0.0,0.0,0.0,4.0,1
1,0,22,0,0,7,2232,0.590909091,0.409090909,3,100.0,0.0,0.0,4.714285714,1
1,0,36,6985854,0,6,205,0.388888889,0.611111111,0,0.0,0.043478261,0.0,2.4,1
1,0,9,0,0,5,1880,1.0,0.0,0,0.0,0.0,0.0,4.0,1
0,4,37,3369493,0,0,5904,0.918918919,0.081081081,0,25.0,0.068965517,0.0,0.0,0
1,0,103,0,1,18,6831,0.932038835,0.067961165,0,0.0,0.054545455,0.285714286,18.0,1
0,6,288,683,1,12,6260,0.902777778,0.097222222,0,53.33333333,0.0,0.0,12.0,0
0,4,129,1120148,1,0,-1,0.80620155,0.19379845,0,34.375,0.0,0.32,0.0,0
1,0,15,0,0,64,-1,0.933333333,0.066666667,5,85.71428571,0.398268398,1.0,14.38461538,1
1,0,4,0,1,4,-1,1.0,0.0,0,100.0,0.0,0.0,4.0,1
0,4,72,581257,1,0,6749,0.8611111109999999,0.138888889,0,25.0,0.0,0.2,0.0,0
0,3,7,0,1,0,-1,0.571428571,0.428571429,0,40.0,0.0,0.666666667,0.0,0
0,6,101,0,1,8,7913,0.861386139,0.138613861,0,41.66666667,0.120689655,0.0,5.8,0
0,5,81,1726750,0,0,7296,0.444444444,0.5555555560000001,0,30.0,0.0,0.0,0.0,0
0,5,316,286071,1,0,2568,0.946202532,0.053797468,0,87.87878788,0.0,0.058823529,0.0,0
1,0,107,0,0,10,1302,0.7570093459999999,0.242990654,0,48.14814815,0.022988506,1.0,6.444444444,1
1,7,47,0,0,0,5230,0.978723404,0.021276596,0,0.0,0.0,0.0,0.0,0
1,6,3,4922,0,13,5956,1.0,0.0,0,0.0,0.060150376,0.0,5.529411765,0
0,4,64,353666,1,0,-1,0.796875,0.203125,0,0.0,0.0,0.0,0.0,0
1,1,89,0,0,5,6478,0.8426966290000001,0.157303371,0,21.42857143,0.0,0.642857143,3.333333333,1
0,1,12,785858,0,5,990,0.833333333,0.166666667,1,100.0,0.0,0.0,5.0,1
1,5,14,0,0,0,7295,0.071428571,0.928571429,0,14.28571429,0.0,0.230769231,0.0,1
0,4,138,1371632,1,0,4893,0.971014493,0.028985507,0,100.0,0.0,0.0,0.0,0
0,6,271,184,1,8,5886,0.933579336,0.066420664,0,92.85714286,0.0,0.055555556,4.0,0
0,5,36,15139,1,0,7753,0.8611111109999999,0.138888889,0,0.0,0.115384615,0.8,0.0,0
1,1,9,0,0,8,4250,1.0,0.0,0,0.0,0.021505376,0.0,4.818181818,1
0,6,99,3016,0,8,12706,1.0,0.0,0,100.0,0.0,0.0,8.0,0
1,0,4,0,0,0,7308,1.0,0.0,0,0.0,0.0,0.0,0.0,1
0,4,78,156610,1,7,2190,0.384615385,0.615384615,0,64.0625,0.0,0.3125,4.5,0
1,5,19,0,0,6,5613,0.6315789470000001,0.368421053,0,100.0,0.1607142859999999,0.0,5.0,1
1,5,0,0,0,0,5614,0.0,0.0,0,0.0,0.107142857,0.0,0.0,1
0,5,16,625153,1,6,4478,0.25,0.75,0,22.22222222,0.0,0.333333333,4.75,0
1,3,185,0,0,9,3141,0.8810810809999999,0.118918919,0,26.08695652,0.06,0.681818182,5.75,1
0,5,3,54169,1,11,7696,0.666666667,0.333333333,0,0.0,0.085714286,2.0,6.666666667,0
0,4,21,4254948,1,9,-1,0.19047619,0.80952381,0,0.0,0.048780488,0.176470588,4.25,0
0,5,101,1156,1,14,5615,0.722772277,0.277227723,0,90.90909091,0.094594595,0.0,7.333333333,0
0,3,152,5075341,1,0,8018,0.960526316,0.039473684,0,37.5,0.0,0.0,0.0,0
0,4,159,56400,1,10,4093,0.855345912,0.144654088,0,45.16129032,0.052631579,0.826086957,5.214285714,0
1,2,85,641733,0,8,-1,1.0,0.0,3,0.0,0.0,0.0,4.333333333,1
0,2,21,7358750,1,0,-1,0.19047619,0.80952381,0,22.22222222,0.0,0.470588235,0.0,0
0,8,61,183,1,7,9897,0.590163934,0.409836066,0,82.05128205,0.0,0.0,5.333333333,0
0,2,107,7246656,0,0,1352,0.7476635509999999,0.252336449,0,17.24137931,0.0,0.111111111,0.0,0
0,5,1,75756,1,0,-1,0.0,1.0,0,0.0,0.0,0.0,0.0,0
1,3,92,1316122,1,8,-1,0.217391304,0.7826086959999999,0,75.0,0.0,0.013888889,8.0,0
1,4,84,0,0,0,2706,0.952380952,0.047619048,0,100.0,0.029411765,0.0,0.0,1
1,0,0,0,1,5,3934,0.0,0.0,0,0.0,0.0,0.0,4.333333333,1
0,6,142,4058,1,11,7596,0.690140845,0.309859155,1,15.78947368,0.0,0.227272727,5.5,0
1,0,86,0,0,6,3429,0.755813953,0.244186047,0,4.545454545,0.0,0.142857143,6.0,1
1,4,7,0,0,46,8018,0.0,1.0,0,0.0,0.090909091,0.0,7.615384615,1
0,3,277,270265,1,0,3345,0.306859206,0.6931407940000001,0,61.9047619,0.0,0.145833333,0.0,0
0,2,31,0,1,11,-1,0.903225806,0.096774194,0,0.0,0.0,0.0,7.333333333,0
0,0,46,0,1,0,3047,0.217391304,0.7826086959999999,0,0.0,0.0,0.166666667,0.0,0
0,3,0,3205318,0,0,1549,0.0,0.0,0,0.0,0.0,0.0,0.0,0
0,0,64,0,1,0,1626,0.640625,0.359375,0,9.090909091,0.0,0.173913043,0.0,0
1,0,25,0,0,16,-1,0.16,0.84,1,30.76923077,0.147540984,0.428571429,5.0,1
1,4,17,2421611,1,3,4748,0.529411765,0.470588235,0,33.33333333,0.0,0.375,3.0,1
1,0,6,0,0,6,-1,0.5,0.5,0,0.0,0.0,0.0,4.4,1
0,0,25,0,1,0,-1,1.0,0.0,0,100.0,0.0,0.0,0.0,0
0,5,1,10819,1,7,5098,1.0,0.0,0,0.0,0.0,0.0,5.0,0
0,2,173,3345571,1,12,3167,0.421965318,0.5780346820000001,0,52.52525253,0.09375,0.21,5.333333333,0
1,3,216,0,1,64,4096,0.305555556,0.694444444,3,19.31818182,0.3099631,0.04,12.55555556,1
1,0,12,0,0,13,118,0.333333333,0.666666667,2,0.0,0.0,1.0,7.0,1
0,4,226,19148,0,7,7785,0.96460177,0.03539823,0,72.72727273,0.0875,0.625,4.333333333,0
1,0,10,0,0,8,219,1.0,0.0,0,0.0,0.0,0.0,5.2,1
1,4,11,0,0,43,8018,0.272727273,0.727272727,0,0.0,0.209219858,0.0,9.52173913,1
1,4,7,0,0,34,8018,0.0,1.0,0,0.0,0.041666667,0.0,7.818181817999999,1
1,0,18,0,0,8,1244,0.833333333,0.166666667,0,0.0,0.076923077,0.0,5.25,1
0,5,152,184970,1,0,7555,0.953947368,0.046052632,0,71.42857143,0.0,0.285714286,0.0,0
0,6,62,2595,1,8,8045,0.870967742,0.129032258,0,62.5,0.0,0.0,4.5,0
1,0,1,4219048,0,7,1408,1.0,0.0,0,0.0,0.216666667,0.0,3.25,0
0,8,193,136,1,14,5222,0.70984456,0.29015544,0,37.70491803,0.022988506,0.1607142859999999,9.166666667,0
1,0,151,0,2,5,155,0.993377483,0.006622517,0,100.0,0.114285714,0.0,4.0,1
1,0,0,0,1,38,4701,0.0,0.0,1,0.0,0.245098039,0.0,9.0,1
0,4,57,204574,1,26,7534,0.578947368,0.421052632,0,33.33333333,0.142857143,0.083333333,14.5,0
1,2,0,0,0,0,2837,0.0,0.0,0,0.0,0.0,0.0,0.0,1
0,4,70,148721,1,0,7714,0.928571429,0.071428571,0,80.0,0.0,0.2,0.0,0
0,5,0,21,0,16,9338,0.0,0.0,1,0.0,0.31512605,0.0,6.310344828,1
0,0,79,0,0,11,-1,0.949367089,0.050632911,0,66.66666667,0.277777778,0.75,4.0,1
0,3,50,225794,1,0,6636,0.9,0.1,0,0.0,0.0,0.0,0.0,0
1,0,36,0,1,21,-1,0.972222222,0.027777778,0,50.0,0.170454545,0.0,5.230769231,1
1,1,103,1760637,0,0,7062,0.932038835,0.067961165,0,0.0,0.0,0.285714286,0.0,1
1,0,0,0,1,2,-1,0.0,0.0,0,0.0,0.0,0.0,2.0,1
1,10,25,1,0,34,8346,0.44,0.56,0,0.0,0.108910891,0.0,12.0,1
0,2,206,4639934,0,0,-1,0.878640777,0.121359223,0,66.66666667,0.0,0.16,0.0,0
0,1,8,0,1,3,7006,1.0,0.0,0,0.0,0.0,0.0,3.0,1
1,10,1,1,0,4,8349,0.0,1.0,0,0.0,0.035714286,0.0,4.0,0
0,2,34,0,0,7,2357,1.0,0.0,2,100.0,0.027777778,0.0,4.0,1
0,5,80,97473,1,16,7371,0.9,0.1,0,66.66666667,0.0,0.125,7.0,0
1,3,178,0,1,8,5589,0.994382022,0.005617978,1,66.66666667,0.151515152,0.0,5.571428571,1
1,6,10,957082,0,5,968,0.1,0.9,0,0.0,0.037037037,0.0,5.0,1
0,0,76,0,0,3,-1,0.934210526,0.065789474,0,28.57142857,0.476190476,1.0,2.5,1
0,6,139,12752,1,10,7380,0.690647482,0.309352518,0,20.51282051,0.056910569,0.465116279,4.705882353,0
1,5,25,4971141,1,10,6723,1.0,0.0,0,0.0,0.0,0.0,6.333333333,0
0,4,99,20776,1,8,5280,0.919191919,0.0808080809999999,0,33.33333333,0.033898305,0.125,5.0,0
1,4,56,0,0,3,-1,0.0,1.0,0,0.0,0.066666667,0.017857143,3.0,1
0,3,71,2401049,1,0,8704,0.830985915,0.169014085,0,25.0,0.0,0.0,0.0,0
1,5,18,0,0,8,5612,0.944444444,0.055555556,0,100.0,0.109756098,0.0,4.428571429,1
0,5,101,3181,0,10,6216,0.861386139,0.138613861,0,17.64705882,0.0,0.071428571,6.571428571,0
1,3,265,0,1,5,6672,0.8415094340000001,0.158490566,1,8.333333332999999,0.078947368,0.285714286,3.25,1
1,7,377,1103,1,11,7266,0.968169761,0.031830239,0,55.55555556,0.0,0.5,8.5,0
0,3,97,141041,1,4,4805,0.773195876,0.226804124,0,68.75,0.0,0.227272727,4.0,0
1,5,11,0,0,8,7296,0.0,1.0,0,0.0,0.0,0.0,8.0,1
0,2,24,1803451,1,7,3081,0.958333333,0.041666667,0,100.0,0.045454545,0.0,4.25,0
0,3,48,3571542,1,0,2101,0.375,0.625,0,42.85714286,0.0,0.066666667,0.0,0
0,2,35,0,0,0,903,0.857142857,0.142857143,0,71.42857143,0.0,0.0,0.0,0
0,1,14,1523869,1,0,2063,0.142857143,0.857142857,0,20.0,0.0,0.0,0.0,0
1,0,51,5697976,1,17,3992,1.0,0.0,0,100.0,0.15503876,0.0,8.142857142999999,1
1,2,23,0,0,0,808,1.0,0.0,0,100.0,0.119047619,0.0,0.0,1
1,5,206,6923,1,10,6673,0.59223301,0.40776699,0,11.53846154,0.038461538,0.0,7.666666667,0
0,1,12,1306556,1,0,1846,0.5,0.5,0,0.0,0.037037037,0.333333333,0.0,0
0,3,291,2320,0,6,7159,0.951890034,0.048109966,0,85.91549296,0.139534884,0.7142857140000001,4.5,0
0,5,174,283040,0,0,7297,0.103448276,0.896551724,0,21.8487395,0.0,0.538461538,0.0,0
1,5,0,90170,1,10,7969,0.0,0.0,1,0.0,0.041237113,0.0,6.555555556,0
0,2,11,5403,0,0,2634,0.0,1.0,0,0.0,0.0,0.0,0.0,1
0,1,156,9329560,1,0,1617,0.083333333,0.916666667,0,23.21428571,0.0,0.629370629,0.0,0
1,0,45,0,0,4,674,0.444444444,0.5555555560000001,0,0.0,0.0,0.56,3.5,1
0,5,197,65933,1,10,8683,0.8477157359999999,0.152284264,0,55.55555556,0.0,0.033333333,7.75,0
1,0,4,5816617,0,17,4003,1.0,0.0,0,100.0,0.188976378,0.0,7.375,1
1,1,12,1052987,0,0,7359,0.0,1.0,0,0.0,0.068965517,0.583333333,0.0,1
1,5,2,31358,1,8,4001,0.0,1.0,0,0.0,0.0,1.0,8.0,1
0,5,174,2659943,1,6,6344,0.965517241,0.034482759,1,73.91304348,0.083333333,1.0,4.333333333,0
0,2,235,1524695,1,0,4180,0.94893617,0.05106383,0,84.61538462,0.0,0.25,0.0,0
0,6,130,684,1,7,9202,0.784615385,0.215384615,0,19.35483871,0.0,0.357142857,6.5,0
1,5,21,0,0,7,5616,0.19047619,0.80952381,0,25.0,0.016393443,0.176470588,5.0,1
0,4,139,0,1,7,3727,0.28057554,0.71942446,0,2.127659574,0.0,0.09,4.5,0
0,6,102,400,0,8,9486,0.862745098,0.1372549019999999,0,53.84615385,0.0,0.428571429,5.5,0
1,1,6,0,0,231,4967,0.666666667,0.333333333,0,0.0,0.11969112,0.0,118.5,1
1,0,48,0,1,9,2736,0.708333333,0.291666667,0,100.0,0.0,0.0,6.0,1
0,3,37,361430,1,0,1259,0.864864865,0.135135135,0,0.0,0.0,0.0,0.0,0
1,0,30,0,0,7,-1,1.0,0.0,0,100.0,0.0,0.0,5.25,1
0,4,65,1407776,0,9,2230,0.7076923079999999,0.292307692,0,80.95238095,0.0,0.684210526,5.0,0
0,6,96,684,1,9,9201,0.864583333,0.135416667,0,33.33333333,0.0,0.0,7.0,0
0,5,373,33537,1,0,-1,0.983914209,0.016085791,0,98.55072464,0.0,0.0,0.0,0
0,5,96,1686483,1,10,-1,0.96875,0.03125,0,78.57142857,0.0,1.0,7.0,0
1,4,26,0,0,46,8019,0.115384615,0.884615385,2,0.0,0.095238095,0.0,10.0,1
0,0,81,0,0,47,14,0.456790123,0.543209877,1,0.0,0.064220183,0.977272727,10.42857143,1
0,2,3,0,1,0,4274,1.0,0.0,0,0.0,0.0,0.0,0.0,0
1,5,76,134401,0,11,-1,0.486842105,0.513157895,1,5.0,0.208333333,0.128205128,11.0,1
1,2,80,0,1,5,852,0.4625,0.5375,0,37.5,0.0,0.0,5.0,1
1,7,17,286,1,11,7422,0.0,1.0,0,0.0,0.0,0.0,5.2380952380000005,0
1,0,51,5707171,1,17,3993,1.0,0.0,0,100.0,0.177419355,0.0,7.375,1
1,2,17,0,1,12,6951,0.470588235,0.529411765,0,0.0,0.114285714,0.0,12.0,1
1,0,51,5707171,0,17,3993,1.0,0.0,0,100.0,0.19047619,0.0,7.375,1
1,2,77,0,0,4,5440,0.103896104,0.896103896,0,5.128205128,0.1372549019999999,0.304347826,3.0,0
1,0,51,2576752,0,32,1656,0.588235294,0.411764706,0,100.0,0.373015873,0.095238095,8.666666667000001,1
0,6,201,689,1,16,6256,0.860696517,0.139303483,0,53.33333333,0.0,0.0,16.0,0
0,4,51,136805,1,11,2879,0.5490196079999999,0.450980392,0,62.5,0.0,0.0,9.0,0
0,10,127,8,1,6,8520,0.354330709,0.645669291,0,100.0,0.0,0.0,6.0,0
0,6,66,2695,1,7,8831,0.848484848,0.151515152,0,20.0,0.0,0.0,4.75,0
0,8,135,0,0,0,7449,0.459259259,0.540740741,0,26.08695652,0.0,0.397260274,0.0,0
1,4,79,65403,0,7,3232,0.7468354429999999,0.253164557,0,100.0,0.089285714,0.1,5.666666667,0
1,5,208,6935,1,10,6672,0.596153846,0.403846154,0,11.53846154,0.037037037,0.0,8.333333332999999,0
1,0,51,5707171,0,15,3993,1.0,0.0,0,100.0,0.118421053,0.0,8.5,1
0,2,18,4019018,1,0,1991,0.666666667,0.333333333,0,62.5,0.0,0.666666667,0.0,0
1,10,1,1,0,20,8348,0.0,1.0,0,0.0,0.057142857,0.0,6.666666667,1
0,0,34,0,0,3,-1,0.970588235,0.029411765,0,50.0,0.5,0.0,2.75,1
0,7,17,0,0,0,5230,0.470588235,0.529411765,0,0.0,0.0,0.111111111,0.0,0
0,6,247,181,1,10,5883,0.8866396759999999,0.113360324,0,84.92063492,0.0,0.035714286,5.2,0
1,3,74,0,1,10,4097,0.445945946,0.554054054,1,17.39130435,0.00952381,0.073170732,6.090909091,1
0,5,1,10053,0,7,7685,1.0,0.0,0,0.0,0.203125,0.0,6.4,0
0,4,529,500444,1,0,3097,0.952741021,0.047258979,0,50.0,0.0,0.08,0.0,0
0,6,50,2112,1,8,7403,1.0,0.0,0,100.0,0.0,0.0,6.333333333,0
1,0,37,2580873,0,32,1658,0.0,1.0,0,0.0,0.30952381,0.027027027,8.666666667000001,1
0,8,71,0,0,0,7448,0.295774648,0.704225352,0,78.04878049,0.0,0.16,0.0,0
0,6,144,1299,1,7,9247,0.986111111,0.013888889,0,0.0,0.0,0.5,3.666666667,0
0,0,228,0,0,0,1617,0.745614035,0.254385965,0,84.61538462,0.0,0.379310345,0.0,0
0,4,0,253010,1,12,2595,0.0,0.0,0,0.0,0.159090909,0.0,7.0,0
0,4,0,974180,1,8,8705,0.0,0.0,1,0.0,0.0,0.0,5.833333333,0
1,1,41,0,0,16,6028,0.780487805,0.219512195,0,50.0,0.027777778,0.111111111,5.5,1
1,5,141,6897,1,5,8125,0.85106383,0.14893617,1,12.5,0.0,0.19047619,4.333333333,0
0,5,169,0,0,0,5200,0.875739645,0.124260355,0,84.0,0.068965517,0.285714286,0.0,0
0,7,269,3855,0,24,6693,0.6022304829999999,0.397769517,0,0.0,0.211267606,0.074766355,8.2,0
0,5,102,2384422,0,0,7299,0.362745098,0.637254902,0,10.0,0.03125,0.123076923,0.0,0
1,0,0,0,0,32,4942,0.0,0.0,0,0.0,0.389830508,0.0,32.0,1
1,2,1,30484,0,12,5257,1.0,0.0,1,0.0,0.0,0.0,9.0,1
0,0,14,0,1,0,1341,0.5,0.5,0,78.94736842,0.0,0.0,0.0,0
1,2,0,0,0,5,6036,0.0,0.0,1,0.0,0.0,0.0,5.0,1
0,4,84,1903447,1,0,3876,0.357142857,0.642857143,0,24.61538462,0.0,0.12962963,0.0,0
1,2,54,4970516,0,14,134,0.87037037,0.12962963,0,100.0,0.156521739,0.0,5.4,0
1,3,0,4403,0,10,1954,0.0,0.0,0,0.0,0.151515152,0.0,10.0,1
0,6,75,1309,1,14,8350,0.533333333,0.466666667,1,26.66666667,0.067567568,0.057142857,6.833333333,0
1,2,30,0,0,32,5767,0.966666667,0.033333333,0,100.0,0.181818182,0.0,14.66666667,1
0,3,184,0,0,0,4174,0.967391304,0.032608696,0,77.77777778,0.0,0.5,0.0,0
0,5,154,436856,1,9,7881,0.987012987,0.012987013,0,85.71428571,0.048387097,0.5,7.25,0
1,5,9,92162,1,9,6400,0.5555555560000001,0.444444444,0,100.0,0.0,0.75,6.75,0
1,5,0,0,0,0,5627,0.0,0.0,0,0.0,0.169811321,0.0,0.0,1
0,5,164,8580,0,4,6879,0.8353658540000001,0.164634146,0,80.15267176,0.0,0.0,4.0,0
1,2,0,0,1,6,8427,0.0,0.0,1,0.0,0.047619048,0.0,5.0,1
1,0,17,0,0,7,1396,0.647058824,0.352941176,3,0.0,0.0,0.0,5.0,1
1,4,12,30,0,64,6588,0.333333333,0.666666667,1,0.0,0.358695652,0.0,7.35483871,0
0,8,120,1103,1,9,10106,0.7333333329999999,0.266666667,0,36.36363636,0.054545455,0.25,4.176470588,0
1,0,88,0,0,32,2046,0.897727273,0.102272727,3,85.71428571,0.156862745,0.5555555560000001,9.0,1
0,3,157,458809,1,0,2447,0.955414013,0.044585987,0,73.07692308,0.0,0.7142857140000001,0.0,0
1,8,0,383,0,12,7446,0.0,0.0,0,0.0,0.101010101,0.0,4.545454545,0
0,5,160,19025,1,0,9557,0.5375,0.4625,0,66.66666667,0.0,0.108108108,0.0,0
0,4,51,817468,0,3,3895,0.960784314,0.039215686,0,0.0,0.088235294,0.0,2.5,0
0,5,115,46690,1,12,2660,0.686956522,0.313043478,0,60.0,0.067961165,0.333333333,5.5,0
1,2,0,9280076,0,10,3783,0.0,0.0,0,0.0,0.133333333,0.0,6.0,1
0,5,14,0,0,0,7295,0.071428571,0.928571429,0,14.28571429,0.032258065,0.846153846,0.0,1
0,4,321,57991,1,0,2175,0.99376947,0.00623053,0,100.0,0.0,0.0,0.0,0
1,0,11,0,0,8,-1,1.0,0.0,2,100.0,0.092105263,0.0,4.285714286,1
1,0,21,0,1,10,-1,0.428571429,0.571428571,3,33.33333333,0.040712468,0.0,3.934210526,1
0,2,32,877707,0,11,2851,0.8125,0.1875,0,16.66666667,0.0,0.333333333,9.5,1
0,2,112,354815,0,0,3433,1.0,0.0,0,100.0,0.0,0.0,0.0,1
1,4,4,7751,0,64,4112,0.25,0.75,0,0.0,0.202933985,1.0,16.13636364,1
1,1,0,277981,0,0,2961,0.0,0.0,1,0.0,0.144736842,0.0,0.0,1
0,4,13,1618926,0,0,2695,1.0,0.0,0,0.0,0.0,0.0,0.0,0
0,5,56,98267,1,9,8501,0.892857143,0.107142857,1,0.0,0.0,0.166666667,4.4,0
1,5,0,122136,0,8,-1,0.0,0.0,0,0.0,0.125,0.0,4.0,0
0,3,54,239843,1,0,2872,0.703703704,0.296296296,0,69.23076923,0.0,0.1875,0.0,0
1,0,12,6418275,0,0,7446,0.0,1.0,0,0.0,0.0,0.583333333,0.0,1
0,7,201,433,0,9,7655,0.970149254,0.029850746,0,44.44444444,0.0,0.666666667,9.0,0
1,0,45,0,0,15,101,1.0,0.0,2,0.0,0.140495868,0.0,6.857142857,1
1,7,53,2624,1,12,-1,0.867924528,0.132075472,0,100.0,0.0,0.0,6.833333333,0
0,4,51,2505693,1,0,2689,0.843137255,0.156862745,0,20.0,0.0,0.0,0.0,0
1,3,20,1592351,0,0,2063,0.45,0.55,0,60.0,0.16,0.181818182,0.0,0
1,0,56,0,0,7,2193,0.660714286,0.339285714,2,9.523809524,0.0,0.052631579,4.75,1
1,3,13,0,1,9,2255,1.0,0.0,6,100.0,0.0,0.0,6.222222222,1
0,5,98,2190,0,10,7616,0.632653061,0.367346939,0,86.04651163,0.0,0.055555556,6.666666667,0
0,5,148,0,0,0,7296,0.243243243,0.756756757,0,36.11111111,0.0,0.428571429,0.0,0
0,2,95,0,1,0,4638,0.957894737,0.042105263,0,62.5,0.0,0.5,0.0,0
1,6,222,6078,1,8,8276,0.774774775,0.225225225,0,13.88888889,0.098591549,0.26,5.857142857,0
1,5,5,0,0,0,7296,0.0,1.0,0,0.0,0.0,0.0,0.0,1
0,5,78,28754,1,11,6137,0.7820512820000001,0.217948718,0,50.0,0.0,0.058823529,6.0,0
0,8,112,0,0,0,7447,0.5625,0.4375,0,50.0,0.0,0.0,0.0,0
1,0,0,0,0,0,-1,0.0,0.0,1,0.0,0.0,0.0,0.0,1
0,5,75,37698,1,11,-1,0.5066666670000001,0.493333333,0,66.66666667,0.027777778,0.027027027,7.0,0
0,3,48,1715671,1,0,7667,0.625,0.375,0,73.33333333,0.0,0.111111111,0.0,0
1,5,5,0,0,0,7296,0.0,1.0,0,0.0,0.242424242,0.0,0.0,1
1,0,30,0,0,0,-1,0.7,0.3,0,0.0,0.0,0.444444444,0.0,1
1,1,47,77586,0,0,-1,0.0,1.0,1,0.0,0.0,0.0,0.0,1
0,2,231,4130164,1,0,1951,0.939393939,0.060606061,0,55.55555556,0.0,0.0,0.0,0
1,4,28,5754,0,7,2881,1.0,0.0,0,0.0,0.034482759,0.0,7.0,1
0,2,29,352628,1,0,1776,0.5862068970000001,0.413793103,0,50.0,0.0,0.083333333,0.0,0
0,4,0,7066606,0,9,33,0.0,0.0,0,0.0,0.029850746,0.0,4.444444444,0
0,4,56,942542,1,0,4724,0.553571429,0.446428571,0,80.0,0.0,0.0,0.0,0
1,3,0,0,1,12,502,0.0,0.0,3,0.0,0.047169811,0.0,5.416666667,1
0,3,148,0,0,13,5304,0.054054054,0.945945946,0,0.729927007,0.028571429,0.385714286,5.166666667,0
1,0,0,0,0,31,23,0.0,0.0,2,0.0,0.122699387,0.0,9.615384615,1
0,8,101,7720996,0,0,7449,0.6435643560000001,0.356435644,0,40.0,0.0,0.027777778,0.0,0
0,0,29,3101079,0,15,-1,0.551724138,0.448275862,2,0.0,0.0,0.0,6.625,1
1,1,18,0,1,5,2767,0.833333333,0.166666667,1,0.0,0.0,0.0,3.666666667,1
1,0,0,0,0,13,-1,0.0,0.0,0,0.0,0.0,0.0,10.0,1
0,5,106,2414,1,13,12794,0.735849057,0.264150943,0,20.0,0.0,0.428571429,8.0,0
0,1,293,1436826,1,0,-1,0.993174061,0.006825939,0,50.0,0.0,0.0,0.0,0
0,7,28,4539,0,9,8121,0.964285714,0.035714286,0,100.0,0.0,0.0,4.75,0
0,5,408,477177,1,0,4054,0.009803922,0.990196078,0,0.0,0.0,0.002475248,0.0,0
0,4,138,501073,1,0,-1,0.637681159,0.362318841,0,45.0,0.0,0.08,0.0,0
1,9,11,3523,0,7,-1,0.272727273,0.727272727,0,0.0,0.1363636359999999,0.0,7.0,1
0,7,118,617,1,13,9172,0.813559322,0.186440678,0,63.63636364,0.0,0.090909091,8.25,0
1,4,72,1220306,1,9,6560,0.902777778,0.097222222,0,20.0,0.0,0.0,7.2,0
1,2,30,0,1,32,5767,0.966666667,0.033333333,0,100.0,0.296296296,0.0,14.66666667,1
1,2,5,0,0,64,4873,0.6,0.4,1,0.0,0.333333333,0.0,16.36363636,1
1,10,10,1,0,33,8348,0.0,1.0,1,0.0,0.084337349,0.0,8.666666667000001,1
0,4,96,528300,1,0,4660,0.708333333,0.291666667,0,40.0,0.0,0.107142857,0.0,0
0,1,105,1195221,1,0,7143,0.961904762,0.038095238,0,55.55555556,0.0,0.5,0.0,0
1,2,153,6064147,0,3,1433,0.8300653590000001,0.169934641,1,21.42857143,0.078947368,0.346153846,2.666666667,1
0,2,2,4044493,1,10,7409,0.5,0.5,1,0.0,0.0,2.0,4.5,1
1,0,0,0,0,13,1304,0.0,0.0,0,0.0,0.14084507,0.0,8.666666667000001,1
0,10,25,63,0,3,7490,0.52,0.48,0,0.0,0.043478261,0.0,3.0,0
1,0,4,0,0,7,-1,1.0,0.0,2,100.0,0.0,0.0,6.5,1
0,3,65,3078052,1,0,2070,0.846153846,0.153846154,0,18.18181818,0.0,0.3,0.0,0
1,4,2,0,0,0,4386,0.0,1.0,0,0.0,0.0,0.0,0.0,1
0,5,73,13779,0,7,2247,0.835616438,0.1643835619999999,0,9.090909091,0.0,0.666666667,6.0,0
0,0,38,0,0,0,625,1.0,0.0,0,0.0,0.0,0.0,0.0,1
1,5,29,0,1,0,7298,0.137931034,0.8620689659999999,0,22.22222222,0.0,0.08,0.0,1
1,0,4,5828815,0,17,4004,1.0,0.0,0,100.0,0.1640625,0.0,7.375,1
0,4,66,431469,1,11,8685,0.984848485,0.015151515,0,50.0,0.0,0.0,5.4,0
0,3,10,319620,1,15,3040,0.5,0.5,0,66.66666667,0.0,0.0,9.0,0
1,0,0,0,0,53,-1,0.0,0.0,0,0.0,0.199170124,0.0,17.55555556,1
0,6,96,684,1,11,9201,0.864583333,0.135416667,0,33.33333333,0.0,0.0,8.5,0
0,2,65,0,0,0,1001,0.876923077,0.123076923,0,12.5,0.0,0.5,0.0,0
1,0,0,0,0,6,304,0.0,0.0,0,0.0,0.0,0.0,4.666666667,1
0,7,1039,195,1,8,7431,0.996150144,0.003849856,0,100.0,0.02173913,0.0,4.25,0
1,5,1,97555,0,5,5504,1.0,0.0,1,0.0,0.0,0.0,4.25,1
0,1,62,0,1,0,2288,0.935483871,0.064516129,0,90.0,0.0,0.5,0.0,0
0,8,61,0,0,1,5159,0.7540983609999999,0.245901639,0,75.0,0.0,0.0,1.0,0
0,6,388,8734,1,9,2911,0.989690722,0.010309278,0,97.36842105,0.0,0.25,6.25,0
0,4,93,541226,1,0,7461,0.913978495,0.086021505,0,33.33333333,0.0,0.0,0.0,0
0,2,4,239553,1,0,3098,0.25,0.75,0,0.0,0.0,1.0,0.0,0
1,0,4,0,0,6,289,1.0,0.0,0,100.0,0.0,0.0,5.0,1
1,0,23,0,0,9,36,0.173913043,0.826086957,0,60.0,0.0,0.105263158,4.0,1
0,4,30,492072,0,6,2899,0.3666666670000001,0.6333333329999999,0,50.0,0.0,0.0,5.0,0
1,2,0,0,0,0,561,0.0,0.0,0,0.0,0.0,0.0,0.0,1
1,2,30,0,0,32,5767,0.966666667,0.033333333,0,100.0,0.298701299,0.0,14.66666667,1
1,2,0,0,0,13,2361,0.0,0.0,0,0.0,0.175438596,0.0,8.666666667000001,1
1,5,22,5518403,0,7,5615,0.181818182,0.818181818,3,25.0,0.050847458,0.166666667,4.5,1
1,0,123,0,0,32,2048,0.073170732,0.926829268,3,16.66666667,0.225490196,0.00877193,9.0,1
1,2,46,0,0,7,2136,0.5,0.5,0,26.31578947,0.076923077,0.695652174,5.0,1
0,0,26,0,1,2,-1,0.7307692309999999,0.269230769,0,100.0,0.0,0.0,2.0,0
0,0,98,0,1,0,142,0.979591837,0.020408163,0,0.0,0.0,0.0,0.0,1
1,5,14,0,0,0,7295,0.071428571,0.928571429,0,14.28571429,0.1,0.230769231,0.0,1
0,5,65,5881,1,12,4843,0.6,0.4,0,17.64705882,0.0,0.153846154,5.9,0
0,2,97,0,0,0,-1,0.958762887,0.041237113,0,81.81818182,0.0,0.0,0.0,0
1,5,18,0,0,0,5614,0.5555555560000001,0.444444444,0,25.0,0.1363636359999999,0.375,0.0,1
1,0,0,0,0,7,-1,0.0,0.0,0,0.0,0.0,0.0,7.0,1
0,6,63,545,0,12,11046,0.761904762,0.238095238,0,27.77777778,0.055555556,0.333333333,7.571428571,0
1,2,55,0,0,6,3245,0.872727273,0.127272727,0,25.0,0.0,0.0,4.5,1
1,0,0,0,0,7,-1,0.0,0.0,2,0.0,0.194444444,0.0,4.666666667,1
0,7,1171,12,0,7,7132,0.941076003,0.058923997,0,73.15175097,0.0,0.7536231879999999,5.5,0
0,5,257,317,1,7,9188,0.73151751,0.26848249,0,1.470588235,0.0,0.0,6.5,0
1,3,5,0,0,0,-1,1.0,0.0,0,0.0,0.0,0.0,0.0,1
1,0,66,0,1,7,-1,0.272727273,0.727272727,0,5.8823529410000015,0.0,0.020833333,5.333333333,1
1,0,25,0,0,7,-2,0.96,0.04,4,100.0,0.0,0.0,4.555555556,1
0,3,112,968021,1,0,-1,0.544642857,0.455357143,0,33.33333333,0.0,0.058823529,0.0,0
0,4,37,189942,1,10,2686,0.837837838,0.162162162,0,100.0,0.0,0.0,6.666666667,0
1,2,0,2620554,0,10,-1,0.0,0.0,1,0.0,0.032608696,0.0,5.8,1
1,5,14,0,0,0,7295,0.071428571,0.928571429,0,14.28571429,0.032258065,0.846153846,0.0,1
0,2,1,0,0,0,-1,1.0,0.0,0,0.0,0.0,0.0,0.0,0
1,1,103,481145,1,0,7189,0.932038835,0.067961165,0,0.0,0.0,0.285714286,0.0,1
0,4,11,138987,1,0,3071,0.545454545,0.454545455,0,0.0,0.0,1.0,0.0,0
1,0,0,0,1,32,5850,0.0,0.0,0,0.0,0.263157895,0.0,12.25,1
0,5,136,6098,0,9,5411,0.963235294,0.036764706,0,66.66666667,0.0,0.2,8.5,0
1,2,203,4669,0,5,1546,0.133004926,0.8669950740000001,1,6.666666667,0.058823529,0.034090909,4.5,1
0,4,77,575464,1,8,-1,0.7792207790000001,0.220779221,0,0.0,0.0,0.0,4.428571429,0
0,2,92,0,1,0,2026,0.576086957,0.423913043,0,76.92307692,0.0,0.0,0.0,0
1,0,22,0,0,32,5,1.0,0.0,0,100.0,0.1755725189999999,0.0,10.11111111,1
1,1,12,0,0,9,1256,0.916666667,0.083333333,2,100.0,0.0,0.0,4.75,1
1,4,40,0,1,11,5681,0.775,0.225,0,70.58823529,0.215686275,0.5555555560000001,9.5,1
1,3,142,7716858,1,8,7795,0.8732394370000001,0.126760563,0,18.18181818,0.066666667,0.222222222,5.666666667,1
0,5,47,90969,1,10,6891,0.936170213,0.063829787,0,33.33333333,0.0,0.666666667,7.4,0
0,4,45,3161182,0,0,-1,0.4,0.6,0,33.33333333,0.0,0.0,0.0,0
1,1,1,0,1,32,2414,0.0,1.0,0,0.0,0.184782609,1.0,7.75,1
1,2,103,1222496,0,0,7051,0.932038835,0.067961165,0,0.0,0.0,0.285714286,0.0,1
1,6,302,767,1,12,9227,0.910596026,0.089403974,0,30.76923077,0.092592593,0.148148148,5.8,0
0,7,121,1310,1,12,5132,0.58677686,0.41322314,0,76.74418605,0.014285714,0.12,5.428571429,0
1,6,6,36284,0,6,-1,0.5,0.5,0,0.0,0.055555556,0.0,6.0,1
1,0,51,5707171,0,17,3993,1.0,0.0,0,100.0,0.166666667,0.0,7.375,1
0,3,27,878731,1,0,6149,0.962962963,0.037037037,0,75.0,0.0,1.0,0.0,0
0,9,64,90,0,20,4672,0.375,0.625,0,100.0,0.240740741,0.2,14.5,0
0,5,273,1671,1,8,6133,0.95970696,0.04029304,0,23.07692308,0.0,0.727272727,4.428571429,0
0,2,102,0,1,0,5577,0.8235294120000001,0.176470588,0,26.66666667,0.0,0.444444444,0.0,0
1,1,16,45133,0,0,806,0.5,0.5,0,0.0,0.1363636359999999,0.0,0.0,1
1,4,65,235023,0,10,3578,1.0,0.0,0,0.0,0.08974359,0.0,6.857142857,0
1,0,0,0,0,20,2335,0.0,0.0,4,0.0,0.0,0.0,5.818181817999999,1
0,3,345,2272,0,7,7156,0.8956521740000001,0.104347826,0,64.83516484,0.159090909,0.7777777779999999,4.75,0
1,0,51,5707171,1,17,3993,1.0,0.0,0,100.0,0.193548387,0.0,7.375,1
0,7,427,12,0,4,7134,0.93911007,0.06088993,0,69.76744186,0.0,0.423076923,3.2,0
1,5,19,0,0,6,5613,0.6315789470000001,0.368421053,0,100.0,0.0625,0.0,5.0,1
1,9,82,3514,0,14,-1,0.085365854,0.914634146,0,41.66666667,0.0,0.0,14.0,1
0,5,105,10631,1,10,7522,0.752380952,0.247619048,0,60.0,0.0,0.038461538,6.5,0
0,5,225,1650,1,10,2939,0.96,0.04,0,80.0,0.0,0.0,7.5,0
1,5,18,0,0,0,5626,0.5555555560000001,0.444444444,0,25.0,0.294117647,0.625,0.0,1
0,3,129,83478,1,0,4372,0.581395349,0.418604651,0,80.0,0.0,0.055555556,0.0,0
0,0,0,0,1,0,1739,0.0,0.0,0,0.0,0.173913043,0.0,0.0,0
0,5,73,2188,0,10,7615,0.643835616,0.356164384,0,81.48148148,0.0,0.038461538,5.0,0
1,6,58,383,0,32,7828,0.0,1.0,0,0.0,0.148148148,0.0,16.5,1
1,0,21,0,1,10,-1,0.428571429,0.571428571,3,33.33333333,0.038265306,0.0,3.921052632,1
1,3,157,11543,0,7,-2,0.987261146,0.012738854,0,100.0,0.08974359,1.0,4.888888889,0
1,4,128,47859,1,8,4655,0.5,0.5,1,69.13580247,0.035087719,0.34375,5.2,0
1,5,21,0,0,0,5627,0.19047619,0.80952381,0,25.0,0.130434783,0.294117647,0.0,1
1,5,83,0,0,4,5612,0.469879518,0.5301204820000001,0,56.92307692,0.0,0.363636364,4.0,1
0,3,0,10587379,1,11,421,0.0,0.0,0,0.0,0.196078431,0.0,8.333333332999999,1
1,2,121,6366077,0,5,6499,0.67768595,0.32231405,0,77.77777778,0.056603774,0.0,4.2,1
1,2,4,0,0,5,-1,1.0,0.0,0,100.0,0.035087719,0.0,4.0,1
0,5,108,164944,1,0,5379,0.75,0.25,0,82.92682927,0.0,0.222222222,0.0,0
0,5,0,238599,0,7,-1,0.0,0.0,0,0.0,0.043478261,0.0,4.0,0
1,0,20,0,0,14,-1,1.0,0.0,0,100.0,0.552083333,0.0,4.7,1
0,4,99,39904,0,0,4597,0.717171717,0.282828283,0,40.0,0.0,0.035714286,0.0,0
1,0,32,0,0,0,-1,0.71875,0.28125,0,11.11111111,0.0,0.444444444,0.0,1
0,3,3,3198682,1,0,3897,0.666666667,0.333333333,0,66.66666667,0.0,0.0,0.0,0
0,4,224,3156171,1,0,5302,0.6964285709999999,0.303571429,0,12.28070175,0.0,0.220588235,0.0,0
0,4,366,0,0,0,5905,0.786885246,0.213114754,0,6.666666667,0.0,1.294871795,0.0,0
1,0,4,0,1,14,3024,1.0,0.0,1,100.0,0.0,0.0,6.333333333,1
1,2,0,0,1,7,3519,0.0,0.0,0,0.0,0.03125,0.0,5.666666667,1
0,5,66,186860,1,12,4323,0.939393939,0.060606061,0,100.0,0.0,0.0,8.0,0
0,5,87,28448,1,4,6134,0.8045977009999999,0.195402299,0,50.0,0.021276596,0.058823529,2.285714286,1
0,3,62,3012018,0,0,7640,0.870967742,0.129032258,0,50.0,0.0,0.0,0.0,0
0,6,160,5561,1,10,7922,0.93125,0.06875,0,72.22222222,0.102941176,0.454545455,6.0,0
0,3,349,7683629,1,0,-1,0.928366762,0.071633238,0,66.66666667,0.0,0.2,0.0,0
1,0,10,0,0,30,-1,0.9,0.1,2,100.0,0.25,0.0,8.533333333,1
0,1,59,3802734,0,0,4680,0.915254237,0.084745763,0,33.33333333,0.0,0.0,0.0,0
1,2,5,69572,0,14,1576,0.4,0.6,2,0.0,0.0,0.0,7.333333333,1
1,5,22,0,0,4,5627,0.181818182,0.818181818,0,25.0,0.0,0.277777778,4.0,1
1,5,0,0,0,0,5626,0.0,0.0,1,0.0,0.115384615,0.0,0.0,1
1,6,38,8913,1,8,5197,0.5,0.5,0,7.142857143,0.0,0.1578947369999999,5.166666667,0
0,3,71,1684103,1,0,3633,0.85915493,0.14084507,0,61.53846154,0.0,0.0,0.0,0
0,0,72,0,0,0,-1,0.902777778,0.097222222,0,76.47058824,0.0,0.428571429,0.0,0
0,5,41,969,0,9,7584,0.243902439,0.7560975609999999,0,0.0,0.0,0.64516129,9.0,0
1,5,48,0,0,0,7299,0.104166667,0.895833333,0,16.0,0.0,0.372093023,0.0,0
1,0,26,0,0,0,-1,0.0,1.0,0,0.0,0.0625,0.115384615,0.0,1
1,0,18,0,0,29,1244,0.833333333,0.166666667,1,0.0,0.203208556,0.0,7.777777778,1
1,2,15,4436986,0,11,-1,0.666666667,0.333333333,1,0.0,0.090909091,0.2,5.857142857,1
1,3,1,17964,0,8,7083,0.0,1.0,0,0.0,0.028571429,0.0,3.428571429,1
1,3,0,549875,0,4,-1,0.0,0.0,0,0.0,0.08,0.0,4.0,1
1,6,58,386,0,32,7826,0.0,1.0,0,0.0,0.148148148,0.0,16.5,1
0,2,65,426586,1,0,3630,0.892307692,0.107692308,0,0.0,0.0,0.428571429,0.0,0
0,5,68,197818,1,10,3329,0.220588235,0.779411765,0,70.0,0.0,0.188679245,6.4,0
1,2,30,0,0,32,5767,0.966666667,0.033333333,0,100.0,0.285714286,0.0,14.66666667,1
1,0,3,0,1,8,11,1.0,0.0,0,0.0,0.081081081,0.0,6.0,1
1,0,51,5707171,0,17,3992,1.0,0.0,0,100.0,0.171875,0.0,7.375,1
1,0,51,5697976,1,17,3992,1.0,0.0,0,100.0,0.227642276,0.0,7.375,1
0,5,12,78752,1,10,6465,1.0,0.0,0,0.0,0.0,0.0,6.0,0
0,4,163,229749,1,0,8724,0.7423312879999999,0.257668712,0,50.0,0.0,0.333333333,0.0,0
0,4,35,52421,1,8,4097,0.542857143,0.457142857,0,70.0,0.065934066,0.1875,4.363636364,0
0,2,880,9128298,0,0,2850,0.988636364,0.011363636,0,55.55555556,0.0,0.0,0.0,0
1,4,12,378322,1,10,3453,1.0,0.0,0,0.0,0.0,0.0,6.181818182000001,0
0,0,25,0,0,0,3569,0.8,0.2,0,50.0,0.0,0.0,0.0,0
1,0,9,0,1,200,755,1.0,0.0,1,0.0,0.146153846,0.0,25.77777778,1
1,0,0,7947816,1,18,2922,0.0,0.0,2,0.0,0.012269939,0.0,6.210526316,1
1,6,146,348,1,8,7983,0.623287671,0.376712329,0,93.33333333,0.0,0.054545455,6.0,0
0,4,11,1421754,1,0,4886,0.363636364,0.636363636,0,50.0,0.0,0.0,0.0,0
1,5,10,0,0,0,7295,0.1,0.9,0,33.33333333,0.0,0.7777777779999999,0.0,1
1,1,16,0,1,9,2507,0.875,0.125,4,0.0,0.0,0.5,4.875,1
1,0,0,0,0,7,3727,0.0,0.0,0,0.0,0.0,0.0,5.5,1
0,3,1,819233,1,11,2403,1.0,0.0,0,0.0,0.0,0.0,6.285714286,1
0,3,19,1882458,1,0,-1,0.368421053,0.6315789470000001,0,0.0,0.0,0.0,0.0,0
0,0,30,0,1,7,4489,0.8666666670000001,0.133333333,0,0.0,0.0,0.25,5.8,0
0,2,4,106157,1,0,2563,0.25,0.75,0,50.0,0.0,0.0,0.0,0
0,5,164,7962,1,7,6377,0.493902439,0.506097561,0,15.78947368,0.037735849,0.506024096,4.2,0
1,0,15,0,0,22,1079,1.0,0.0,1,0.0,0.181818182,0.0,12.66666667,1
0,3,128,402341,1,0,5971,0.953125,0.046875,0,75.0,0.0,0.666666667,0.0,0
1,0,10,0,0,12,59,0.1,0.9,0,50.0,0.096069869,0.444444444,4.6052631580000005,1
0,5,19,7863,0,7,12349,0.947368421,0.052631579,0,66.66666667,0.046511628,0.0,5.0,0
1,2,0,0,1,9,432,0.0,0.0,0,0.0,0.0,0.0,6.0,1
1,0,4,0,0,5,471,1.0,0.0,2,100.0,0.0,0.0,3.333333333,1
1,2,0,0,0,6,797,0.0,0.0,0,0.0,0.0,0.0,5.0,1
0,2,28,11475,0,7,5924,0.75,0.25,0,33.33333333,0.090909091,0.285714286,4.5,0
1,0,103,0,1,18,6831,0.932038835,0.067961165,0,0.0,0.053571429,0.285714286,18.0,1
1,4,215,49662,1,6,8632,0.972093023,0.027906977,0,91.11111111,0.0,0.166666667,6.0,1
1,3,322,2272,0,6,7156,0.891304348,0.108695652,0,69.60784314,0.119047619,0.6571428570000001,4.25,0
0,4,43,846675,1,0,-1,0.953488372,0.046511628,0,0.0,0.0,1.0,0.0,0
0,2,25,71037,1,0,1041,0.96,0.04,0,0.0,0.0,0.0,0.0,0
0,6,146,11068,1,8,5339,0.445205479,0.554794521,0,14.28571429,0.079646018,0.148148148,5.5,0
1,10,29,1,0,22,8347,0.344827586,0.655172414,1,0.0,0.053097345,0.0,7.181818182000001,1
0,7,1768,12,0,4,7133,0.960972851,0.039027149,0,73.76425856,0.03030303,0.347826087,3.5,0
0,3,17,1217435,1,0,8414,0.294117647,0.705882353,0,50.0,0.0,0.0,0.0,0
1,8,0,385,0,7,7447,0.0,0.0,0,0.0,0.074074074,0.0,4.0,0
1,8,0,0,0,0,5159,0.0,0.0,0,0.0,0.0,0.0,0.0,1
1,3,6,0,1,7,3123,1.0,0.0,0,0.0,0.0,0.0,5.0,1
0,7,17,285,1,8,7419,0.0,1.0,0,0.0,0.0,0.0,4.571428571,0
1,1,16,45133,0,0,805,0.5,0.5,0,0.0,0.0,0.0,0.0,1
1,1,6,0,0,231,4967,0.666666667,0.333333333,0,0.0,0.119230769,0.0,118.5,1
1,2,86,0,0,6,-1,0.755813953,0.244186047,0,66.66666667,0.0,0.19047619,4.25,1
0,2,28,2729451,1,0,-1,0.607142857,0.392857143,0,25.0,0.0,0.181818182,0.0,0
0,3,59,14198,0,2,7951,0.644067797,0.3559322029999999,0,57.77777778,0.0,0.238095238,2.0,0
0,6,27,6798,0,6,5001,0.814814815,0.185185185,0,80.0,0.0,0.0,5.0,0
0,0,0,0,0,0,51,0.0,0.0,0,0.0,0.090909091,0.0,0.0,1
1,2,103,1695125,0,0,7057,0.932038835,0.067961165,0,0.0,0.0,0.285714286,0.0,1
1,2,10,0,0,6,909,1.0,0.0,0,100.0,0.0,0.0,5.5,1
1,0,28,0,0,19,134,0.857142857,0.142857143,0,100.0,0.058139535,0.0,7.714285714,1
1,0,51,5697976,0,17,3992,1.0,0.0,0,100.0,0.174603175,0.0,7.375,1
1,5,54,23196,0,13,7477,0.814814815,0.185185185,0,72.22222222,0.057471264,0.2,5.1,0
0,1,20,1249366,0,0,1341,0.75,0.25,0,0.0,0.0,0.4,0.0,1
1,5,21,0,0,7,5615,0.19047619,0.80952381,2,25.0,0.264150943,0.176470588,4.5,1
0,5,169,14592,0,5,6069,0.50887574,0.49112426,0,11.76470588,0.0,0.036144578,4.0,0
1,0,8,0,1,88,4407,1.0,0.0,0,0.0,0.474025974,0.0,32.66666667,1
0,10,53,8,1,15,8519,0.622641509,0.377358491,0,80.0,0.0,0.0,15.0,0
1,6,8,22211,0,5,1338,1.0,0.0,0,0.0,0.210526316,0.0,5.0,1
0,3,91,1573272,1,0,-1,0.912087912,0.087912088,0,25.0,0.0,0.25,0.0,0
1,2,28,461958,0,0,7202,0.25,0.75,0,4.545454545,0.0,0.142857143,0.0,1
1,3,258,0,1,7,3094,0.100775194,0.899224806,0,3.797468354,0.0,0.064655172,5.5,0
0,4,17,22855,1,0,5834,0.529411765,0.470588235,0,100.0,0.0,1.0,0.0,0
1,0,51,5707171,0,15,3993,1.0,0.0,0,100.0,0.078947368,0.0,8.5,1
1,4,7,433072,0,18,3013,1.0,0.0,1,0.0,0.052631579,0.0,7.333333333,1
0,4,76,158628,1,0,8493,0.802631579,0.197368421,0,30.0,0.0,0.133333333,0.0,0
1,0,0,0,1,8,2567,0.0,0.0,4,0.0,0.0,0.0,5.4,1
0,3,93,0,1,0,2118,0.580645161,0.419354839,0,100.0,0.0,0.0,0.0,0
1,10,50,173,0,13,3890,0.16,0.84,0,0.0,0.0,0.0,13.0,0
1,0,7,0,0,7,-1,1.0,0.0,0,0.0,0.0,0.0,5.0,1
1,1,0,0,1,4,1750,0.0,0.0,0,0.0,0.0,0.0,3.0,1
1,4,5,0,0,36,4400,0.0,1.0,0,0.0,0.070588235,0.0,36.0,1
0,5,55,767,0,7,4079,0.145454545,0.854545455,0,63.63636364,0.0,0.063829787,4.0,0
0,4,84,14353,0,12,6122,0.285714286,0.7142857140000001,0,74.07407407,0.0,0.1,7.285714286,0
1,5,13,0,0,0,7295,0.076923077,0.923076923,0,25.0,0.032258065,0.833333333,0.0,1
0,5,51,8126,0,8,8020,0.784313725,0.215686275,0,66.66666667,0.083333333,0.272727273,4.222222222,0
0,5,209,0,0,0,7297,0.516746411,0.483253589,0,70.22900763,0.0,0.267326733,0.0,0
1,0,0,0,1,288,-1,0.0,0.0,0,0.0,0.5307517079999999,0.0,31.15384615,1
1,3,20,0,0,0,6382,0.0,1.0,0,0.0,0.0,0.0,0.0,1
1,4,416,0,1,13,7002,0.072115385,0.927884615,0,2.97029703,0.0821917809999999,0.025906736,5.1428571430000005,0
1,5,14,0,0,0,7295,0.071428571,0.928571429,0,14.28571429,0.125,0.230769231,0.0,1
0,4,0,8438897,1,6,6964,0.0,0.0,0,0.0,0.023809524,0.0,4.0,0
1,0,0,0,0,0,66,0.0,0.0,0,0.0,0.0,0.0,0.0,1
0,5,31,126204,1,9,5575,1.0,0.0,0,0.0,0.0,0.0,6.0,0
1,0,45,0,0,0,1658,1.0,0.0,0,0.0,0.210526316,0.0,0.0,1
1,6,58,383,0,32,7827,0.0,1.0,0,0.0,0.148148148,0.0,16.5,1
1,0,4,5828815,0,17,4003,1.0,0.0,0,100.0,0.206896552,0.0,8.142857142999999,1
1,0,33,0,1,32,2105,0.787878788,0.212121212,0,71.42857143,0.207920792,0.0,13.0,1
1,2,579,0,0,7,674,0.968911917,0.031088083,0,96.91780822,0.0,0.055555556,5.333333333,1
1,6,247,607,1,10,7839,0.777327935,0.222672065,0,31.57894737,0.035087719,0.272727273,7.666666667,0
0,3,93,9127641,0,0,-1,0.688172043,0.311827957,0,29.16666667,0.0,0.310344828,0.0,0
1,0,51,5707171,0,17,3993,1.0,0.0,0,100.0,0.175,0.0,7.375,1
0,2,277,4808269,0,0,2165,0.981949458,0.018050542,0,100.0,0.0,0.0,0.0,0
1,0,8,0,1,2,-1,0.375,0.625,0,100.0,0.0,0.0,2.0,1
0,3,105,1311383,1,0,-1,0.8666666670000001,0.133333333,0,14.28571429,0.0,0.0,0.0,0
1,2,185,0,0,17,495,0.054054054,0.945945946,3,6.12244898,0.108108108,0.057142857,7.4,1
1,3,8,4365,0,30,1953,0.625,0.375,0,0.0,0.272727273,0.0,13.66666667,1
1,3,80,0,0,9,5160,0.8125,0.1875,0,33.33333333,0.0,0.0,7.0,1
1,2,0,315959,0,2,4979,0.0,0.0,0,0.0,0.0,0.0,2.0,1
1,0,4,5816617,0,17,4003,1.0,0.0,0,100.0,0.149606299,0.0,7.375,1
0,2,241,4231178,1,0,-1,0.680497925,0.319502075,0,15.2173913,0.0,0.051948052,0.0,0
1,0,5,0,0,8,460,0.8,0.2,3,0.0,0.0,0.0,5.25,1
0,5,228,0,0,0,7298,0.372807018,0.6271929820000001,0,46.75324675,0.0,0.482517483,0.0,0
0,5,140,1577,0,8,8047,0.9,0.1,0,40.0,0.0,0.214285714,5.0,0
0,5,145,0,0,0,7298,0.124137931,0.8758620690000001,0,14.0625,0.0,0.433070866,0.0,0
1,0,17,0,0,7,-1,0.941176471,0.058823529,0,0.0,0.0,1.0,3.75,1
0,3,62,1271150,1,0,1667,0.8870967740000001,0.112903226,0,25.0,0.0,0.142857143,0.0,0
1,5,125,487846,1,7,-1,0.912,0.088,0,78.57142857,0.0,0.090909091,5.333333333,0
1,0,12,0,0,6,235,0.75,0.25,1,0.0,0.0,0.0,6.0,1
0,5,85,26730,1,13,5205,0.741176471,0.258823529,0,27.5862069,0.0,0.409090909,8.5,0
0,3,921,2320,0,6,7159,0.844733985,0.155266015,0,64.72081218,0.1363636359999999,0.86013986,4.5,0
0,3,52,1092378,1,0,7979,0.961538462,0.038461538,0,0.0,0.0,1.0,0.0,0
1,4,26,0,0,25,8019,0.115384615,0.884615385,0,0.0,0.038095238,0.0,6.3,1
1,1,35,921397,0,6,-1,0.285714286,0.7142857140000001,0,37.5,0.2,0.08,6.0,1
1,5,13,0,0,0,7298,0.153846154,0.846153846,0,14.28571429,0.0,0.272727273,0.0,0
0,6,66,2619,1,7,8829,0.848484848,0.151515152,0,20.0,0.0,0.0,3.375,0
0,5,171,927106,1,0,-1,0.953216374,0.046783626,0,76.92307692,0.0,0.0,0.0,0
1,0,88,0,0,23,347,0.397727273,0.602272727,2,0.0,0.187096774,0.132075472,8.769230769,1
1,0,4,0,0,3,-1,1.0,0.0,0,100.0,0.476190476,0.0,2.5,1
1,0,78,3396059,0,21,-1,0.923076923,0.076923077,1,98.5915493,0.063829787,0.0,21.0,1
1,0,0,0,0,7,636,0.0,0.0,0,0.0,0.027777778,0.0,6.0,1
0,2,11,7686483,1,8,2426,0.363636364,0.636363636,0,40.0,0.0,0.285714286,6.75,0
0,2,56,0,0,0,7582,0.517857143,0.482142857,0,75.0,0.0,0.0,0.0,0
1,5,11,0,0,0,7296,0.0,1.0,0,0.0,0.043478261,0.0,0.0,1
0,5,126,244228,1,0,7454,0.920634921,0.079365079,0,0.0,0.0,0.8,0.0,0
1,1,0,0,0,32,4377,0.0,0.0,0,0.0,0.240740741,0.0,32.0,1
0,8,106,971074,0,0,7448,0.094339623,0.905660377,0,44.0,0.0,0.03125,0.0,0
1,5,168,31104,1,7,8375,0.7142857140000001,0.285714286,0,40.0,0.0,0.020833333,5.1428571430000005,0
0,3,61,3688278,1,8,2406,0.360655738,0.639344262,1,36.11111111,0.0,0.615384615,6.4,0
1,2,33,4639,0,5,1547,0.272727273,0.727272727,1,4.347826087,0.092307692,0.125,4.0,1
1,0,9,0,1,66,31,1.0,0.0,1,0.0,0.183823529,0.0,9.454545455,1
0,6,36,56198,0,0,7621,0.75,0.25,1,0.0,0.0,0.0,0.0,1
1,1,0,1429135,0,4,-1,0.0,0.0,0,0.0,0.0,0.0,3.5,1
0,4,26,537694,1,0,5151,0.961538462,0.038461538,1,66.66666667,0.0,1.0,0.0,0
1,0,10,0,0,8,-1,0.7,0.3,0,0.0,0.0,1.0,6.0,1
0,6,59,2603,1,8,8046,0.813559322,0.186440678,0,25.0,0.125,0.0,5.666666667,0
0,4,34,101800,1,0,6743,0.6764705879999999,0.323529412,0,50.0,0.0,0.0,0.0,0
0,0,82,7891419,1,0,336,0.475609756,0.524390244,0,37.5,0.0,0.0,0.0,0
1,4,19,2072852,1,4,3200,0.736842105,0.263157895,0,100.0,0.0,0.0,4.0,0
1,0,0,0,1,32,5849,0.0,0.0,0,0.0,0.246575342,0.0,15.66666667,1
1,0,47,0,0,0,-1,1.0,0.0,0,100.0,0.072463768,0.0,0.0,1
0,5,103,2048336,0,0,7296,0.184466019,0.815533981,0,23.07692308,0.068965517,0.1785714289999999,0.0,0
0,5,76,48945,1,8,7754,0.894736842,0.105263158,0,50.0,0.0,0.0,6.0,0
0,1,18,348969,1,8,1422,1.0,0.0,0,100.0,0.086956522,0.0,4.0,0
1,0,51,5707171,1,17,3993,1.0,0.0,0,100.0,0.129032258,0.0,7.375,1
1,5,14,0,0,0,7296,0.071428571,0.928571429,0,14.28571429,0.0,0.230769231,0.0,1
0,2,0,0,1,11,4079,0.0,0.0,0,0.0,0.0,0.0,5.5,0
1,0,9,0,0,7,220,0.444444444,0.5555555560000001,3,0.0,0.0,1.0,3.888888889,1
0,5,53,506791,0,11,4533,0.924528302,0.075471698,0,50.0,0.0,0.25,6.777777778,0
0,5,276,18867,1,8,4929,0.97826087,0.02173913,0,72.72727273,0.0,0.0,5.25,0
1,0,86,0,1,8,1048,0.5,0.5,1,37.5,0.0,0.0,8.0,1
1,1,8,0,0,8,288,0.0,1.0,0,0.0,0.0,0.0,4.5,0
1,5,21,0,0,9,5615,0.19047619,0.80952381,1,25.0,0.0,0.176470588,9.0,1
0,4,26,3677754,1,5,2467,0.807692308,0.192307692,0,81.25,0.0,0.4,3.25,0
0,3,23,1482268,0,0,5630,1.0,0.0,0,100.0,0.129032258,0.0,0.0,0
0,3,64,1215453,1,0,-1,0.921875,0.078125,0,0.0,0.0,0.0,0.0,0
1,4,18,10675927,1,12,5255,0.611111111,0.388888889,0,50.0,0.0,0.285714286,6.666666667,1
1,2,0,0,0,0,560,0.0,0.0,0,0.0,0.0,0.0,0.0,1
1,0,78,5008870,1,32,152,0.884615385,0.115384615,0,86.04651163,0.324675325,0.444444444,13.0,1
0,2,333,852476,1,0,-1,0.975975976,0.024024024,0,14.28571429,0.0,0.25,0.0,0
1,0,86,0,0,25,3433,0.755813953,0.244186047,0,4.545454545,0.072463768,0.142857143,15.5,1
0,3,438,1017069,1,0,4427,0.933789954,0.066210046,0,0.0,0.0,0.103448276,0.0,0
1,0,6,2954670,0,4,1182,0.0,1.0,0,0.0,0.0,0.5,3.5,1
0,4,26,8416744,1,0,4546,0.038461538,0.961538462,0,14.28571429,0.0,0.16,0.0,0
0,7,17,289,1,8,7423,0.0,1.0,0,0.0,0.0,0.0,4.555555556,0
1,5,18,0,0,5,5626,0.5555555560000001,0.444444444,0,25.0,0.257575758,0.625,3.666666667,1
1,0,5,0,1,10,5879,0.2,0.8,1,0.0,0.0,0.0,6.333333333,1
0,2,41,4098901,1,0,-1,0.5121951220000001,0.487804878,0,15.38461538,0.0,0.0,0.0,0
0,8,44,0,0,0,5158,0.931818182,0.0681818179999999,0,100.0,0.0,0.0,0.0,0
0,4,0,787413,1,10,6930,0.0,0.0,0,0.0,0.084745763,0.0,5.2,0
1,4,77,0,0,5,2975,0.4415584420000001,0.558441558,2,37.5,0.018867925,0.0,4.0,1
0,3,13,4279566,1,0,7330,0.923076923,0.076923077,0,100.0,0.0,0.0,0.0,0
1,0,15,0,0,7,-1,0.933333333,0.066666667,0,85.71428571,0.0,1.0,7.0,1
0,2,64,416867,1,0,8165,0.546875,0.453125,0,61.70212766,0.0,0.068965517,0.0,0
1,7,67,609,1,10,11555,0.940298507,0.059701493,0,88.46153846,0.0,0.25,7.166666667,0
0,5,13,126063,1,11,5573,1.0,0.0,0,0.0,0.0,0.0,7.5,0
0,2,255,6606150,1,0,1251,0.984313725,0.015686275,0,80.0,0.0,0.0,0.0,0
1,3,597,708325,1,0,5986,0.983249581,0.016750419,0,91.17647059,0.238095238,0.2,0.0,0
0,4,250,94950,1,8,3630,0.648,0.352,0,61.11111111,0.032258065,0.090909091,4.5,0
1,0,103,1428403,0,0,6663,0.932038835,0.067961165,0,0.0,0.068965517,0.285714286,0.0,1
1,10,10,1,0,19,8347,0.0,1.0,1,0.0,0.071428571,0.0,6.666666667,1
1,2,50,0,1,10,3080,0.96,0.04,2,96.55172414,0.045454545,0.0,5.5,1
0,5,390,27571,1,10,9126,0.884615385,0.115384615,0,33.96226415,0.0,0.177777778,5.0,0
1,2,133,242805,0,9,2348,0.939849624,0.060150376,0,33.33333333,0.0,0.375,8.5,0
1,10,30,1,0,33,8347,0.333333333,0.666666667,1,0.0,0.0808080809999999,0.0,9.857142857,1
0,2,32,97339,1,0,4532,0.84375,0.15625,0,0.0,0.0,0.4,0.0,0
0,6,168,133,1,10,8149,0.886904762,0.113095238,1,25.0,0.0,0.052631579,7.4,0
1,9,8,3504,0,7,-1,0.625,0.375,0,25.0,0.0,0.333333333,5.333333333,1
0,5,79,28448,1,12,6133,0.7848101270000001,0.215189873,0,100.0,0.0,0.0,5.0,0
0,7,9,7971,1,8,9007,1.0,0.0,0,100.0,0.0,0.0,5.222222222,0
0,0,9,0,1,0,246,0.0,1.0,0,0.0,0.0,0.5555555560000001,0.0,1
0,6,263,1540,1,10,-1,0.969581749,0.030418251,1,33.33333333,0.0,1.0,9.5,0
1,0,23,0,0,8,2314,1.0,0.0,0,0.0,0.06,0.0,6.333333333,1
0,8,419,216,0,10,8215,0.980906921,0.019093079,0,99.12280702,0.0,0.125,5.75,0
1,1,6,0,0,139,4967,0.666666667,0.333333333,0,0.0,0.143712575,0.0,72.5,1
1,1,0,0,0,8,3076,0.0,0.0,0,0.0,0.146341463,0.0,5.25,1
0,5,340,9753,1,13,8554,0.988235294,0.011764706,0,50.0,0.111111111,0.5,5.8,0
1,5,38,635,0,7,7590,0.842105263,0.1578947369999999,0,0.0,0.051948052,0.0,3.5,0
0,3,171,8541,0,7,3758,0.929824561,0.070175439,0,100.0,0.0,0.0,4.166666667,0
0,5,94,105224,1,8,5741,0.85106383,0.14893617,0,35.29411765,0.0,0.142857143,6.0,0
0,2,56,2367247,1,0,3975,0.5,0.5,0,83.33333333,0.0,0.035714286,0.0,0
1,5,21,0,0,0,5616,0.19047619,0.80952381,0,25.0,0.25,0.176470588,0.0,1
1,5,14,0,0,0,7295,0.071428571,0.928571429,0,14.28571429,0.023809524,0.846153846,0.0,1
0,7,239,12,0,10,7134,0.966527197,0.0334728029999999,0,65.21739129999999,0.0,0.375,7.333333333,0
1,0,1,0,0,11,5745,0.0,1.0,1,0.0,0.0,0.0,7.0,1
1,0,51,2580873,0,32,1659,0.588235294,0.411764706,0,100.0,0.338582677,0.095238095,8.666666667000001,1
1,2,33,4639,0,5,1547,0.272727273,0.727272727,1,4.347826087,0.063829787,0.125,4.0,1
1,4,13,75,0,7,5466,0.461538462,0.538461538,0,100.0,0.107843137,0.0,3.142857143,1
1,4,5,0,0,15,2660,1.0,0.0,1,100.0,0.1488549619999999,0.0,7.2,1
0,5,180,46785,1,7,8979,0.916666667,0.083333333,1,60.0,0.0,0.133333333,7.0,0
0,5,135,0,0,10,7620,0.637037037,0.362962963,0,81.33333333,0.0,0.020408163,9.0,0
1,5,78,28405,1,7,6132,0.794871795,0.205128205,0,100.0,0.0,0.0,3.625,0
0,7,445,12,0,4,7133,0.970786517,0.029213483,0,56.66666667,0.0,0.307692308,4.0,0
1,8,55,50,0,11,12208,0.563636364,0.436363636,0,57.14285714,0.209302326,0.25,5.333333333,0
1,5,21,0,0,5,5626,0.19047619,0.80952381,1,25.0,0.05,0.294117647,5.0,1
1,5,21,0,0,7,5615,0.19047619,0.80952381,2,25.0,0.0,0.176470588,4.5,1
1,0,3,0,1,8,11,1.0,0.0,0,0.0,0.08,0.0,6.0,1
1,2,160,4669,0,0,1546,0.2125,0.7875,0,13.04347826,0.075,0.015873016,0.0,1
0,5,125,1236528,0,0,7298,0.584,0.416,0,76.05633803,0.0,0.153846154,0.0,0
0,5,52,206575,0,6,-1,0.25,0.75,0,83.09859155,0.047619048,0.923076923,6.0,0
0,8,21,0,0,0,5159,0.428571429,0.571428571,0,66.66666667,0.0,0.0,0.0,0
1,6,8,22211,0,5,1338,1.0,0.0,0,0.0,0.2,0.0,5.0,1
0,5,43,55983,1,8,5309,0.697674419,0.302325581,0,66.66666667,0.019607843,0.307692308,4.8,0
1,6,165,12364,1,10,8144,0.642424242,0.357575758,0,80.0,0.013888889,0.13559322,7.0,0
0,2,80,0,1,0,5905,0.375,0.625,0,17.85714286,0.0,0.04,0.0,0
1,0,86,0,0,12,2308,0.965116279,0.034883721,0,0.0,0.028169014,0.0,6.333333333,1
1,1,103,491854,0,13,7062,0.932038835,0.067961165,1,0.0,0.036363636,0.285714286,7.5,1
1,5,22,68260,0,31,-1,1.0,0.0,1,100.0,0.066666667,0.0,10.75,1
0,2,0,2482377,1,8,8777,0.0,0.0,0,0.0,0.01010101,0.0,4.583333333,0
1,7,0,632001,0,29,2520,0.0,0.0,0,0.0,0.142857143,0.0,9.25,1
1,5,21,0,0,9,5616,0.19047619,0.80952381,0,25.0,0.016666667,0.176470588,4.75,1
0,5,301,1407,1,8,4200,0.983388704,0.016611296,0,87.87878788,0.047619048,0.0,6.0,0
1,2,166,10269929,0,40,533,0.162650602,0.837349398,4,0.909090909,0.193277311,0.107913669,10.38888889,1
1,1,68,51291,1,18,2568,0.455882353,0.544117647,0,15.90909091,0.081967213,0.216216216,6.5,1
0,7,17,285,1,10,7419,0.0,1.0,0,0.0,0.0,0.0,4.113636364,0
0,8,45,0,0,1,5159,0.444444444,0.5555555560000001,0,0.0,0.0,0.0,1.0,0
0,10,108,1,0,7,8346,0.87037037,0.12962963,0,11.11111111,0.0,0.285714286,4.166666667,1
0,3,25,2010529,1,13,5673,0.56,0.44,0,22.22222222,0.0,0.181818182,10.5,0
1,1,0,0,0,10,-1,0.0,0.0,0,0.0,0.0,0.0,6.25,0
0,5,169,0,0,0,7296,0.591715976,0.408284024,0,70.99236641,0.0,0.5072463770000001,0.0,0
0,3,59,0,1,0,-1,0.372881356,0.627118644,0,36.73469388,0.0,0.135135135,0.0,0
0,5,92,2605916,0,0,7298,0.130434783,0.869565217,0,21.73913043,0.0,0.55,0.0,0
1,3,52,2500970,1,11,5250,0.884615385,0.115384615,0,79.31034483,0.0,0.5,7.375,0
0,1,0,0,0,2,4736,0.0,0.0,0,0.0,0.0,0.0,2.0,1
0,3,117,0,1,15,3927,1.0,0.0,0,100.0,0.0,0.0,15.0,0
1,0,3,0,0,75,5521,0.666666667,0.333333333,2,0.0,0.251533742,0.0,19.71428571,1
0,4,54,3833065,1,0,6646,0.574074074,0.425925926,0,17.64705882,0.0,0.217391304,0.0,0
1,5,22,0,0,7,5615,0.181818182,0.818181818,3,25.0,0.103448276,0.166666667,4.5,1
1,5,198,7807,0,8,5590,0.924242424,0.075757576,0,91.93548387,0.05,0.2,3.833333333,0
1,2,30,0,0,32,5767,0.966666667,0.033333333,0,100.0,0.324675325,0.0,14.66666667,1
0,6,226,682,1,10,6259,0.876106195,0.123893805,0,53.33333333,0.0,0.0,10.0,0
1,7,0,632751,0,29,2521,0.0,0.0,0,0.0,0.106382979,0.0,15.0,1
0,2,59,178033,0,0,-1,0.915254237,0.084745763,0,0.0,0.058823529,0.0,0.0,0
1,0,21,0,0,0,111,0.428571429,0.571428571,0,0.0,0.351351351,0.75,0.0,1
0,3,374,159206,1,0,4517,0.954545455,0.045454545,0,25.0,0.0,0.117647059,0.0,0
0,1,162,374374,1,0,1159,0.444444444,0.5555555560000001,0,96.66666667,0.0,0.011111111,0.0,0
0,5,837,14284,0,9,6074,0.7120669059999999,0.287933094,0,46.93333333,0.0,0.55186722,5.5,0
1,5,18,0,0,6,5627,0.5555555560000001,0.444444444,0,25.0,0.257575758,0.625,5.0,1
0,3,238,1101455,1,0,-1,0.021008403,0.978991597,0,0.0,0.0,0.012875536,0.0,0
1,4,34,421761,1,5,3250,0.205882353,0.794117647,0,0.0,0.0,0.0,5.0,1
1,5,0,82896,1,8,-1,0.0,0.0,0,0.0,0.0,0.0,4.6,0
0,2,5,0,1,0,-1,1.0,0.0,0,100.0,0.0,0.0,0.0,0
0,4,56,2791701,1,0,2658,0.875,0.125,0,20.0,0.0,0.285714286,0.0,0
1,4,26,0,0,46,8019,0.115384615,0.884615385,0,0.0,0.095588235,0.0,8.777777777999999,1
0,3,157,976662,1,0,3938,0.955414013,0.044585987,0,33.33333333,0.0,0.285714286,0.0,0
0,3,21,113447,1,0,-1,0.142857143,0.857142857,0,0.0,0.0,0.055555556,0.0,0
1,0,22,0,0,7,-2,0.181818182,0.818181818,3,25.0,0.0,0.166666667,5.0,1
1,0,24,0,1,33,-1,1.0,0.0,0,100.0,0.159509202,0.0,13.625,1
0,2,140,2239561,1,4,-1,0.957142857,0.042857143,0,91.66666667,0.0,0.0,4.0,0
1,3,1,17964,0,200,7083,0.0,1.0,0,0.0,0.135338346,0.0,31.85714286,1
1,0,4,0,0,9,1834,1.0,0.0,0,100.0,0.147540984,0.0,8.0,1
1,1,56,0,1,8,-1,1.0,0.0,2,0.0,0.0,0.0,4.333333333,1
1,3,41,477134,1,13,1654,0.463414634,0.5365853660000001,0,0.0,0.0,0.227272727,8.0,1
0,5,75,62106,1,0,4526,0.8666666670000001,0.133333333,0,50.0,0.0,0.3,0.0,0
0,8,214,41,0,9,6056,0.322429907,0.6775700929999999,0,16.89189189,0.076923077,0.020689655,7.375,0
1,0,0,0,0,6,-1,0.0,0.0,0,0.0,0.018867925,0.0,2.555555556,1
1,5,18,0,0,8,5627,0.5555555560000001,0.444444444,0,25.0,0.204819277,0.625,5.0,1
1,4,0,4422,0,9,-1,0.0,0.0,0,0.0,0.210526316,0.0,4.375,0
1,0,13,0,0,9,1163,1.0,0.0,4,100.0,0.0,0.0,6.333333333,1
1,5,11,0,0,0,7296,0.0,1.0,0,0.0,0.0,0.0,0.0,1
1,0,0,0,0,0,67,0.0,0.0,0,0.0,0.0,0.0,0.0,1
1,0,0,0,0,7,3460,0.0,0.0,0,0.0,0.035714286,0.0,5.5,1
1,5,22,0,0,7,5615,0.181818182,0.818181818,3,25.0,0.054545455,0.166666667,4.5,1
0,3,139,217264,0,0,8527,0.776978417,0.223021583,0,66.66666667,0.0,0.096774194,0.0,0
0,4,33,115937,0,0,1485,0.515151515,0.484848485,0,0.0,0.0,0.1875,0.0,0
0,2,4,2579543,1,0,566,0.75,0.25,0,0.0,0.0,0.0,0.0,0
0,0,0,0,1,4,43,0.0,0.0,0,0.0,0.0,0.0,3.5,1
1,4,18,187079,0,32,5990,0.833333333,0.166666667,0,0.0,0.235294118,0.0,18.0,1
1,0,0,0,1,7,5971,0.0,0.0,0,0.0,0.075471698,0.0,5.25,1
1,0,51,5707171,0,17,3993,1.0,0.0,0,100.0,0.203389831,0.0,8.142857142999999,1
0,0,19,3513635,0,7,1891,0.421052632,0.578947368,0,50.0,0.0,0.727272727,4.4,0
1,0,46,0,0,14,-2,0.956521739,0.043478261,0,90.90909091,0.040816327,0.0,9.333333333,1
0,8,63,3945616,0,10,7448,0.158730159,0.8412698409999999,0,20.0,0.069565217,0.056603774,5.916666667,0
0,4,259,260730,1,0,8311,0.961389961,0.038610039,0,75.0,0.0,0.0,0.0,0
1,0,7,0,0,0,74,0.857142857,0.142857143,0,0.0,0.0,1.0,0.0,1
1,1,27,0,0,16,2554,0.925925926,0.074074074,1,50.0,0.016949153,0.5,5.8,1
1,0,38,0,1,8,778,0.421052632,0.578947368,3,11.11111111,0.057142857,0.227272727,5.5,1
1,0,4,0,1,14,273,1.0,0.0,0,100.0,0.047619048,0.0,6.0,1
1,2,22,0,0,32,2300,0.545454545,0.454545455,2,60.0,0.304347826,0.0,8.0,1
1,0,23,0,0,0,4202,0.7826086959999999,0.217391304,0,100.0,0.0,0.0,0.0,1
0,6,46,1116,0,10,12713,0.804347826,0.195652174,0,62.5,0.0,1.0,6.75,0
1,3,0,0,1,7,-1,0.0,0.0,1,0.0,0.096774194,0.0,4.833333333,1
0,3,64,6084468,1,5,-1,0.984375,0.015625,0,93.75,0.0,0.0,4.5,0
0,4,92,45566,1,0,-1,0.739130435,0.260869565,0,16.0,0.0,0.666666667,0.0,0
1,2,2,0,1,14,3317,0.5,0.5,1,0.0,0.0,1.0,8.75,1
0,2,134,584195,0,0,-1,0.932835821,0.067164179,0,70.96774194,0.0,0.0,0.0,0
1,0,4,0,0,13,1834,1.0,0.0,0,100.0,0.1363636359999999,0.0,13.0,1
1,0,5,0,1,12,570,1.0,0.0,3,0.0,0.0,0.0,4.777777778,1
1,0,0,0,0,30,208,0.0,0.0,0,0.0,0.188034188,0.0,30.0,1
1,0,7,0,0,0,-1,0.857142857,0.142857143,0,0.0,0.0,1.0,0.0,1
1,1,4,989825,0,16,-1,1.0,0.0,3,100.0,0.021978022,0.0,6.875,1
0,4,234,542185,1,6,-1,0.273504274,0.7264957259999999,0,21.21212121,0.095238095,0.311764706,4.0,0
1,0,51,5707171,0,17,3993,1.0,0.0,0,100.0,0.1796875,0.0,7.375,1
1,1,17,0,0,5,-1,1.0,0.0,1,100.0,0.019230769,0.0,5.0,1
0,0,25,718185,0,0,1180,0.6,0.4,0,50.0,0.0,0.4,0.0,0
0,6,37,2074,1,8,7650,0.648648649,0.351351351,1,0.0,0.0,0.7692307690000001,7.5,0
0,5,437,21772,1,5,7686,0.901601831,0.098398169,0,47.5,0.0,0.279069767,3.666666667,0
1,7,4,309382,0,6,2139,0.0,1.0,0,0.0,0.04,0.0,6.0,1
0,7,570,12,0,13,7133,0.98245614,0.01754386,0,72.22222222,0.0,0.3,7.666666667,0
0,3,57,7096725,1,0,1107,0.50877193,0.49122807,0,0.0,0.0,0.285714286,0.0,0
1,2,0,0,0,19,-1,0.0,0.0,0,0.0,0.409638554,0.0,7.428571429,1
0,3,6,1512801,1,0,-1,0.833333333,0.166666667,0,50.0,0.0,1.0,0.0,0
0,4,250,4242,1,7,6071,0.556,0.444,0,96.0,0.109589041,0.18018018,4.333333333,0
1,1,11,60762,0,0,1614,0.545454545,0.454545455,0,0.0,0.0,0.0,0.0,1
0,8,116,0,0,0,7447,0.560344828,0.439655172,0,100.0,0.0,0.0,0.0,0
1,1,5,0,0,5,5661,0.4,0.6,2,0.0,0.0,0.0,4.0,1
1,0,23,0,0,6,-1,1.0,0.0,0,100.0,0.068965517,0.0,6.0,1
1,0,4,5816617,0,17,4003,1.0,0.0,0,100.0,0.218487395,0.0,7.375,1
1,10,10,1,0,25,8348,0.0,1.0,1,0.0,0.109756098,0.0,7.285714286,1
1,2,23,0,0,0,819,1.0,0.0,0,100.0,0.085106383,0.0,0.0,1
0,3,144,4640560,1,0,4824,0.930555556,0.069444444,0,57.14285714,0.0,0.0,0.0,0
1,3,67,2294,0,7,7157,0.940298507,0.059701493,0,100.0,0.159090909,1.0,4.75,0
1,3,1,17964,0,6,7083,0.0,1.0,0,0.0,0.0,0.0,5.0,1
1,5,185,11507,1,25,6900,0.632432432,0.367567568,0,13.23529412,0.0,0.014705882,18.5,0
1,0,0,0,0,6,-1,0.0,0.0,0,0.0,0.25,0.0,2.666666667,1
0,5,135,7989,0,8,2688,0.8666666670000001,0.133333333,0,40.0,0.040816327,0.5,3.666666667,0
1,2,5,0,0,0,4823,0.0,1.0,0,0.0,0.0,0.0,0.0,1
1,0,120,0,0,11,1588,0.033333333,0.966666667,6,7.142857143,0.031446541,0.0,5.6,1
0,1,149,133791,0,0,1561,0.067114094,0.932885906,0,66.66666667,0.0,0.0,0.0,1
1,1,22,0,0,64,1479,0.818181818,0.181818182,2,100.0,0.406091371,0.0,15.0,1
1,0,4,5816617,0,17,4003,1.0,0.0,0,100.0,0.158730159,0.0,7.375,1
0,3,0,282959,1,0,1556,0.0,0.0,0,100.0,0.0,0.0,0.0,0
0,6,53,9410,1,9,5408,0.41509434,0.58490566,1,47.91666667,0.08988764,0.35483871,4.5,0
0,4,123,272349,1,7,4274,0.853658537,0.146341463,0,41.17647059,0.0,0.5555555560000001,5.166666667,0
0,3,46,1327039,1,0,6031,0.934782609,0.065217391,0,50.0,0.0,0.666666667,0.0,0
1,5,21,0,0,7,5616,0.19047619,0.80952381,2,25.0,0.088235294,0.176470588,4.75,1
1,0,13,0,0,5,75,0.846153846,0.153846154,1,0.0,0.075,0.0,4.0,1
1,5,105,5703,1,7,8885,0.914285714,0.085714286,0,36.36363636,0.0,0.222222222,5.25,0
1,5,15,0,0,0,7295,0.0,1.0,0,0.0,0.108108108,0.0,0.0,1
0,2,11,75385,1,0,2081,0.0,1.0,0,0.0,0.0,0.0,0.0,0
1,3,8,4365,0,9,1953,0.125,0.875,0,0.0,0.0,0.0,8.5,1
1,0,51,5707171,0,17,3993,1.0,0.0,0,100.0,0.1171875,0.0,7.375,1
0,10,71,8,1,11,8517,0.436619718,0.563380282,0,75.0,0.0,0.0,11.0,0
0,4,68,265564,0,8,7275,0.941176471,0.058823529,0,78.94736842,0.0,0.5,6.0,0
1,0,0,0,0,0,49,0.0,0.0,0,0.0,0.0,0.0,0.0,1
1,0,9,0,0,0,-1,0.5555555560000001,0.444444444,0,0.0,0.0,0.0,0.0,1
0,5,209,0,0,0,7298,0.669856459,0.330143541,0,18.36734694,0.0,0.565217391,0.0,0
1,1,43,0,0,6,612,0.976744186,0.023255814,0,80.0,0.0,0.0,6.0,1
1,5,24,0,0,0,7802,0.25,0.75,0,0.0,0.0,0.0,0.0,1
0,4,323,123397,1,0,4205,0.950464396,0.049535604,0,50.0,0.0,0.125,0.0,0
1,6,486,771,1,7,9226,0.944444444,0.055555556,1,30.76923077,0.025,0.148148148,5.666666667,0
1,0,1,0,0,3,238,0.0,1.0,0,0.0,0.0,0.0,3.0,1
0,3,117,466636,1,0,8579,0.7435897440000001,0.256410256,0,51.72413793,0.0,0.066666667,0.0,0
0,6,149,2816511,1,0,1141,0.536912752,0.463087248,0,18.18181818,0.0,0.028985507,0.0,0
1,0,7,0,1,39,216,0.857142857,0.142857143,0,0.0,0.197530864,1.0,7.608695652000001,1
1,5,35,0,0,8,7297,0.142857143,0.857142857,0,12.5,0.12,0.133333333,4.5,1
0,6,86,112,1,5,6017,0.058139535,0.941860465,0,100.0,0.0,0.024691358,5.0,0
0,5,103,136316,1,9,5822,0.378640777,0.621359223,0,0.0,0.0,0.0,5.5,0
1,5,22,0,0,17,5626,0.181818182,0.818181818,0,25.0,0.055555556,0.277777778,7.666666667,1
1,2,30,0,0,32,5756,0.966666667,0.033333333,0,100.0,0.272727273,0.0,14.66666667,1
0,5,29,33089,1,0,5313,0.793103448,0.206896552,0,100.0,0.0,0.0,0.0,0
1,5,13,0,0,0,7295,0.076923077,0.923076923,0,16.66666667,0.029411765,0.833333333,0.0,1
0,1,33,8669000,0,8,3180,0.96969697,0.03030303,0,90.0,0.0,1.0,8.0,0
0,2,5,0,1,0,2756,0.6,0.4,0,0.0,0.0,0.5,0.0,0
0,5,28,0,0,0,7298,0.285714286,0.7142857140000001,0,83.33333333,0.0,0.1,0.0,0
1,2,11,5403,0,0,2634,0.0,1.0,0,0.0,0.0,0.0,0.0,1
1,5,21,0,0,0,5614,0.19047619,0.80952381,0,25.0,0.0,0.176470588,0.0,1
1,2,22,0,1,32,2300,0.545454545,0.454545455,2,60.0,0.255102041,0.0,8.142857142999999,1
0,1,201,0,0,0,-1,0.975124378,0.024875622,0,93.61702128,0.0,0.0,0.0,0
0,6,97,14668,0,7,5415,0.773195876,0.226804124,0,21.42857143,0.0,0.363636364,3.666666667,0
1,0,13,0,0,4,4698,0.846153846,0.153846154,0,0.0,0.0,0.0,4.0,1
1,0,163,0,0,3,-1,0.245398773,0.754601227,0,29.62962963,0.45,0.024390244,2.25,1
1,0,45,8687032,0,0,614,1.0,0.0,0,0.0,0.19047619,0.0,0.0,1
0,4,213,343984,1,8,4744,0.79342723,0.20657277,0,23.25581395,0.0,0.386363636,5.666666667,0
1,5,83,0,0,4,5613,0.469879518,0.5301204820000001,0,56.92307692,0.098039216,0.363636364,4.0,1
0,4,44,12559,1,2,-1,0.409090909,0.590909091,0,77.77777778,0.0,0.076923077,2.0,0
0,5,101,2190,0,10,7616,0.6336633660000001,0.366336634,0,84.44444444,0.0,0.027027027,5.0,0
0,4,0,0,1,8,6898,0.0,0.0,0,0.0,0.0,0.0,4.166666667,0
1,5,395,27235,1,9,8395,0.979746835,0.020253165,0,88.73239437,0.0,0.375,6.625,0
0,4,293,3012424,1,0,5887,0.3959044370000001,0.604095563,0,8.045977011,0.0,0.0,0.0,0
1,3,79,1174408,1,4,5936,0.987341772,0.012658228,0,0.0,0.0,1.0,3.0,0
0,4,37,962441,1,0,2031,0.432432432,0.567567568,0,38.88888889,0.0,0.142857143,0.0,0
0,3,187,4265998,1,0,7436,0.994652406,0.005347594,0,97.6744186,0.0,0.0,0.0,0
1,6,240,600,1,10,7836,0.779166667,0.220833333,0,31.25,0.037735849,0.245283019,6.333333333,0
0,1,28,4426013,1,0,5510,0.8214285709999999,0.1785714289999999,0,60.0,0.0,0.6,0.0,0
0,4,100,729629,1,0,2095,0.95,0.05,0,80.0,0.0,0.2,0.0,0
1,6,54,67484,1,13,8976,0.7777777779999999,0.222222222,1,44.44444444,0.14516129,0.25,5.2,0
1,5,4,7198650,0,0,5613,0.75,0.25,0,0.0,0.088235294,0.0,0.0,1
0,7,822,12,0,8,7131,0.913625304,0.086374696,0,66.50943396,0.0,0.323943662,6.75,0
0,6,170,12761,1,11,8149,0.652941176,0.347058824,0,80.0,0.0,0.13559322,6.0,0
1,5,19,0,0,67,5616,0.6315789470000001,0.368421053,0,100.0,0.114649682,0.0,20.6,1
1,2,18,0,0,4,2064,0.944444444,0.055555556,1,100.0,0.0,0.0,4.0,1
0,3,433,2130,1,0,1029,0.990762125,0.009237875,0,78.57142857,0.0,0.25,0.0,0
1,5,35,0,0,9,7297,0.142857143,0.857142857,0,12.5,0.117647059,0.133333333,4.75,1
0,5,45,20789,0,10,7187,0.977777778,0.022222222,0,100.0,0.0,0.0,9.0,0
1,0,23,0,0,8,2315,1.0,0.0,0,0.0,0.06,0.0,6.333333333,1
1,5,22,0,1,5,5627,0.181818182,0.818181818,1,25.0,0.0,0.277777778,5.0,1
0,5,0,103920,1,11,2634,0.0,0.0,0,0.0,0.0,0.0,6.714285714,0
0,3,662,3310199,1,0,1774,0.968277946,0.031722054,0,73.91304348,0.0,0.142857143,0.0,0
1,0,51,5707171,0,17,3993,1.0,0.0,0,100.0,0.111111111,0.0,8.142857142999999,1
1,0,34,0,0,6,-1,1.0,0.0,1,100.0,0.013157895,0.0,5.0,1
0,7,756,12,0,6,7129,0.85978836,0.14021164,0,56.55737705,0.0,0.462264151,5.333333333,0
0,3,132,255167,1,0,6372,0.992424242,0.007575758,0,83.33333333,0.0,0.0,0.0,0
0,3,33,0,1,0,4431,0.696969697,0.303030303,0,50.0,0.0,0.5,0.0,0
1,4,32,0,1,7,2108,1.0,0.0,0,100.0,0.035087719,0.0,4.285714286,1
1,5,22,6517773,0,15,5627,0.181818182,0.818181818,0,25.0,0.0,0.277777778,9.5,1
0,5,0,42327,0,7,9335,0.0,0.0,0,0.0,0.117647059,0.0,4.4,0
1,0,13,0,0,7,-1,0.7692307690000001,0.230769231,0,0.0,0.0,0.0,5.5,1
1,0,51,5707171,0,17,3993,1.0,0.0,0,100.0,0.125984252,0.0,7.375,1
1,7,162,24269,1,10,9614,0.8827160490000001,0.117283951,0,50.0,0.0,0.0,6.666666667,0
1,1,62,0,1,7,707,0.983870968,0.0161290319999999,0,87.5,0.011363636,0.0,5.5,1
0,4,140,1644193,1,8,7506,0.971428571,0.028571429,0,66.66666667,0.0,0.75,5.0,0
0,2,109,0,0,0,7423,0.871559633,0.128440367,0,100.0,0.0,0.0,0.0,0
0,3,92,5928917,1,0,5219,0.913043478,0.086956522,0,50.0,0.0,0.625,0.0,0
1,0,10,0,0,7,62,0.6,0.4,0,50.0,0.0,0.25,4.0,1
0,4,86,73113,1,12,2703,0.627906977,0.372093023,0,46.15384615,0.045454545,0.21875,5.466666667,0
1,0,0,0,1,2,2334,0.0,0.0,0,0.0,0.0,0.0,2.0,1
0,3,5,0,1,8,-1,0.8,0.2,0,66.66666667,0.0,1.0,7.333333333,0
1,5,89,2920,1,23,7811,0.853932584,0.146067416,0,18.18181818,0.0123456789999999,0.076923077,10.2,0
1,0,10,0,0,8,4503,0.1,0.9,4,0.0,0.0,0.222222222,5.0,1
0,5,285,316,1,10,9184,0.757894737,0.242105263,0,1.470588235,0.0,0.0144927539999999,8.0,0
0,7,1175,12,0,9,7133,0.96,0.04,0,78.03738318,0.0,0.446808511,6.0,0
0,6,207,689,1,9,6256,0.8647343000000001,0.1352657,0,53.33333333,0.0,0.0,9.0,0
1,2,31,4669,0,17,1546,0.225806452,0.774193548,0,4.347826087,0.125,0.125,17.0,1
0,3,251,496378,1,0,8611,0.756972112,0.243027888,0,2.380952381,0.0,0.31147541,0.0,0
0,2,82,680422,1,0,1369,0.890243902,0.109756098,0,88.88888889,0.0,0.0,0.0,0
0,6,9,337,1,6,6217,0.666666667,0.333333333,0,0.0,0.162162162,0.666666667,5.0,0
0,5,89,2192,0,10,7618,0.573033708,0.426966292,0,65.0,0.0,0.052631579,7.333333333,0
0,5,9,32,0,38,7764,0.0,1.0,0,0.0,0.045454545,0.0,14.28571429,1
0,4,263,490195,1,0,4363,0.923954373,0.076045627,0,45.45454545,0.0,0.05,0.0,0
1,0,28,0,1,6,-1,1.0,0.0,0,100.0,0.0,0.0,5.666666667,1
1,5,18,0,0,9,5616,0.5555555560000001,0.444444444,0,25.0,0.155963303,0.375,5.222222222,1
1,0,51,5707171,0,17,3993,1.0,0.0,0,100.0,0.1623931619999999,0.0,8.142857142999999,1
0,4,0,412065,0,0,-1,0.0,0.0,0,0.0,0.0,0.0,0.0,0
0,2,94,0,1,0,1466,0.882978723,0.117021277,0,85.24590164,0.0,0.363636364,0.0,0
1,0,3,0,0,94,756,1.0,0.0,1,0.0,0.156342183,0.0,29.2,1
1,0,51,5697976,0,17,3992,1.0,0.0,0,100.0,0.194915254,0.0,7.375,1
0,2,58,4794892,1,0,4454,0.74137931,0.25862069,0,58.82352941,0.0,0.133333333,0.0,0
0,8,152,136,1,11,5222,0.644736842,0.355263158,0,30.76923077,0.041666667,0.0,6.666666667,0
0,2,267,985767,0,0,3459,0.224719101,0.7752808990000001,0,4.587155963,0.0,0.816425121,0.0,0
1,5,126,5450,1,9,8759,0.753968254,0.246031746,0,20.68965517,0.097560976,0.129032258,6.0,0
1,5,25,605314,1,8,8173,0.96,0.04,0,100.0,0.0,0.0,5.25,0
1,0,0,0,1,12,2100,0.0,0.0,0,0.0,0.115384615,0.0,6.25,1
1,5,98,49703,1,5,5621,0.8979591840000001,0.102040816,0,69.23076923,0.0,0.6,3.75,0
1,0,6,0,1,7,1072,1.0,0.0,1,0.0,0.0,0.0,6.0,1
0,5,119,10753,0,7,5349,0.571428571,0.428571429,0,0.0,0.0,0.196078431,6.0,0
0,2,34,1082977,0,5,7202,0.058823529,0.941176471,0,0.0,0.0,0.125,5.0,1
1,7,0,376,1,32,7489,0.0,0.0,0,0.0,0.4074074070000001,0.0,8.333333332999999,1
1,0,17,0,0,0,117,0.411764706,0.588235294,0,25.0,0.0,0.1,0.0,1
1,9,0,3523,0,7,-1,0.0,0.0,0,0.0,0.142857143,0.0,7.0,1
0,4,28,182661,0,0,-1,0.7142857140000001,0.285714286,0,53.84615385,0.0,0.0,0.0,0
0,3,18,2136171,1,0,4451,0.5,0.5,0,77.14285714,0.0,0.444444444,0.0,0
1,0,12,842411,0,5,1736,0.833333333,0.166666667,0,0.0,0.0,0.0,4.5,1
1,0,51,5707171,0,15,3993,1.0,0.0,0,100.0,0.220588235,0.0,8.5,1
1,0,12,0,1,25,2231,1.0,0.0,1,100.0,0.150684932,0.0,6.285714286,1
1,2,0,0,0,6,-1,0.0,0.0,0,0.0,0.088235294,0.0,4.0,1
1,0,1,0,0,4,1887,1.0,0.0,0,0.0,0.0,0.0,3.666666667,1
1,0,0,0,1,4,5088,0.0,0.0,1,0.0,0.0,0.0,4.0,1
0,10,10,1,0,33,8348,0.0,1.0,0,0.0,0.090909091,0.0,13.0,1
1,0,4,5828815,1,17,4004,1.0,0.0,0,100.0,0.154471545,0.0,7.375,1
0,5,9,32,0,38,7765,0.0,1.0,0,0.0,0.037878788,0.0,14.28571429,1
0,3,520,1136817,1,0,4525,0.976923077,0.023076923,0,38.46153846,0.0,0.333333333,0.0,0
1,0,51,5707171,0,17,3993,1.0,0.0,0,100.0,0.112,0.0,8.142857142999999,1
1,0,1,0,0,8,72,1.0,0.0,0,0.0,0.0,0.0,5.125,1
1,1,3,0,1,7,111,1.0,0.0,0,0.0,0.0,0.0,3.75,1
1,0,0,0,0,3,7307,0.0,0.0,1,0.0,0.0,0.0,3.0,1
0,4,99,3862928,1,20,3952,0.97979798,0.02020202,1,0.0,0.0,0.5,14.0,0
1,2,130,470719,0,0,2367,0.938461538,0.061538462,0,100.0,0.125,0.25,0.0,0
0,5,4,22448,0,0,2620,1.0,0.0,0,0.0,0.0,0.0,0.0,0
0,5,84,558870,0,0,8337,0.80952381,0.19047619,0,23.52941176,0.0,0.375,0.0,0
1,0,237,0,0,7,2,0.852320675,0.147679325,0,84.32432432,0.0,0.114285714,4.0,1
1,2,12,0,1,7,3859,0.0,1.0,2,0.0,0.0,0.0,5.0,1
0,5,23,18610,1,8,5601,0.391304348,0.608695652,0,25.0,0.07,0.571428571,4.846153846,0
0,5,129,37416,1,10,6384,0.255813953,0.744186047,0,48.7804878,0.0,0.09375,5.5,0
1,4,27,421761,1,6,3250,0.185185185,0.814814815,0,0.0,0.0,0.0,6.0,1
0,3,651,403988,1,4,9336,0.955453149,0.044546851,0,80.95238095,0.0,0.103448276,2.75,0
1,0,88,0,0,32,2046,0.897727273,0.102272727,3,85.71428571,0.155339806,0.5555555560000001,9.0,1
1,0,51,5707171,0,17,3993,1.0,0.0,0,100.0,0.163793103,0.0,8.142857142999999,1
0,5,571,14420,0,7,6070,0.7828371279999999,0.217162872,0,32.55813953,0.0,0.0161290319999999,6.0,0
1,3,30,19754,0,0,5789,0.033333333,0.966666667,0,0.0,0.0625,0.24137931,0.0,1
1,0,10,0,0,4,2363,0.2,0.8,0,0.0,0.0,0.125,3.0,1
1,4,7,0,0,38,8018,0.0,1.0,0,0.0,0.023076923,0.0,8.1,1
1,3,6,0,0,13,4609,0.333333333,0.666666667,4,0.0,0.0,0.0,5.076923077,1
1,5,21,0,0,5,5627,0.19047619,0.80952381,1,25.0,0.117647059,0.294117647,5.0,1
1,3,1,18263,0,288,7086,0.0,1.0,0,0.0,0.479302832,0.0,29.57142857,1
1,7,24,37405,0,6,3154,0.041666667,0.958333333,0,14.28571429,0.047619048,0.130434783,6.0,1
1,2,16,0,1,8,6082,0.0625,0.9375,0,0.0,0.0,0.2,6.5,1
0,10,1,1,2,29,8348,1.0,0.0,0,100.0,0.107526882,0.0,7.473684211,1
1,0,24,514430,0,0,2532,1.0,0.0,2,100.0,0.0,0.0,0.0,1
0,6,170,216850,1,9,3824,0.5352941179999999,0.464705882,0,5.8823529410000015,0.066037736,0.189873418,4.571428571,0
1,2,0,47895,0,32,-1,0.0,0.0,0,0.0,0.381818182,0.0,32.0,1
1,2,19,9101242,0,8,3322,1.0,0.0,4,100.0,0.011363636,0.0,4.6363636360000005,1
1,0,0,0,0,9,1014,0.0,0.0,0,0.0,0.0,0.0,6.5,1
0,3,73,2210290,0,0,2200,0.698630137,0.301369863,0,51.35135135,0.0,0.772727273,0.0,0
1,0,3,0,0,11,2597,0.0,1.0,0,0.0,0.0,0.0,6.75,1
0,6,158,573,1,9,8957,0.601265823,0.398734177,0,46.15384615,0.0,0.063492063,5.333333333,0
1,7,9,703,0,11,-1,0.5555555560000001,0.444444444,1,55.55555556,0.02173913,0.0,6.375,0
0,3,33,56631,1,5,8981,0.636363636,0.363636364,0,64.28571429,0.046511628,0.4166666670000001,4.0,0
1,0,31,0,1,17,-1,0.483870968,0.516129032,1,0.0,0.382716049,0.4375,9.769230769,1
0,5,232,15045,1,5,7294,0.99137931,0.00862069,0,100.0,0.0,0.0,4.0,0
1,0,0,0,0,4,467,0.0,0.0,1,0.0,0.0,0.0,3.0,1
0,3,186,476936,1,0,5742,1.0,0.0,0,100.0,0.0,0.0,0.0,0
0,3,70,5332182,0,0,8704,0.9,0.1,0,50.0,0.0,0.0,0.0,0
1,1,4,0,0,9,4726,1.0,0.0,3,100.0,0.038961039,0.0,5.777777778,1
0,4,121,17569,0,7,2133,0.58677686,0.41322314,0,68.0,0.0,0.04,7.0,0
1,3,38,4365,0,10,1953,0.578947368,0.421052632,1,100.0,0.090909091,0.0,10.0,1
0,4,13,0,1,6,-1,0.846153846,0.153846154,0,0.0,0.150943396,0.0,3.666666667,0
1,3,6,0,0,13,4609,0.333333333,0.666666667,4,0.0,0.0,0.0,5.285714286,1
1,4,145,2358006,0,6,2354,0.068965517,0.931034483,0,6.024096386,0.1,0.133333333,6.0,1
0,8,106,0,0,0,7448,0.603773585,0.396226415,0,100.0,0.0,0.0,0.0,0
0,4,44,94470,1,0,-2,0.681818182,0.318181818,0,75.0,0.0,0.7857142859999999,0.0,0
0,5,131,214090,1,10,4628,0.93129771,0.06870229,0,83.33333333,0.027027027,0.111111111,6.5,0
1,2,0,0,0,10,2381,0.0,0.0,4,0.0,0.0,0.0,5.714285714,1
1,3,41,1086,0,0,1192,0.5121951220000001,0.487804878,1,0.0,0.0,0.15,0.0,1
1,0,51,5707171,0,17,3992,1.0,0.0,0,100.0,0.14516129,0.0,8.142857142999999,1
1,0,0,0,1,6,2899,0.0,0.0,1,0.0,0.02173913,0.0,3.8,1
1,0,51,5707171,0,17,3992,1.0,0.0,0,100.0,0.188976378,0.0,7.375,1
1,3,1,18105,0,0,7086,0.0,1.0,0,0.0,0.0,0.0,0.0,1
1,4,0,348917,1,10,4858,0.0,0.0,0,0.0,0.086956522,0.0,6.8,0
0,0,0,0,0,2,1780,0.0,0.0,0,0.0,0.0,0.0,2.0,1
0,5,151,99,0,9,4059,0.7350993379999999,0.264900662,0,84.61538462,0.068965517,0.025,4.6,0
1,0,0,0,1,487,3574,0.0,0.0,2,0.0,0.247787611,0.0,86.83333333,1
0,10,42,2,1,9,5639,0.595238095,0.404761905,0,0.0,0.069767442,0.0,4.0,0
1,5,16,0,0,0,7295,0.1875,0.8125,0,14.28571429,0.0,0.846153846,0.0,1
0,0,11,0,1,7,-1,1.0,0.0,2,0.0,0.0,0.0,4.714285714,1
0,2,22,829814,0,10,3583,0.545454545,0.454545455,0,50.0,0.0,0.0,6.75,0
1,0,0,0,1,7,-1,0.0,0.0,0,0.0,0.025641026,0.0,5.0,1
0,2,45,258301,1,0,-1,0.7333333329999999,0.266666667,0,73.07692308,0.0,0.166666667,0.0,0
1,0,76,0,1,8,614,0.342105263,0.657894737,3,0.0,0.0,0.24,5.625,1
1,0,0,9213096,0,5,-1,0.0,0.0,0,0.0,0.083333333,0.0,5.0,1
1,1,4,0,1,8,3403,1.0,0.0,3,100.0,0.0,0.0,4.166666667,1
1,0,4,5816617,0,17,4003,1.0,0.0,0,100.0,0.1875,0.0,7.375,1
1,6,8,22211,0,3,1338,1.0,0.0,0,0.0,0.216216216,0.0,3.0,1
1,0,4,0,0,7,3318,1.0,0.0,1,100.0,0.022727273,0.0,4.333333333,1
1,5,162,1811,0,11,3306,0.975308642,0.024691358,0,84.61538462,0.039215686,0.75,5.6,0
1,4,206,565105,1,8,7903,0.640776699,0.359223301,0,85.29411765,0.083333333,1.810810811,6.0,0
1,6,8,22317,0,4,1337,1.0,0.0,0,0.0,0.0,0.0,1.5,1
0,7,0,4315,0,11,9553,0.0,0.0,1,0.0,0.058823529,0.0,5.0,0
0,5,102,96532,1,0,7371,0.931372549,0.0686274509999999,0,100.0,0.0,0.142857143,0.0,0
0,9,1,24,0,12,-1,0.0,1.0,0,0.0,0.144230769,0.0,4.5625,1
1,0,0,8237707,0,4,4633,0.0,0.0,0,0.0,0.0,0.0,3.5,1
1,0,22,0,0,7,5014,0.681818182,0.318181818,2,25.0,0.059701493,0.571428571,5.428571429,1
1,1,7,0,0,0,7595,0.857142857,0.142857143,0,0.0,0.0,0.0,0.0,1
0,4,123,2728729,1,0,-1,0.12195122,0.87804878,0,15.68627451,0.0,0.027777778,0.0,0
0,4,236,1093774,1,0,-1,0.966101695,0.033898305,0,58.82352941,0.0,0.125,0.0,0
1,2,5,0,0,0,2837,0.8,0.2,0,75.0,0.0,0.0,0.0,1
0,3,62,2368814,1,0,-1,0.935483871,0.064516129,0,66.66666667,0.0,0.25,0.0,0
1,2,0,0,0,7,7039,0.0,0.0,0,0.0,0.0,0.0,5.5,1
0,4,37,488586,0,9,5177,0.297297297,0.7027027029999999,0,45.16129032,0.123076923,0.423076923,4.857142857,0
1,0,0,0,0,3,-1,0.0,0.0,0,0.0,0.0,0.0,3.0,1
1,2,13,0,1,9,2429,0.153846154,0.846153846,0,50.0,0.0,0.090909091,6.6,1
1,2,81,233673,0,5,2344,0.851851852,0.148148148,0,40.0,0.0,0.4166666670000001,4.0,0
0,5,20,137923,1,0,8479,1.0,0.0,0,0.0,0.0,0.0,0.0,0
1,0,21,0,0,8,-1,0.857142857,0.142857143,2,77.77777778,0.0161290319999999,0.666666667,4.571428571,1
1,0,21,0,1,10,-1,0.428571429,0.571428571,3,33.33333333,0.047979798,0.0,3.986842105,1
0,0,17,0,1,0,78,0.058823529,0.941176471,0,50.0,0.055555556,0.0,0.0,1
1,0,4,0,0,40,330,1.0,0.0,1,100.0,0.195767196,0.0,10.63636364,1
1,0,17,0,0,0,220,0.411764706,0.588235294,0,25.0,0.0,0.1,0.0,1
0,6,118,3754,1,8,8435,0.8728813559999999,0.127118644,0,88.73239437,0.0,0.333333333,5.8,0
1,0,51,5707171,0,17,3993,1.0,0.0,0,100.0,0.188976378,0.0,7.375,1
0,4,31,76260,0,11,7545,0.387096774,0.612903226,0,18.18181818,0.0625,0.105263158,5.6,0
1,2,1,0,0,7,2963,0.0,1.0,1,0.0,0.047619048,0.0,4.75,1
1,4,7,433561,0,8,3014,1.0,0.0,1,0.0,0.081632653,0.0,6.0,1
1,1,47,341948,0,0,1950,0.0,1.0,1,0.0,0.0,0.0,0.0,1
1,6,162,5344,1,9,7537,0.7345679009999999,0.265432099,0,27.27272727,0.068965517,0.023255814,6.333333333,0
0,5,260,72924,1,10,6840,0.988461538,0.011538462,0,33.33333333,0.0,0.666666667,5.75,0
0,2,54,300677,0,0,-1,0.8888888890000001,0.111111111,0,0.0,0.0,0.5,0.0,0
0,3,195,1068010,1,0,2566,0.8256410259999999,0.1743589739999999,0,37.5,0.0,0.235294118,0.0,0
1,3,8,4365,0,16,1953,0.125,0.875,0,0.0,0.078431373,0.0,16.0,1
1,6,0,886,0,11,5658,0.0,0.0,0,0.0,0.044776119,0.0,8.25,1
1,2,5,3476673,1,11,-1,1.0,0.0,0,0.0,0.013333333,0.0,6.0,1
0,4,0,774417,0,0,2695,0.0,0.0,0,0.0,0.0,0.0,0.0,0
0,2,121,1134435,1,0,3320,0.975206612,0.024793388,0,91.17647059,0.0,1.0,0.0,0
1,5,1,61657,0,6,-1,0.0,1.0,0,0.0,0.090909091,0.0,6.0,1
1,0,0,0,1,6,348,0.0,0.0,0,0.0,0.098039216,0.0,3.8,1
1,1,12,943419,0,0,7253,0.0,1.0,0,0.0,0.0,0.583333333,0.0,1
0,6,127,1126,1,9,9283,0.322834646,0.6771653540000001,0,10.20408163,0.0,0.220930233,5.25,0
0,6,182,689,0,11,6256,0.895604396,0.104395604,0,76.19047619,0.018518519,0.0,11.0,0
0,2,25,0,1,0,-1,0.8,0.2,0,37.5,0.0,0.2,0.0,0
0,7,77,4156,0,7,6128,0.961038961,0.038961039,0,90.90909091,0.0,0.333333333,4.5,0
0,6,241,181,1,7,5883,0.954356846,0.045643154,0,94.87179487,0.0,0.0,4.666666667,0
0,7,254,12,0,6,7133,0.940944882,0.059055118,0,54.54545455,0.0,0.466666667,4.166666667,0
0,4,32,850615,1,7,6743,0.71875,0.28125,0,46.15384615,0.0,0.333333333,7.0,0
1,0,0,0,0,6,998,0.0,0.0,0,0.0,0.0,0.0,4.5,1
0,7,686,12,0,7,7133,0.8965014579999999,0.103498542,0,61.62162162,0.0,0.704225352,6.0,0
0,3,15,2866973,1,6,5522,0.666666667,0.333333333,0,66.66666667,0.0,0.0,3.714285714,0
1,1,17,0,1,9,-1,0.764705882,0.235294118,2,63.63636364,0.0,0.0,6.5,1
1,0,184,0,0,0,-1,0.913043478,0.086956522,0,46.15384615,0.0,0.625,0.0,1
1,0,0,0,0,9,-1,0.0,0.0,1,0.0,0.257575758,0.0,3.181818182,1
1,2,31,149347,0,0,1633,0.161290323,0.838709677,0,0.0,0.0,0.0,0.0,1
1,4,118,74,0,11,5454,1.0,0.0,2,0.0,0.05,0.0,6.5,0
1,3,0,17623,0,6,5985,0.0,0.0,0,0.0,0.208333333,0.0,4.333333333,1
0,8,73,1496780,0,0,7448,0.150684932,0.849315068,0,33.33333333,0.0,0.032258065,0.0,0
1,4,72,178807,0,0,3700,1.0,0.0,1,0.0,0.272727273,0.0,0.0,1
0,5,123,379,1,7,5046,0.943089431,0.056910569,0,64.28571429,0.0,0.142857143,6.0,0
1,0,0,0,1,14,3630,0.0,0.0,3,0.0,0.047619048,0.0,8.0,1
1,2,0,0,1,6,3386,0.0,0.0,1,0.0,0.0,0.0,4.5,1
0,7,81,41369,1,7,6477,0.950617284,0.0493827159999999,0,100.0,0.027027027,0.0,3.333333333,0
1,6,191,6500,1,8,9746,0.77486911,0.22513089,0,54.83870968,0.088607595,0.209302326,6.285714286,0
0,3,126,0,1,0,6092,0.8888888890000001,0.111111111,0,97.24770642,0.0,0.071428571,0.0,0
1,0,11,0,0,6,-1,0.909090909,0.090909091,1,0.0,0.0,1.0,4.333333333,1
1,0,4,0,0,6,-1,1.0,0.0,1,100.0,0.026315789,0.0,6.0,1
0,7,112,6785,1,10,4305,0.071428571,0.928571429,1,21.05263158,0.010309278,0.134615385,4.666666667,0
1,0,51,5697976,0,17,3992,1.0,0.0,0,100.0,0.149606299,0.0,7.375,1
1,5,11,16063,0,0,2191,0.0,1.0,0,0.0,0.0,0.0,0.0,1
1,0,18,0,1,5,3,0.833333333,0.166666667,1,100.0,0.02,0.0,3.5,1
1,2,30,0,1,32,5767,0.966666667,0.033333333,0,100.0,0.209876543,0.0,14.66666667,1
1,0,66,0,0,9,3271,1.0,0.0,0,0.0,0.0,0.0,7.0,1
0,4,49,408523,1,0,3157,0.734693878,0.265306122,0,50.0,0.0,0.153846154,0.0,0
1,0,0,0,1,9,-1,0.0,0.0,0,0.0,0.026666667,0.0,5.75,1
0,4,0,872336,1,6,3995,0.0,0.0,0,0.0,0.1707317069999999,0.0,4.25,0
1,6,0,685,0,12,12811,0.0,0.0,1,0.0,0.015384615,0.0,8.25,0
1,5,21,0,0,7,5616,0.19047619,0.80952381,2,25.0,0.0,0.176470588,3.8,1
0,8,32,62,0,12,6240,0.4375,0.5625,0,0.0,0.018691589,0.833333333,5.230769231,0
1,0,0,0,0,6,1111,0.0,0.0,0,0.0,0.0,0.0,5.0,1
1,1,0,0,1,9,4283,0.0,0.0,5,0.0,0.0,0.0,6.285714286,1
0,7,405,12,0,7,7130,0.965432099,0.034567901,0,68.18181818,0.0,0.5,5.4,0
1,8,9,115,1,7,5160,0.666666667,0.333333333,0,0.0,0.0,0.666666667,6.5,0
1,5,263,143145,1,12,9037,0.901140684,0.098859316,0,91.83673469,0.0,0.115384615,8.125,0
0,5,200,6844,1,10,6670,0.58,0.42,0,11.53846154,0.0,0.0,5.0,0
0,3,59,865772,1,0,-1,0.661016949,0.338983051,0,68.57142857,0.0,0.15,0.0,0
0,5,82,2794767,0,0,7299,0.341463415,0.658536585,0,0.0,0.0,0.333333333,0.0,0
1,5,0,0,0,7,5614,0.0,0.0,0,0.0,0.111111111,0.0,5.333333333,1
0,5,58,54592,1,11,7336,0.965517241,0.034482759,0,0.0,0.0,0.5,6.285714286,0
0,5,537,954040,1,0,5456,0.977653631,0.022346369,0,75.0,0.0,0.0,0.0,0
1,0,4,5816617,0,17,4003,1.0,0.0,0,100.0,0.125,0.0,7.375,1
0,5,101,53310,1,8,8017,1.0,0.0,0,0.0,0.0,0.0,4.8,0
0,6,96,6628,1,9,6679,0.229166667,0.770833333,0,29.16666667,0.030769231,0.094594595,5.333333333,0
0,4,111,170901,1,0,4933,0.747747748,0.252252252,0,30.0,0.0,0.321428571,0.0,0
0,2,30,3518615,1,6,889,0.7333333329999999,0.266666667,0,33.33333333,0.0,0.25,5.5,1
1,2,25,0,0,0,-1,0.48,0.52,0,0.0,0.0,0.0,0.0,1
0,5,115,4148,0,13,9127,0.539130435,0.460869565,0,34.48275862,0.063291139,0.471698113,8.2,0
0,5,67,5952916,1,0,3172,0.71641791,0.28358209,0,0.0,0.0,0.210526316,0.0,0
0,4,85,207068,1,13,9021,0.976470588,0.023529412,0,0.0,0.0,0.0,10.0,0
1,0,4,0,0,7,3318,1.0,0.0,1,100.0,0.06779661,0.0,4.166666667,1
1,0,7,0,0,7,657,0.7142857140000001,0.285714286,3,0.0,0.0,0.0,3.857142857,1
1,0,4,5816617,0,17,4003,1.0,0.0,0,100.0,0.109375,0.0,7.375,1
0,3,0,2758579,1,10,-1,0.0,0.0,0,0.0,0.0,0.0,6.0,0
1,0,0,0,0,12,2102,0.0,0.0,0,0.0,0.12244898,0.0,6.25,1
1,7,172,256,1,10,7804,0.668604651,0.331395349,0,46.66666667,0.1,0.280701754,4.5,0
1,0,0,0,0,10,214,0.0,0.0,0,0.0,0.0,0.0,10.0,1
0,2,299,1716959,0,0,1971,0.816053512,0.183946488,0,50.0,0.0,0.109090909,0.0,0
0,1,16,46135,0,4,809,0.5,0.5,0,0.0,0.0,0.0,2.5,1
1,2,23,0,1,15,-1,1.0,0.0,3,0.0,0.119565217,0.0,5.1,1
1,2,0,0,0,15,7211,0.0,0.0,0,0.0,0.041958042,0.0,7.75,1
1,5,14,0,0,0,7295,0.071428571,0.928571429,0,14.28571429,0.022222222,0.846153846,0.0,1
1,8,0,0,0,89,5158,0.0,0.0,0,0.0,0.352941176,0.0,31.33333333,1
0,2,36,3973747,1,7,3823,0.944444444,0.055555556,0,0.0,0.0,0.0,5.5,0
1,1,28,8441470,0,0,7142,0.25,0.75,0,4.545454545,0.085714286,0.142857143,0.0,1
0,3,63,147176,0,10,5509,0.857142857,0.142857143,0,100.0,0.0,0.0,6.125,0
0,7,683,12,0,8,7133,0.960468521,0.039531479,0,62.5,0.0,0.4074074070000001,6.0,0
0,2,31,1196152,0,0,1015,0.032258065,0.967741935,0,0.0,0.0,0.1,0.0,1
1,0,1,6980407,1,7,2053,1.0,0.0,0,0.0,0.0,0.0,7.0,1
0,0,1,0,0,3,-1,1.0,0.0,0,100.0,0.3666666670000001,0.0,2.833333333,1
1,5,35,71053,1,6,3057,0.514285714,0.485714286,0,0.0,0.0,0.411764706,4.5,0
1,0,7,0,0,9,2563,1.0,0.0,0,100.0,0.078431373,0.0,5.75,1
0,5,116,41958,1,9,8443,1.0,0.0,0,100.0,0.0,0.0,6.6,0
0,2,37,2108905,0,0,6344,0.783783784,0.216216216,0,36.36363636,0.0,0.0,0.0,0
0,7,218,3499,1,8,10316,0.8440366970000001,0.155963303,0,23.80952381,0.092307692,0.205882353,6.166666667,0
0,2,96,2854858,1,0,8423,0.9375,0.0625,0,50.0,0.0,0.333333333,0.0,0
1,0,139,0,0,7,-1,0.863309353,0.136690647,2,88.57142857,0.0,0.0,4.833333333,1
0,4,337,963630,1,0,-1,0.896142433,0.103857567,0,37.03703704,0.0,0.285714286,0.0,0
0,4,1,772418,1,0,5760,1.0,0.0,0,0.0,0.0,0.0,0.0,0
0,4,78,625423,1,0,5058,0.115384615,0.884615385,0,57.14285714,0.166666667,0.072463768,0.0,0
0,5,75,24730,0,4,-1,0.906666667,0.093333333,0,100.0,0.148148148,0.0,4.0,0
0,6,8,20989,0,0,1336,1.0,0.0,0,0.0,0.034482759,0.0,0.0,1
0,2,34,0,1,0,4804,0.588235294,0.411764706,0,47.36842105,0.0,0.071428571,0.0,0
1,0,6,3961768,0,12,677,0.833333333,0.166666667,0,100.0,0.29,0.0,6.142857143,1
0,5,194,475483,1,0,7508,0.907216495,0.092783505,0,61.11111111,0.0,0.222222222,0.0,0
0,5,215,99,0,10,4061,0.76744186,0.23255814,0,83.33333333,0.064102564,0.1,5.714285714,0
0,4,157,343636,1,0,4624,0.923566879,0.0764331209999999,0,12.5,0.0,0.166666667,0.0,0
0,6,149,2603,1,6,8047,0.946308725,0.053691275,0,84.21052632,0.0,0.0,3.75,0
0,4,37,2239411,1,0,3124,0.540540541,0.459459459,0,92.30769231,0.0,0.058823529,0.0,0
0,5,472,4967,1,8,9261,0.993644068,0.006355932,0,93.33333333,0.075757576,0.333333333,2.9,0
0,4,134,23930,0,7,6485,0.932835821,0.067164179,0,52.94117647,0.0,0.111111111,5.0,0
1,3,24,0,0,0,6381,0.0,1.0,0,0.0,0.117647059,0.0,0.0,1
0,6,146,3700,0,8,6661,0.945205479,0.054794521,0,77.27272727,0.0,0.25,5.333333333,0
0,6,0,30064,1,9,-1,0.0,0.0,1,0.0,0.086419753,0.0,5.2,0
1,0,0,0,0,7,497,0.0,0.0,3,0.0,0.0,0.0,5.0,1
1,0,23,0,0,5,-1,0.0,1.0,0,0.0,0.0,0.043478261,4.0,1
1,0,51,5707171,1,17,3993,1.0,0.0,0,100.0,0.171875,0.0,8.142857142999999,1
0,3,52,0,1,0,2169,0.846153846,0.153846154,0,83.33333333,0.08,0.125,0.0,0
1,0,4,0,0,17,1834,1.0,0.0,0,100.0,0.283185841,0.0,17.0,1
1,6,58,384,0,32,7828,0.0,1.0,0,0.0,0.166666667,0.0,16.5,1
1,0,0,0,0,50,-1,0.0,0.0,0,0.0,0.364705882,0.0,19.0,1
1,1,1,302094,0,36,2975,1.0,0.0,1,0.0,0.141935484,0.0,7.333333333,1
0,5,166,3682,1,10,8710,0.981927711,0.018072289,0,57.14285714,0.0,0.0,6.5,0
1,2,98,6616194,1,32,3032,0.8469387759999999,0.153061224,3,82.60869565,0.103448276,0.4,8.333333332999999,1
1,4,74,179705,0,0,3698,1.0,0.0,1,100.0,0.272727273,0.0,0.0,1
0,6,204,688,1,16,6255,0.862745098,0.1372549019999999,0,53.33333333,0.0,0.0,16.0,0
1,6,87,320,1,9,5694,0.781609195,0.218390805,0,0.0,0.1707317069999999,0.052631579,8.0,0
0,4,62,3531476,0,9,4342,0.951612903,0.048387097,0,0.0,0.106060606,0.0,7.4,1
1,2,31,1196152,0,64,1015,0.032258065,0.967741935,2,0.0,0.431924883,0.1,16.09090909,1
1,0,51,5707171,0,17,3993,1.0,0.0,0,100.0,0.084033613,0.0,7.375,1
1,1,12,0,0,33,2106,1.0,0.0,1,100.0,0.256830601,0.0,9.6,1
0,3,37,0,0,0,4503,0.918918919,0.081081081,1,0.0,0.0,0.0,0.0,1
1,0,0,0,0,32,3984,0.0,0.0,0,0.0,0.3,0.0,32.0,1
1,1,1,0,0,15,3157,1.0,0.0,0,0.0,0.0,0.0,8.0,1
0,2,30,0,1,2,4083,0.7666666670000001,0.233333333,0,50.0,0.0,0.428571429,2.0,0
1,0,10,0,1,17,531,0.9,0.1,3,0.0,0.225454545,0.0,5.942857143,1
0,4,290,0,1,0,2882,0.244827586,0.755172414,0,37.36263736,0.029411765,0.671232877,0.0,0
0,2,0,551776,0,0,3208,0.0,0.0,0,0.0,0.0,0.0,0.0,1
1,2,0,0,1,32,5769,0.0,0.0,0,0.0,0.318181818,0.0,32.0,1
1,3,1,17964,0,191,7083,0.0,1.0,1,0.0,0.126923077,0.0,31.14285714,1
0,2,145,2273893,0,0,1997,0.834482759,0.165517241,0,100.0,0.0,0.0,0.0,0
1,6,118,4706,0,9,-1,0.93220339,0.06779661,0,50.0,0.018181818,0.25,6.2,0
0,3,58,6602,0,0,8887,0.948275862,0.051724138,0,0.0,0.0,0.0,0.0,1
0,6,407,342953,1,12,7765,0.987714988,0.012285012,0,94.66666667,0.0,0.2,5.941176471,0
0,4,19,0,1,0,-1,0.894736842,0.105263158,0,83.33333333,0.0,0.5,0.0,0
0,5,17,17805,0,7,8635,0.941176471,0.058823529,0,0.0,0.02173913,1.0,4.0,0
0,5,61,10905,1,8,4352,0.606557377,0.393442623,0,53.33333333,0.0,0.125,5.333333333,0
1,0,4,5816617,1,17,4003,1.0,0.0,0,100.0,0.193548387,0.0,7.375,1
1,0,0,0,1,32,248,0.0,0.0,0,0.0,0.291666667,0.0,14.33333333,1
0,3,45,4389491,1,9,-2,0.911111111,0.088888889,0,33.33333333,0.037037037,1.0,5.2,0
1,0,7,0,1,41,216,0.857142857,0.142857143,0,0.0,0.16064257,1.0,7.5,1
1,0,0,8237707,0,5,4633,0.0,0.0,1,0.0,0.0,0.0,4.0,1
1,0,1,0,0,20,-1,1.0,0.0,0,0.0,0.052631579,0.0,20.0,1
1,0,3,0,0,4,1302,1.0,0.0,0,0.0,0.0,0.0,3.0,1
1,0,0,0,0,3,-1,0.0,0.0,0,0.0,0.03125,0.0,3.0,1
0,4,36,829106,1,10,3849,0.944444444,0.055555556,0,0.0,0.0,0.0,9.5,0
0,4,97,414380,1,0,1302,0.587628866,0.412371134,0,0.0,0.0,0.375,0.0,0
0,2,10,9366151,0,158,-1,1.0,0.0,10,100.0,0.194083694,0.0,13.33684211,1
0,6,0,565,1,8,12844,0.0,0.0,0,0.0,0.0,0.0,5.666666667,0
1,0,12,0,0,5,1771,0.75,0.25,0,92.30769231,0.0,0.0,3.75,1
0,7,117,629,1,11,7479,0.068376068,0.931623932,0,72.5,0.043478261,0.018348624,6.777777778,0
1,2,12,4691,0,9,1532,0.75,0.25,1,0.0,0.032258065,0.0,5.375,1
1,0,51,5697976,0,15,3992,1.0,0.0,0,100.0,0.118421053,0.0,8.5,1
1,3,136,2336,0,7,7159,0.889705882,0.110294118,0,70.27027027,0.159090909,0.533333333,4.75,0
0,2,150,0,1,0,7199,0.933333333,0.066666667,0,16.66666667,0.0,0.7,0.0,0
0,2,173,82728,0,0,1301,0.930635838,0.069364162,0,93.87755102,0.0,0.083333333,0.0,0
1,4,14,7504096,1,12,4564,0.7857142859999999,0.214285714,0,0.0,0.195979899,0.0,6.909090909,1
1,0,32,0,0,5,72,1.0,0.0,0,0.0,0.193548387,0.0,5.0,1
0,4,2,0,0,3,2693,0.0,1.0,0,0.0,0.0,0.0,3.0,0
0,6,216,684,1,12,6260,0.865740741,0.134259259,0,53.125,0.0,0.413793103,12.0,0
0,5,205,650281,1,0,9076,0.941463415,0.058536585,0,83.33333333,0.0,0.0,0.0,0
0,6,177,12364,1,10,8144,0.644067797,0.3559322029999999,0,44.44444444,0.0,0.158730159,6.333333333,0
0,5,18,42991,1,7,7529,1.0,0.0,0,0.0,0.0,0.0,4.333333333,0
0,2,113,350136,1,0,2984,0.82300885,0.17699115,0,28.57142857,0.0,0.1,0.0,0
1,4,19,0,0,27,8018,0.736842105,0.263157895,0,100.0,0.060810811,0.0,8.6,1
1,3,26,0,0,43,1931,0.7692307690000001,0.230769231,4,0.0,0.127071823,0.0,8.125,1
0,10,144,8,1,14,8517,0.409722222,0.5902777779999999,0,100.0,0.0,0.0,14.0,0
1,1,0,0,1,5,195,0.0,0.0,0,0.0,0.0,0.0,4.4,1
1,8,31,23,0,10,10677,1.0,0.0,0,100.0,0.101265823,0.0,4.888888889,0
1,2,103,1222496,0,5,7050,0.932038835,0.067961165,1,0.0,0.0,0.285714286,4.0,1
0,0,15,2368593,0,0,540,0.0,1.0,2,33.33333333,0.2,0.133333333,0.0,1
1,0,0,0,0,6,-1,0.0,0.0,0,0.0,0.448275862,0.0,3.6,1
1,2,30,0,1,32,5767,0.966666667,0.033333333,0,100.0,0.271604938,0.0,14.66666667,1
1,2,1,0,1,10,58,1.0,0.0,0,0.0,0.0,0.0,5.6,0
0,2,85,2090120,1,0,1968,0.952941176,0.047058824,0,0.0,0.0,0.5,0.0,0
0,4,650,3224587,1,0,8466,0.987692308,0.012307692,0,50.0,0.0,0.25,0.0,0
0,6,31,482666,1,0,3028,0.451612903,0.548387097,0,30.0,0.0,0.176470588,0.0,0
1,0,0,0,1,32,7645,0.0,0.0,0,0.0,0.278688525,0.0,32.0,1
1,2,11,1772670,0,7,-1,0.909090909,0.090909091,0,0.0,0.0123456789999999,0.0,3.833333333,1
1,0,20,0,0,10,-1,1.0,0.0,0,0.0,0.044444444,0.0,7.5,1
1,1,4,0,0,7,5643,1.0,0.0,0,100.0,0.0,0.0,5.0,1
1,0,149,503691,0,6,496,0.44966443,0.55033557,0,54.6875,0.1875,0.073170732,4.5,1
0,4,106,5556103,1,0,8594,0.943396226,0.056603774,0,88.46153846,0.0,0.166666667,0.0,0
0,5,220,988,1,10,7586,0.995454545,0.004545455,0,96.0,0.0,0.0,10.0,0
0,8,77,125,1,10,8759,1.0,0.0,0,100.0,0.0172413789999999,0.0,6.4,0
1,2,84,0,0,64,1496,0.964285714,0.035714286,1,97.46835443,0.3619047620000001,0.0,16.18181818,1
1,0,0,0,1,13,3972,0.0,0.0,1,0.0,0.042553191,0.0,7.333333333,1
0,6,108,11722,1,7,8973,0.4166666670000001,0.583333333,0,12.5,0.0,0.142857143,5.0,0
0,1,105,0,0,0,2144,0.333333333,0.666666667,0,9.523809524,0.0,0.271428571,0.0,0
1,1,0,0,0,13,559,0.0,0.0,0,0.0,0.192307692,0.0,8.666666667000001,1
0,5,96,2900,1,8,4490,0.9375,0.0625,0,72.72727273,0.0,0.0,4.666666667,0
1,1,145,5692030,0,5,5111,0.944827586,0.055172414,1,87.5,0.0,0.0,2.666666667,1
1,5,21,0,0,7,5615,0.19047619,0.80952381,2,25.0,0.169811321,0.176470588,3.5,1
0,6,86,2572,1,8,8043,0.906976744,0.093023256,0,78.57142857,0.125,0.0,5.666666667,0
1,1,12,0,0,0,7446,0.0,1.0,0,0.0,0.0,0.583333333,0.0,1
0,5,0,21,0,21,9338,0.0,0.0,1,0.0,0.141304348,0.0,10.16666667,1
0,7,961,12,0,10,7131,0.925078044,0.074921956,0,71.875,0.0,0.513888889,7.0,0
1,0,0,0,1,13,1561,0.0,0.0,1,0.0,0.0,0.0,6.4,1
1,0,2,0,0,64,1653,0.0,1.0,4,0.0,0.333333333,0.5,14.86666667,1
1,2,8,6720001,0,11,1157,0.0,1.0,2,0.0,0.0,0.125,5.333333333,1
0,2,22,1495789,1,0,3190,0.363636364,0.636363636,0,30.0,0.0,0.285714286,0.0,0
1,5,167,31104,1,7,8375,0.71257485,0.28742515,0,40.0,0.0,0.020833333,4.75,0
0,4,33,624875,1,13,-1,0.96969697,0.03030303,0,80.0,0.1363636359999999,1.0,6.6363636360000005,0
1,8,99,857,1,11,12544,1.0,0.0,0,100.0,0.027777778,0.0,7.5,0
0,8,232,41,0,9,6057,0.362068966,0.637931034,0,18.83116883,0.114285714,0.033783784,6.666666667,0
1,1,28,2346363,0,0,7067,0.25,0.75,0,4.545454545,0.0,0.142857143,0.0,1
0,5,150,10814,1,7,7310,0.093333333,0.906666667,0,41.17647059,0.0,0.007352941,5.5,0
1,0,9,0,0,5,7534,1.0,0.0,0,100.0,0.0,0.0,4.4,1
0,2,0,4935754,0,8,-1,0.0,0.0,0,0.0,0.128205128,0.0,8.0,1
1,0,45,0,0,0,671,1.0,0.0,0,0.0,0.19047619,0.0,0.0,1
0,5,36,27990,1,10,8248,0.916666667,0.083333333,0,0.0,0.0,0.0,6.5,0
0,5,186,969,1,5,7583,0.994623656,0.005376344,0,95.65217391,0.0,0.0,4.0,0
1,0,259,0,1,20,3825,0.223938224,0.7760617759999999,0,14.40677966,0.127272727,0.034825871,6.333333333,1
0,7,137,12,0,10,7131,0.919708029,0.0802919709999999,0,47.61904762,0.0,0.454545455,6.5,0
0,5,365,0,0,0,7297,0.224657534,0.7753424659999999,0,25.92592593,0.0,0.053003534,0.0,0
1,2,185,0,0,14,495,0.054054054,0.945945946,3,6.12244898,0.012048193,0.057142857,5.222222222,1
1,5,76,134401,0,11,-1,0.486842105,0.513157895,0,5.0,0.125,0.102564103,11.0,1
1,0,1,9558648,0,64,658,1.0,0.0,5,0.0,0.367272727,0.0,14.5,1
1,0,16,0,0,32,2115,0.9375,0.0625,0,100.0,0.264367816,0.0,7.375,1
1,0,13,0,0,7,2221,0.846153846,0.153846154,3,0.0,0.0,0.0,4.428571429,1
1,0,26,0,0,40,2668,1.0,0.0,3,100.0,0.325153374,0.0,9.846153846,1
1,10,227,173,0,8,3893,0.753303965,0.246696035,0,0.0,0.0,0.035714286,7.0,0
0,0,21,0,1,0,6156,0.7142857140000001,0.285714286,0,20.0,0.0,1.0,0.0,0
0,3,106,1969325,1,4,5819,0.245283019,0.754716981,0,55.0,0.0,0.175,3.5,0
0,6,111,1321,1,14,8352,0.351351351,0.648648649,1,7.692307692000001,0.06779661,0.486111111,7.0,0
0,5,195,965,1,10,7583,0.994871795,0.005128205,0,94.11764706,0.0,0.0,10.0,0
1,3,63,2272,0,6,7157,0.936507937,0.063492063,0,100.0,0.139534884,1.0,4.5,0
1,0,12,0,0,15,293,0.75,0.25,1,100.0,0.028985507,0.0,7.714285714,1
1,0,0,0,0,8,-1,0.0,0.0,0,0.0,0.188679245,0.0,4.222222222,1
0,2,87,1283724,0,0,-1,0.850574713,0.149425287,0,20.0,0.0,0.153846154,0.0,0
1,6,36,56198,0,0,7621,0.75,0.25,0,0.0,0.068965517,0.0,0.0,1
1,10,10,1,0,32,8347,0.0,1.0,0,0.0,0.128571429,0.0,10.25,1
0,5,195,0,0,0,7298,0.687179487,0.312820513,0,85.33333333,0.0,0.344262295,0.0,0
0,8,355,41,0,9,6054,0.535211268,0.464788732,0,27.37430168,0.088888889,0.024242424,4.5,0
1,0,48,0,0,32,-1,1.0,0.0,0,100.0,0.370967742,0.0,14.0,1
1,5,14,0,0,0,7295,0.071428571,0.928571429,0,14.28571429,0.033333333,0.846153846,0.0,1
0,5,14,812399,0,0,2941,0.7857142859999999,0.214285714,0,0.0,0.0,0.666666667,0.0,0
0,2,0,0,0,0,334,0.0,0.0,0,0.0,0.0,0.0,0.0,1
0,3,18,576147,1,8,4733,1.0,0.0,0,0.0,0.0,0.0,7.0,0
0,4,35,1467571,1,12,4454,0.571428571,0.428571429,2,26.66666667,0.105263158,0.4,7.0,0
0,0,1,0,0,5,1377,0.0,1.0,0,100.0,0.0,0.0,4.0,1
1,3,21,354872,0,32,6963,0.047619048,0.952380952,0,0.0,0.253333333,0.05,12.66666667,1
1,3,7,0,0,6,91,0.857142857,0.142857143,0,50.0,0.0,1.0,4.0,1
1,0,4,0,1,9,1797,1.0,0.0,2,100.0,0.036363636,0.0,5.666666667,1
0,5,979,250391,0,11,3584,0.981613892,0.018386108,0,33.33333333,0.0,0.111111111,6.333333333,0
1,6,166,348,1,17,7984,0.15060241,0.84939759,0,95.45454545,0.171717172,0.021276596,5.416666667,0
0,7,191,13,0,6,7134,0.890052356,0.109947644,0,61.11111111,0.0,0.571428571,5.0,0
1,1,103,481145,0,4,7189,0.932038835,0.067961165,0,0.0,0.022222222,0.285714286,4.0,1
1,0,9,0,1,7,-1,0.7777777779999999,0.222222222,0,100.0,0.0,0.0,4.5,1
1,0,0,0,1,4,1000,0.0,0.0,0,0.0,0.0,0.0,3.5,1
1,0,47,0,0,0,1,1.0,0.0,0,100.0,0.0,0.0,0.0,1
0,4,181,2339837,1,0,2479,0.889502762,0.110497238,0,12.5,0.0,0.0,0.0,0
0,5,41,6136,1,16,9310,0.951219512,0.048780488,1,66.66666667,0.087912088,0.0,8.428571429,0
0,4,67,60722,1,0,3360,0.552238806,0.447761194,0,48.8372093,0.0,0.033333333,0.0,0
0,3,0,0,1,7,6573,0.0,0.0,0,0.0,0.0,0.0,5.0,0
1,1,47,341948,0,0,1950,0.0,1.0,1,0.0,0.023809524,0.0,0.0,1
0,5,278,70132,1,0,-1,0.992805755,0.007194245,0,96.0,0.0,0.0,0.0,0
1,1,122,198565,0,5,-1,0.901639344,0.098360656,1,33.33333333,0.0,0.0,4.0,0
0,2,26,1779698,0,0,-1,1.0,0.0,0,100.0,0.076923077,0.0,0.0,0
1,1,0,797163,0,11,4603,0.0,0.0,0,0.0,0.075949367,0.0,5.5,1
0,3,29,0,1,6,4887,0.7241379309999999,0.275862069,0,0.0,0.0,0.125,4.75,0
1,0,53,2602858,0,0,252,0.113207547,0.886792453,0,0.0,0.0,0.191489362,0.0,1
1,0,3,0,0,13,330,1.0,0.0,2,0.0,0.0,0.0,6.333333333,1
0,5,6,21,0,16,9339,0.0,1.0,0,0.0,0.325203252,0.0,7.0,1
0,5,161,108411,1,0,8757,0.931677019,0.0683229809999999,0,46.66666667,0.0,0.090909091,0.0,0
0,7,193,13,0,10,7134,0.906735751,0.093264249,0,59.09090909,0.0,0.666666667,7.0,0
1,2,7,375731,0,20,521,1.0,0.0,0,0.0,0.274336283,0.0,9.571428571,1
0,2,260,94585,1,0,-1,0.988461538,0.011538462,0,80.0,0.0,1.0,0.0,0
0,4,17,93739,1,0,7485,0.352941176,0.647058824,0,16.66666667,0.090909091,0.0,0.0,0
0,3,95,1171381,1,9,3958,0.663157895,0.336842105,0,93.75,0.097222222,0.25,4.444444444,0
0,1,383,8916361,1,0,2971,0.945169713,0.054830287,0,0.0,0.0,0.19047619,0.0,0
1,0,4,0,0,6,-1,1.0,0.0,0,100.0,0.0,0.0,5.333333333,1
1,3,13,0,0,4,-1,1.0,0.0,0,0.0,0.0,0.0,4.0,1
1,5,0,0,0,5,5626,0.0,0.0,0,0.0,0.242857143,0.0,3.333333333,1
1,0,0,0,0,7,-1,0.0,0.0,2,0.0,0.152173913,0.0,4.6,1
0,7,1451,12,0,6,7133,0.865609924,0.134390076,0,67.17171717,0.0,0.517948718,5.25,0
1,0,38,0,0,40,256,0.7894736840000001,0.210526316,0,0.0,0.091954023,0.5,9.333333333,1
1,3,69,2250,0,8,7156,0.942028986,0.057971014,0,100.0,0.095238095,1.0,6.25,0
0,6,47,9583,1,8,5028,0.893617021,0.106382979,0,37.5,0.0,0.4,8.0,0
1,3,5,8011140,0,7,1939,1.0,0.0,2,100.0,0.106666667,0.0,4.090909091,0
1,0,0,0,0,13,377,0.0,0.0,0,0.0,0.166666667,0.0,8.666666667000001,1
0,2,51,0,1,0,6135,0.411764706,0.588235294,0,28.57142857,0.0,0.333333333,0.0,0
1,0,23,0,0,15,976,0.695652174,0.304347826,1,0.0,0.0,0.857142857,8.25,1
0,2,99,0,1,0,3505,0.363636364,0.636363636,0,6.451612902999999,0.0,0.46031746,0.0,0
0,4,95,98797,1,8,-1,0.8526315790000001,0.147368421,0,0.0,0.06779661,0.0,4.8,0
1,2,185,0,0,17,495,0.054054054,0.945945946,2,6.12244898,0.129032258,0.057142857,7.25,1
0,5,378,81605,0,0,-1,0.978835979,0.021164021,0,44.44444444,0.0,0.625,0.0,0
0,0,1,0,0,6,286,1.0,0.0,0,0.0,0.0,0.0,6.0,1
1,4,274,33109,0,12,7121,0.686131387,0.313868613,0,41.09589041,0.145833333,0.476744186,7.0,0
0,3,11,4270990,1,0,-1,0.272727273,0.727272727,0,20.0,0.0,0.5,0.0,0
0,7,0,8505,1,7,9267,0.0,0.0,0,0.0,0.129032258,0.0,5.0,0
0,2,604,0,1,0,4687,0.986754967,0.013245033,0,0.0,0.0,0.0,0.0,0
0,3,141,4793022,1,0,8547,0.90070922,0.09929078,0,82.92682927,0.0,0.142857143,0.0,0
0,8,102,0,0,0,7449,0.598039216,0.401960784,0,0.0,0.0,0.0,0.0,0
1,2,103,904078,0,0,6844,0.932038835,0.067961165,0,0.0,0.105263158,0.285714286,0.0,1
1,0,181,4908352,0,7,1684,0.917127072,0.082872928,1,16.66666667,0.0,0.2,4.25,1
1,3,22,125976,0,12,5452,0.727272727,0.272727273,0,0.0,0.0,0.0,10.66666667,0
0,3,18,3635818,1,0,1931,0.7777777779999999,0.222222222,0,50.0,0.0,0.5,0.0,0
0,6,0,737,1,11,7219,0.0,0.0,0,0.0,0.0,0.0,5.666666667,0
1,0,22,0,1,14,1460,1.0,0.0,0,0.0,0.0,0.0,14.0,1
0,3,93,765762,1,0,-1,0.978494624,0.021505376,0,100.0,0.0,0.0,0.0,0
0,2,486,328534,1,0,1903,0.514403292,0.485596708,0,50.0,0.0,0.004237288,0.0,0
1,2,1,0,0,0,-1,0.0,1.0,0,0.0,0.0,0.0,0.0,1
1,3,14,0,0,10,1728,0.571428571,0.428571429,3,0.0,0.012987013,0.0,5.125,1
1,0,533,0,0,12,2,0.298311445,0.701688555,0,7.423580786,0.208333333,0.125668449,6.0,1
1,0,0,0,1,5,3934,0.0,0.0,0,0.0,0.0,0.0,3.0,1
1,0,7,0,1,32,-1,0.857142857,0.142857143,0,0.0,0.150943396,1.0,6.363636364,1
1,4,177,58454,1,9,5447,0.983050847,0.016949153,0,50.0,0.0,1.0,6.5,0
0,5,123,2931,0,9,10182,0.81300813,0.18699187,1,25.0,0.0,0.173913043,6.0,0
0,8,303,0,0,0,7447,0.0726072609999999,0.927392739,0,5.286343612,0.0,0.601423488,0.0,0
0,5,196,333891,0,0,7533,0.984693878,0.015306122,0,33.33333333,0.0,1.333333333,0.0,0
0,3,44,0,1,0,-1,0.909090909,0.090909091,0,75.0,0.0,0.0,0.0,0
1,6,66,2695,1,10,8831,0.848484848,0.151515152,0,20.0,0.0,0.0,4.571428571,0
1,8,134,114,1,8,5161,0.970149254,0.029850746,0,93.75,0.0,0.75,7.0,0
1,0,26,0,1,9,2956,0.5,0.5,0,0.0,0.0,0.0,4.666666667,1
0,5,5,7863,0,10,12350,1.0,0.0,0,0.0,0.0,0.0,5.75,0
0,4,71,303877,1,0,8463,0.492957746,0.507042254,0,3.333333333,0.0,0.388888889,0.0,0
1,0,88,0,1,32,2046,0.897727273,0.102272727,3,85.71428571,0.216981132,0.5555555560000001,9.0,1
1,7,352,12,0,8,7133,0.96875,0.03125,0,65.625,0.0,0.454545455,4.5,0
1,4,11,0,0,32,8019,0.090909091,0.909090909,0,0.0,0.068965517,0.0,10.57142857,1
1,5,14,0,0,0,7295,0.071428571,0.928571429,0,14.28571429,0.09375,0.230769231,0.0,1
0,4,38,0,1,0,4647,0.894736842,0.105263158,0,100.0,0.0,0.0,0.0,0
0,3,70,2901383,0,9,1709,0.671428571,0.328571429,0,50.0,0.243902439,0.0,5.0,0
1,0,3,0,0,8,-2,1.0,0.0,0,0.0,0.0845070419999999,0.0,6.0,1
1,2,16,4436986,0,11,-1,0.625,0.375,1,0.0,0.075949367,0.333333333,5.0,1
0,5,140,408732,0,0,7296,0.607142857,0.392857143,0,81.42857143,0.0,0.127272727,0.0,0
0,5,0,72686,1,9,8453,0.0,0.0,1,0.0,0.033613445,0.0,4.647058824,0
1,3,1,18263,0,288,7086,0.0,1.0,0,0.0,0.408296943,0.0,29.5,1
1,0,0,0,0,6,5331,0.0,0.0,0,0.0,0.043478261,0.0,5.0,1
1,2,132,4830221,1,10,1706,1.0,0.0,2,100.0,0.048076923,0.0,6.9,1
1,2,11,9330247,1,8,2232,1.0,0.0,2,0.0,0.0,0.0,5.0,1
1,0,66,0,1,13,330,0.909090909,0.090909091,0,62.5,0.0,0.166666667,8.5,1
1,2,30,0,0,32,5767,0.966666667,0.033333333,0,100.0,0.272727273,0.0,14.66666667,1
0,5,36,42544,1,8,5396,0.7222222220000001,0.277777778,0,40.0,0.043478261,0.1,4.666666667,0
0,1,13,0,0,0,41,0.692307692,0.307692308,0,100.0,0.0,0.0,0.0,0
0,3,119,5796653,1,11,1261,0.781512605,0.218487395,0,75.0,0.076923077,0.038461538,5.857142857,0
1,0,4,0,0,6,-1,1.0,0.0,0,100.0,0.057692308,0.0,4.8,1
0,3,153,184890,1,2,3016,0.60130719,0.39869281,0,100.0,0.0,0.06557377,2.0,0
0,3,15,0,1,0,4515,0.466666667,0.533333333,0,100.0,0.0,0.0,0.0,0
1,7,483,126,1,7,9280,0.83436853,0.16563147,0,46.42857143,0.12,0.05,4.4,0
0,4,174,7193681,1,11,2775,0.436781609,0.563218391,0,63.2183908,0.0821917809999999,0.204081633,5.25,0
0,7,269,8474,0,7,9269,0.92936803,0.07063197,0,65.0,0.057142857,0.421052632,5.333333333,0
1,1,0,0,0,8,1199,0.0,0.0,0,0.0,0.0,0.0,8.0,1
0,3,131,374021,1,7,5163,0.625954198,0.374045802,0,60.37735849,0.06185567,0.040816327,4.727272727,0
1,0,0,0,1,2,2427,0.0,0.0,0,0.0,0.0,0.0,2.0,1
1,3,69,2320,0,6,7159,0.942028986,0.057971014,0,100.0,0.139534884,1.0,4.5,0
1,1,19,0,0,13,6391,0.947368421,0.052631579,1,0.0,0.0,0.0,13.0,1
0,3,101,2945433,1,0,3706,0.811881188,0.188118812,0,73.33333333,0.0,0.210526316,0.0,0
1,2,53,2774303,0,3,6871,0.452830189,0.5471698110000001,0,30.76923077,0.0,0.103448276,2.5,1
0,7,72,210,0,7,7812,0.944444444,0.055555556,0,42.85714286,0.0,0.0,5.75,0
0,5,32,5619,0,8,3828,0.9375,0.0625,0,100.0,0.0,1.0,7.333333333,0
1,0,4,0,1,43,883,0.0,1.0,1,0.0,0.216216216,0.0,7.066666667000001,1
1,0,192,0,1,8,2345,0.229166667,0.770833333,3,19.17808219,0.0,0.040540541,4.571428571,1
0,0,13,0,1,0,-1,0.692307692,0.307692308,0,80.0,0.0,0.0,0.0,0
1,0,51,5707171,0,15,3993,1.0,0.0,0,100.0,0.132352941,0.0,8.5,1
1,0,22,0,1,10,287,0.954545455,0.045454545,3,0.0,0.0,0.0,6.2,1
1,0,51,5707171,1,17,3993,1.0,0.0,0,100.0,0.153225806,0.0,7.375,1
1,5,14,0,0,0,7297,0.071428571,0.928571429,0,14.28571429,0.03030303,0.230769231,0.0,1
1,4,32,145656,1,8,7445,0.71875,0.28125,0,77.77777778,0.038461538,0.0,5.0,0
0,6,151,3729,1,23,5961,0.748344371,0.251655629,0,13.63636364,0.0,0.0,10.0,0
1,0,1,0,1,0,-1,0.0,1.0,0,0.0,0.247191011,0.0,0.0,1
1,0,0,0,0,2,718,0.0,0.0,0,0.0,0.0,0.0,2.0,1
1,2,0,0,1,14,5803,0.0,0.0,0,0.0,0.25,0.0,7.25,1
0,0,3,0,1,0,-1,1.0,0.0,0,0.0,0.0,0.0,0.0,0
0,6,262,682,1,6,6259,0.889312977,0.110687023,0,51.61290323,0.0,0.413793103,6.0,0
0,8,27,0,0,0,5159,0.8888888890000001,0.111111111,0,83.33333333,0.2,0.333333333,0.0,0
1,2,1,0,0,5,4019,1.0,0.0,0,0.0,0.0,0.0,3.5,1
1,2,84,2979260,0,5,1496,0.964285714,0.035714286,0,97.46835443,0.0,0.0,4.0,1
1,3,37,379676,0,0,1204,0.810810811,0.189189189,0,90.0,0.111111111,0.428571429,0.0,0
0,4,15,0,1,0,6378,0.466666667,0.533333333,0,50.0,0.0,0.125,0.0,0
1,0,51,5707171,0,17,3993,1.0,0.0,0,100.0,0.204724409,0.0,7.375,1
1,0,4,5816617,1,15,4003,1.0,0.0,0,100.0,0.148148148,0.0,8.5,1
1,0,211,0,0,5,323,0.483412322,0.5165876779999999,0,0.0,0.02739726,0.091743119,3.714285714,1
1,8,23,23,0,8,10677,0.956521739,0.043478261,0,75.0,0.105263158,0.0,4.6,0
1,3,6,11753,0,17,4225,1.0,0.0,0,0.0,0.159292035,0.0,10.71428571,1
0,7,353,12,0,11,7129,0.960339943,0.039660057,0,68.18181818,0.0,0.428571429,7.333333333,0
1,1,4,0,0,3,358,0.25,0.75,0,0.0,0.074074074,0.0,3.0,1
0,4,91,0,1,9,7351,1.0,0.0,0,100.0,0.058823529,0.0,4.571428571,0
0,5,263,2347807,0,0,7298,0.543726236,0.456273764,0,72.77777778,0.0,0.391666667,0.0,0
1,5,22,0,0,4,5627,0.181818182,0.818181818,1,25.0,0.052631579,0.277777778,4.0,1
1,0,51,5697976,1,17,3992,1.0,0.0,0,100.0,0.170542636,0.0,8.142857142999999,1
1,0,6,0,0,64,1206,0.333333333,0.666666667,2,0.0,0.417910448,0.0,16.2,1
1,8,0,385,0,10,7448,0.0,0.0,0,0.0,0.054545455,0.0,5.181818182,0
0,6,55,5635,1,11,7919,0.745454545,0.254545455,0,40.0,0.114754098,0.0,6.0,0
1,0,88,5008870,1,0,152,0.897727273,0.102272727,0,85.71428571,0.0,0.5555555560000001,0.0,1
1,0,51,5697976,0,17,3992,1.0,0.0,0,100.0,0.150793651,0.0,7.375,1
1,0,51,5707171,0,17,3993,1.0,0.0,0,100.0,0.165354331,0.0,7.375,1
1,2,32,0,0,8,5440,0.1875,0.8125,0,0.0,0.107142857,0.0,4.8,0
0,6,268,0,1,0,4384,0.985074627,0.014925373,0,42.85714286,0.0,0.75,0.0,0
0,9,293,15,1,11,9397,0.924914676,0.075085324,0,4.347826087,0.090909091,0.181818182,6.333333333,0
1,3,12,0,1,8,-1,0.75,0.25,0,100.0,0.181818182,0.0,5.333333333,0
0,5,51,749882,1,0,5526,0.8235294120000001,0.176470588,0,57.14285714,0.0,0.0,0.0,0
0,0,13,0,0,9,56,0.692307692,0.307692308,0,100.0,0.288461538,0.0,5.333333333,1
0,5,80,758839,0,9,-1,0.45,0.55,0,36.36363636,0.0,0.022727273,6.666666667,0
1,0,45,0,0,0,-2,1.0,0.0,0,0.0,0.1578947369999999,0.0,0.0,1
1,0,239,0,0,10,199,0.928870293,0.071129707,0,100.0,0.404255319,0.0,6.5,1
1,2,1,0,1,8,2517,1.0,0.0,3,0.0,0.06557377,0.0,4.0,1
0,3,72,1975489,1,0,3015,0.6527777779999999,0.347222222,0,88.23529412,0.0,0.12,0.0,0
0,3,52,976514,1,0,-1,0.826923077,0.173076923,0,20.0,0.0,0.222222222,0.0,0
1,0,51,5707171,0,17,3993,1.0,0.0,0,100.0,0.126984127,0.0,8.142857142999999,1
1,0,1,0,0,7,-1,1.0,0.0,1,0.0,0.016949153,0.0,5.2,1
0,1,85,0,1,0,-1,0.905882353,0.094117647,0,54.54545455,0.0,0.125,0.0,0
0,4,36,3977938,1,8,-1,0.8888888890000001,0.111111111,0,0.0,0.0,0.5,6.0,0
1,2,211,889963,1,18,1317,0.985781991,0.0142180089999999,0,0.0,0.0,0.0,7.1111111110000005,1
1,2,31,1196152,0,6,1015,0.032258065,0.967741935,0,0.0,0.246575342,0.1,4.333333333,1
0,6,220,1193,1,13,9097,0.768181818,0.231818182,0,25.80645161,0.03960396,0.156862745,5.272727273,0
1,5,21,0,0,7,5615,0.19047619,0.80952381,2,25.0,0.105263158,0.176470588,4.5,1
0,0,41,0,1,0,-1,0.951219512,0.048780488,0,0.0,0.0,0.0,0.0,1
1,6,158,5638,1,11,7918,0.962025316,0.037974684,0,100.0,0.08974359,0.0,6.375,0
0,7,189,0,0,0,5231,0.984126984,0.015873016,0,96.15384615,0.0,0.0,0.0,0
1,0,0,0,1,12,5301,0.0,0.0,0,0.0,0.083333333,0.0,6.333333333,1
1,0,4,0,1,8,157,1.0,0.0,3,100.0,0.0,0.0,4.285714286,1
0,5,20,36841,1,9,7984,0.4,0.6,0,0.0,0.0,0.0,6.666666667,0
0,6,177,6081,1,9,9206,0.621468927,0.378531073,1,19.60784314,0.095238095,0.537313433,6.375,0
1,7,75,611,0,8,11558,0.986666667,0.013333333,0,98.0,0.1372549019999999,1.0,4.6,0
1,5,0,0,0,10,5612,0.0,0.0,0,0.0,0.1,0.0,4.428571429,1
1,0,1,0,0,8,-1,1.0,0.0,3,0.0,0.131868132,0.0,4.666666667,1
0,7,5,163,1,7,5788,0.0,1.0,0,0.0,0.0,0.0,4.5,0
1,3,74,2034769,0,9,2542,0.945945946,0.054054054,3,0.0,0.0,0.0,6.0,1
0,3,157,42346,1,0,7861,0.942675159,0.057324841,0,46.66666667,0.0,0.444444444,0.0,0
0,2,35,0,1,0,-1,0.6,0.4,0,60.0,0.0,0.142857143,0.0,0
1,0,587,0,0,5,4391,0.969335605,0.030664395,0,96.91780822,0.0,0.055555556,3.666666667,1
0,4,147,1581987,1,0,4330,0.904761905,0.095238095,0,29.41176471,0.0,0.571428571,0.0,0
0,3,81,9611882,0,0,7716,0.839506173,0.160493827,0,25.0,0.0,0.230769231,0.0,0
0,4,32,969359,0,0,-1,0.96875,0.03125,0,0.0,0.0,0.0,0.0,0
1,0,51,5697976,1,17,3992,1.0,0.0,0,100.0,0.093023256,0.0,8.142857142999999,1
0,5,9,32,0,44,7764,0.0,1.0,0,0.0,0.098484848,0.0,14.42857143,1
1,0,1,0,0,24,2214,0.0,1.0,0,0.0,0.0,0.0,8.555555556,1
0,3,9,0,0,11,279,1.0,0.0,0,0.0,0.024390244,0.0,5.666666667,0
1,0,11,0,0,4,2492,0.454545455,0.545454545,0,33.33333333,0.034482759,0.333333333,3.666666667,1
1,2,0,1712890,0,3,3731,0.0,0.0,0,0.0,0.0,0.0,3.0,1
1,2,0,0,0,7,2718,0.0,0.0,0,0.0,0.0,0.0,5.5,1
0,3,122,1442242,1,0,-1,0.827868852,0.172131148,0,22.22222222,0.0,0.476190476,0.0,0
1,0,31,0,1,15,-1,0.483870968,0.516129032,1,0.0,0.343283582,0.4375,7.615384615,1
1,0,60,0,0,0,-1,0.95,0.05,0,100.0,0.0,0.0,0.0,1
0,7,253,154,1,4,7907,0.841897233,0.158102767,0,16.66666667,0.0,0.35,4.0,0
0,4,93,495604,1,0,9003,0.870967742,0.129032258,0,33.33333333,0.0,0.083333333,0.0,0
1,8,132,62,1,9,6238,0.8863636359999999,0.113636364,0,0.0,0.1707317069999999,0.066666667,8.0,0
0,6,69,241824,1,0,9254,0.623188406,0.376811594,0,33.33333333,0.0,0.461538462,0.0,0
0,3,32,1296086,0,0,4898,0.875,0.125,0,0.0,0.0,0.5,0.0,0
1,0,4,0,0,7,8,1.0,0.0,1,100.0,0.041666667,0.0,4.666666667,1
0,7,30,82,1,12,-1,0.933333333,0.066666667,0,0.0,0.0,0.0,6.333333333,1
0,3,58,105724,1,0,2460,0.8620689659999999,0.137931034,0,0.0,0.0,0.0,0.0,0
0,5,285,2108258,1,7,4426,0.964912281,0.035087719,0,61.53846154,0.035087719,0.0,5.8,0
1,0,51,5697976,0,15,3992,1.0,0.0,0,100.0,0.131578947,0.0,8.5,1
1,0,0,0,1,32,5850,0.0,0.0,0,0.0,0.266666667,0.0,12.25,1
1,5,21,0,0,8,5614,0.19047619,0.80952381,0,25.0,0.057692308,0.176470588,5.333333333,1
0,3,875,7732775,1,0,4259,0.812571429,0.187428571,0,0.0,0.0,0.079268293,0.0,0
1,5,21,0,0,7,5615,0.19047619,0.80952381,2,25.0,0.032786885,0.176470588,4.75,1
1,1,56,0,0,10,-1,1.0,0.0,0,0.0,0.0,0.0,6.666666667,1
1,0,27,0,0,3,771,0.481481481,0.518518519,0,83.33333333,0.05,0.0,2.333333333,1
1,5,21,0,0,0,5614,0.19047619,0.80952381,0,25.0,0.057142857,0.176470588,0.0,1
0,4,39,2923557,1,0,3639,0.538461538,0.461538462,0,19.04761905,0.0,0.333333333,0.0,0
0,5,20,104044,1,8,2733,0.8,0.2,0,75.0,0.0,0.5,5.6,0
0,2,82,2173636,1,0,-1,0.719512195,0.280487805,0,6.666666667,0.0,0.347826087,0.0,0
1,5,116,899,0,6,6606,0.879310345,0.120689655,0,0.0,0.023809524,0.214285714,4.0,1
1,0,124,0,1,32,254,0.951612903,0.048387097,3,88.0,0.23,0.0,8.375,1
0,0,14,2278163,1,32,111,1.0,0.0,0,0.0,0.3378378379999999,0.0,14.0,1
0,3,331,380180,1,0,2632,0.990936556,0.009063444,0,66.66666667,0.0,0.333333333,0.0,0
1,0,0,0,1,9,3631,0.0,0.0,1,0.0,0.0,0.0,6.0,1
1,0,33,0,0,11,2191,0.363636364,0.636363636,0,0.0,0.089285714,0.0,6.4,1
1,2,5,0,1,64,4873,0.6,0.4,1,0.0,0.317180617,0.0,15.41666667,1
0,5,140,9952,1,9,6077,0.971428571,0.028571429,1,86.36363636,0.098039216,0.0,4.8,0
0,4,8,51679,0,9,7289,0.375,0.625,0,0.0,0.066666667,0.0,5.5,0
1,0,0,0,0,4,6646,0.0,0.0,0,0.0,0.0,0.0,3.0,1
0,5,92,26730,1,14,5204,0.7173913040000001,0.282608696,0,24.24242424,0.0,0.346153846,9.0,0
0,4,89,129605,1,19,5987,0.865168539,0.134831461,0,91.66666667,0.144578313,0.083333333,6.375,0
1,0,4,5816617,0,17,4003,1.0,0.0,0,100.0,0.125984252,0.0,7.375,1
1,0,47,0,1,0,-1,0.8297872340000001,0.170212766,0,16.66666667,0.0,0.25,0.0,0
0,3,8,0,1,0,2383,0.875,0.125,0,100.0,0.0,0.0,0.0,0
1,0,155,0,0,4,9,0.825806452,0.174193548,0,47.82608696,0.0,0.148148148,4.0,1
1,2,22,0,0,7,2300,0.545454545,0.454545455,2,60.0,0.098360656,0.0,4.166666667,1
0,5,0,0,1,0,-1,0.0,0.0,0,0.0,0.0,0.0,0.0,0
1,0,0,0,0,8,5513,0.0,0.0,0,0.0,0.0,0.0,5.333333333,1
1,2,3,0,0,10,257,0.666666667,0.333333333,0,0.0,0.0,2.0,7.333333333,0
1,3,12,0,0,8,536,0.75,0.25,3,100.0,0.0,0.0,4.75,1
0,4,26,0,0,33,8019,0.115384615,0.884615385,0,0.0,0.067669173,0.0,6.0,1
0,6,223,184,1,8,5886,0.941704036,0.058295964,0,90.65420561,0.0,0.384615385,4.25,0
0,4,148,18688,1,10,6559,0.7972972970000001,0.202702703,0,95.34883721,0.0,0.0,6.714285714,0
0,7,60,283,1,10,5051,0.683333333,0.316666667,0,90.47619048,0.137931034,0.0,6.2,0
1,2,0,0,0,8,4397,0.0,0.0,2,0.0,0.018867925,0.0,4.0,1
1,1,0,0,0,32,4376,0.0,0.0,0,0.0,0.183098592,0.0,15.66666667,1
1,0,23,0,0,8,2314,1.0,0.0,0,0.0,0.08,0.0,6.333333333,1
1,5,63,819386,1,7,4217,0.7777777779999999,0.222222222,0,30.0,0.0,0.642857143,6.0,0
1,6,70,3248,0,10,8986,0.828571429,0.171428571,0,30.76923077,0.0,0.583333333,5.333333333,0
0,2,0,0,1,32,-1,0.0,0.0,0,0.0,0.283950617,0.0,18.33333333,1
1,0,38,0,0,40,255,0.7894736840000001,0.210526316,0,0.0,0.091954023,0.5,9.333333333,1
0,6,188,12761,1,14,8148,0.6808510640000001,0.319148936,0,66.66666667,0.0,0.15,6.2,0
1,6,8,20989,0,6,1337,1.0,0.0,0,0.0,0.093023256,0.0,5.0,1
0,5,23,0,0,0,7309,0.086956522,0.913043478,0,0.0,0.0,0.047619048,0.0,1
0,2,0,3102591,1,0,-1,0.0,0.0,0,0.0,0.0,0.0,0.0,0
1,0,6,0,0,8,1975,0.333333333,0.666666667,0,0.0,0.0,0.0,6.5,1
0,6,209,683,0,14,6259,0.861244019,0.138755981,0,51.61290323,0.01754386,0.24137931,14.0,0
1,6,25,891,0,14,5660,0.64,0.36,0,100.0,0.085365854,0.0,6.571428571,1
1,0,51,5707171,0,17,3993,1.0,0.0,0,100.0,0.181102362,0.0,7.375,1
0,7,160,2216,1,0,8212,0.9125,0.0875,0,56.25,0.0,0.0,0.0,0
0,6,65,2603,1,8,8046,0.876923077,0.123076923,0,70.0,0.0,0.0,4.5,0
0,2,471,604851,1,0,4148,0.968152866,0.031847134,0,60.0,0.0,0.066666667,0.0,0
1,5,21,0,0,17,5626,0.19047619,0.80952381,0,25.0,0.0845070419999999,0.294117647,7.666666667,1
1,1,0,0,0,2,4454,0.0,0.0,0,0.0,0.0,0.0,2.0,1
1,2,80,0,0,0,-1,0.9375,0.0625,0,0.0,0.0,0.4,0.0,1
0,6,58,1838,1,14,4627,0.7241379309999999,0.275862069,0,20.0,0.0,0.3125,8.2,0
0,10,13,0,1,10,6474,0.384615385,0.615384615,0,100.0,0.0,0.0,6.4,0
1,0,0,0,0,13,-1,0.0,0.0,0,0.0,0.065217391,0.0,7.666666667,1
1,3,0,333733,0,12,2280,0.0,0.0,0,0.0,0.0,0.0,6.75,1
0,3,188,4772904,1,0,2871,0.946808511,0.053191489,0,57.14285714,0.0,0.3,0.0,0
1,0,103,7474926,0,0,6832,0.932038835,0.067961165,0,0.0,0.073170732,0.285714286,0.0,1
0,4,97,0,1,0,-1,0.463917526,0.536082474,0,0.0,0.0,0.096153846,0.0,0
1,2,0,2161928,1,13,1868,0.0,0.0,0,0.0,0.02,0.0,5.666666667,1
1,0,0,0,0,13,5670,0.0,0.0,0,0.0,0.192307692,0.0,8.666666667000001,1
1,0,18,0,0,5,-1,1.0,0.0,0,0.0,0.4,0.0,3.142857143,1
1,2,30,0,0,32,5756,0.966666667,0.033333333,0,100.0,0.285714286,0.0,14.66666667,1
1,1,1,0,1,11,7452,1.0,0.0,1,0.0,0.0,0.0,9.0,1
0,4,278,1544050,1,0,-1,0.690647482,0.309352518,0,33.33333333,0.0,0.011627907,0.0,0
1,0,97,0,0,114,1109,0.082474227,0.917525773,2,100.0,0.65234375,0.0,18.41666667,1
1,0,25,0,1,64,918,1.0,0.0,4,100.0,0.363247863,0.0,14.53846154,1
0,5,176,380,1,10,5044,0.960227273,0.039772727,0,95.45454545,0.0,0.0,6.6,0
0,4,20,496279,0,0,5706,1.0,0.0,0,0.0,0.0,0.0,0.0,1
1,2,4,0,0,0,560,0.0,1.0,0,0.0,0.037037037,1.0,0.0,1
1,2,1,800765,0,4,-1,0.0,1.0,0,0.0,0.035714286,0.0,3.5,1
0,4,16,102767,1,7,6995,0.5625,0.4375,0,80.0,0.0,0.0,5.166666667,0
1,0,0,0,0,7,-1,0.0,0.0,0,0.0,0.0,0.0,4.75,1
1,2,30,0,0,32,5767,0.966666667,0.033333333,0,100.0,0.25974026,0.0,14.66666667,1
1,0,4,5816617,0,17,4003,1.0,0.0,0,100.0,0.188034188,0.0,8.142857142999999,1
0,8,197,137,1,7,5224,0.7005076140000001,0.299492386,0,35.9375,0.0,0.152542373,5.5,0
0,4,7,340918,1,0,8261,0.571428571,0.428571429,0,50.0,0.0,0.0,0.0,0
1,0,1,0,0,75,5963,1.0,0.0,0,0.0,0.227722772,0.0,39.5,1
0,5,87,45546,0,7,5143,0.885057471,0.114942529,0,0.0,0.0,0.0,4.4,0
0,5,379,492590,1,0,-1,0.947229551,0.052770449,0,37.5,0.0,0.05,0.0,0
1,2,51,0,1,5,5594,0.8039215690000001,0.196078431,0,25.0,0.0,0.3,3.5,0
0,6,199,3822,0,0,11083,0.341708543,0.658291457,0,26.82926829,0.0,0.053435115,0.0,0
0,5,140,1593,0,8,8051,0.907142857,0.092857143,0,47.05882353,0.018518519,0.307692308,6.0,0
0,4,152,25469,1,9,6244,1.0,0.0,0,100.0,0.02173913,0.0,5.666666667,0
0,6,253,18753,0,8,-1,0.498023715,0.501976285,0,36.26943005,0.0,0.614173228,5.25,0
1,0,4,0,0,4,285,1.0,0.0,0,100.0,0.0,0.0,3.0,1
0,4,133,405005,1,0,-1,0.120300752,0.879699248,0,16.66666667,0.0,0.111111111,0.0,0
1,2,53,233673,0,7,2344,0.754716981,0.245283019,0,56.25,0.0,0.461538462,6.5,0
0,3,35,635867,1,7,4184,0.228571429,0.771428571,0,28.57142857,0.0,0.0,5.666666667,1
1,6,57,11781,0,7,920,0.912280702,0.087719298,0,20.0,0.043478261,0.0,7.0,1
1,0,103,2779826,0,0,7055,0.932038835,0.067961165,0,0.0,0.0,0.285714286,0.0,1
1,1,23,0,1,2,-1,0.869565217,0.130434783,0,25.0,0.0,0.0,2.0,1
1,5,22,0,0,0,5627,0.181818182,0.818181818,1,25.0,0.06122449,0.277777778,0.0,1
0,5,39,1798,0,6,7507,0.692307692,0.307692308,0,0.0,0.0,0.083333333,6.0,0
1,5,257,645,0,0,8315,0.949416342,0.050583658,0,60.0,0.0,0.846153846,0.0,0
0,1,206,6084457,1,5,-1,0.961165049,0.038834951,1,75.0,0.028571429,0.0,4.0,0
0,6,8,20989,0,6,1337,1.0,0.0,0,0.0,0.204545455,0.0,5.0,1
0,5,96,2880,1,9,4488,0.9375,0.0625,0,72.72727273,0.0,0.0,6.5,0
0,1,7,0,1,3,244,0.857142857,0.142857143,0,0.0,0.0,1.0,3.0,1
1,0,19,0,0,8,4045,0.6315789470000001,0.368421053,1,100.0,0.037593985,0.0,5.0,1
0,5,128,19067,1,8,5240,0.8515625,0.1484375,0,60.0,0.0625,0.315789474,4.307692308,0
1,4,0,3779,0,10,7733,0.0,0.0,2,0.0,0.046511628,0.0,6.5,1
0,5,159,205950,1,9,7217,0.8993710690000001,0.100628931,0,18.18181818,0.0779220779999999,0.125,5.0,0
0,5,220,6902,0,11,8235,0.945454545,0.054545455,0,26.66666667,0.036585366,0.583333333,5.0,0
1,2,22,0,1,32,2299,0.545454545,0.454545455,2,60.0,0.254385965,0.0,8.0,1
1,2,0,3893420,1,9,3452,0.0,0.0,0,0.0,0.333333333,0.0,3.923076923,0
1,0,20,0,0,10,-1,1.0,0.0,0,0.0,0.043478261,0.0,7.5,1
0,4,146,0,0,0,-1,0.931506849,0.068493151,0,46.66666667,0.0,0.0,0.0,0
0,5,112,0,0,0,7297,0.0625,0.9375,0,17.39130435,0.0,0.6,0.0,0
0,5,32,52443,1,10,7337,0.96875,0.03125,0,0.0,0.043478261,0.0,5.272727273,0
1,2,1,6765657,0,18,6114,1.0,0.0,1,100.0,0.125,0.0,5.58,1
1,2,203,4669,0,5,1546,0.133004926,0.8669950740000001,1,6.666666667,0.063829787,0.034090909,4.5,1
1,2,35,0,0,4,7949,0.457142857,0.542857143,0,50.0,0.0,0.105263158,3.0,0
0,3,33,1272421,0,8,-1,0.909090909,0.090909091,0,0.0,0.160493827,0.0,3.538461538,0
0,5,27,85514,1,0,-1,0.962962963,0.037037037,0,100.0,0.0,0.0,0.0,0
1,4,0,3704884,0,0,2581,0.0,0.0,0,0.0,0.12195122,0.0,0.0,1
1,0,65,0,0,0,30,1.0,0.0,1,100.0,0.0,0.0,0.0,1
0,3,631,0,1,0,1258,0.5340729000000001,0.4659271,0,2.649006623,0.0,0.0,0.0,0
1,5,0,53341,1,8,11272,0.0,0.0,0,0.0,0.084337349,0.0,5.666666667,0
0,2,745,3516394,1,0,1445,0.954362416,0.045637584,0,8.333333332999999,0.0,0.088235294,0.0,0
0,4,84,77072,1,0,3119,0.666666667,0.333333333,0,68.75,0.0,0.071428571,0.0,0
1,6,8,20989,0,8,1337,1.0,0.0,0,0.0,0.19047619,0.0,8.0,1
0,5,204,3086914,0,0,7298,0.166666667,0.833333333,0,11.11111111,0.0,0.505882353,0.0,0
0,2,58,1232956,0,0,984,0.931034483,0.068965517,0,66.66666667,0.0,0.5,0.0,1
1,2,11,5546683,0,32,1690,1.0,0.0,0,0.0,0.306666667,0.0,32.0,1
1,0,103,1605716,0,0,6831,0.932038835,0.067961165,0,0.0,0.095238095,0.285714286,0.0,1
0,3,175,566864,1,0,6018,0.92,0.08,0,71.42857143,0.0,1.142857143,0.0,0
1,3,8,4365,0,10,1953,0.125,0.875,0,0.0,0.212121212,0.0,10.0,1
1,2,32,887451,0,12,1117,0.3125,0.6875,0,0.0,0.268292683,0.0,5.5,1
0,7,168,228,1,10,5809,0.7857142859999999,0.214285714,0,68.75,0.0,0.166666667,7.75,0
1,5,18,2278575,0,5,5626,0.5555555560000001,0.444444444,0,25.0,0.109090909,0.625,4.5,1
1,5,60,63052,1,10,6566,0.7333333329999999,0.266666667,0,12.5,0.0,0.3125,5.8,0
0,0,15,0,0,0,371,0.666666667,0.333333333,0,0.0,0.0,0.4,0.0,1
0,4,26,0,0,8,5215,0.961538462,0.038461538,0,90.90909091,0.0,1.0,6.25,0
1,5,14,0,0,0,7295,0.071428571,0.928571429,0,14.28571429,0.034482759,0.230769231,0.0,1
1,5,21,0,0,0,5614,0.19047619,0.80952381,0,25.0,0.130434783,0.176470588,0.0,1
0,7,180,12,0,8,7133,0.944444444,0.055555556,0,58.33333333,0.0,0.4,5.75,0
1,0,3,6693123,1,7,-1,0.666666667,0.333333333,0,66.66666667,0.0,1.0,5.333333333,1
0,2,417,5338415,0,0,-1,0.784172662,0.215827338,0,90.90909091,0.0,0.044444444,0.0,1
1,0,21,9707033,0,7,-1,0.666666667,0.333333333,0,0.0,0.0,0.0,5.5,1
1,2,22,0,0,0,2835,0.318181818,0.681818182,0,100.0,0.0,0.0,0.0,1
0,4,35,154374,1,0,-1,0.114285714,0.8857142859999999,0,7.692307692000001,0.0,0.064516129,0.0,0
1,1,10,0,0,64,3047,1.0,0.0,5,0.0,0.372881356,0.0,12.375,1
0,6,114,939,1,7,7909,0.728070175,0.271929825,0,24.3902439,0.107142857,0.096774194,4.333333333,0
0,2,12,0,0,0,3141,0.5,0.5,0,66.66666667,0.0,0.0,0.0,0
0,2,11,0,0,0,2836,0.909090909,0.090909091,0,100.0,0.024390244,1.0,0.0,1
1,0,0,0,0,0,0,0.0,0.0,0,0.0,0.028571429,0.0,0.0,1
0,1,119,0,0,0,-1,0.890756303,0.109243697,0,68.42105263,0.0,0.307692308,0.0,0
0,6,419,8280,1,10,6318,0.945107399,0.054892601,0,23.07692308,0.081967213,0.173913043,7.75,0
1,1,0,9927134,0,7,4921,0.0,0.0,0,0.0,0.0,0.0,5.5,1
1,0,51,5707171,1,17,3993,1.0,0.0,0,100.0,0.223140496,0.0,8.142857142999999,1
1,0,31,0,0,0,687,0.64516129,0.35483871,0,100.0,0.0,0.181818182,0.0,1
0,3,13,2126106,1,5,1154,0.461538462,0.538461538,0,44.44444444,0.0,0.285714286,5.0,1
0,4,67,0,0,0,-1,0.925373134,0.074626866,0,0.0,0.0,0.0,0.0,0
0,5,65,141081,1,14,-1,0.984615385,0.015384615,0,66.66666667,0.0,0.0,8.0,0
1,3,0,2169284,0,7,-1,0.0,0.0,0,0.0,0.0,0.0,5.5,1
1,0,10,0,1,12,62,0.6,0.4,2,50.0,0.012605042,0.25,5.323529412,1
1,1,37,0,1,5,-1,0.837837838,0.162162162,1,54.54545455,0.0,0.0,3.2,1
1,3,6,0,1,21,4609,0.333333333,0.666666667,4,0.0,0.0,0.0,6.142857143,1
0,4,324,361309,1,9,-1,0.901234568,0.098765432,0,98.88888889,0.0,0.0,7.75,0
1,0,29,9498326,0,0,88,0.24137931,0.75862069,0,4.545454545,0.026315789,0.1363636359999999,0.0,1
0,4,173,2417293,0,0,5251,0.283236994,0.716763006,0,42.85714286,0.0,0.0080645159999999,0.0,0
0,2,13,0,0,0,560,0.7692307690000001,0.230769231,0,0.0,0.0,0.0,0.0,1
0,6,279,6679,1,6,6259,0.584229391,0.415770609,0,13.58024691,0.145454545,0.318965517,3.285714286,0
1,0,3,0,0,14,183,0.666666667,0.333333333,0,50.0,0.0,1.0,14.0,0
0,5,43,74155,1,0,8914,0.837209302,0.162790698,0,62.5,0.0,0.0,0.0,0
1,0,23,0,0,3,2333,0.260869565,0.739130435,0,71.42857143,0.074074074,0.117647059,3.0,1
1,5,76,51164,1,6,8248,0.947368421,0.052631579,0,69.23076923,0.0,0.0,5.75,0
0,3,44,611434,1,0,2675,0.113636364,0.8863636359999999,0,3.333333333,0.0,0.205128205,0.0,0
1,0,0,0,0,12,1344,0.0,0.0,5,0.0,0.047619048,0.0,5.666666667,1
0,2,308,5582632,1,0,1109,0.918831169,0.081168831,0,100.0,0.0,0.0,0.0,0
1,0,0,0,1,18,415,0.0,0.0,3,0.0,0.022988506,0.0,7.857142857,1
1,0,8,10687767,0,13,-1,1.0,0.0,2,0.0,0.096551724,0.0,5.35,1
0,6,26,2195,1,6,7406,1.0,0.0,0,100.0,0.0,0.0,4.666666667,0
0,2,22,2046137,0,0,711,1.0,0.0,0,0.0,0.0,0.0,0.0,1
1,7,39,5086,1,9,9290,0.666666667,0.333333333,0,18.75,0.0,0.307692308,8.333333332999999,0
1,4,23,1364953,1,8,6200,0.565217391,0.434782609,0,100.0,0.056179775,0.2,5.333333333,0
1,4,70,0,1,10,4606,0.971428571,0.028571429,0,100.0,0.0,0.0,6.0,0
1,0,45,0,1,13,175,1.0,0.0,4,100.0,0.011235955,0.0,5.777777778,1
0,3,560,2358,0,6,7160,0.896428571,0.103571429,0,73.13432836,0.119047619,0.517241379,4.25,0
0,7,187,124,1,10,9283,0.855614973,0.144385027,0,16.66666667,0.115384615,0.185185185,6.25,0
1,1,22,0,0,10,777,0.8636363640000001,0.1363636359999999,3,100.0,0.037878788,0.0,5.875,1
1,7,55,2118,1,8,9282,0.672727273,0.327272727,0,18.75,0.06557377,0.277777778,4.3684210530000005,0
1,0,0,0,0,5,-1,0.0,0.0,0,0.0,0.392857143,0.0,3.2,1
1,1,0,0,1,14,-1,0.0,0.0,0,0.0,0.0493827159999999,0.0,5.375,1
0,1,47,77586,0,0,-1,0.0,1.0,1,0.0,0.0,0.0,0.0,1
1,2,154,0,1,14,2394,0.993506494,0.006493506,2,100.0,0.118181818,2.0,7.333333333,1
1,2,6,0,0,8,5228,0.5,0.5,1,0.0,0.0,0.0,5.285714286,1
0,4,51,0,0,0,5257,0.901960784,0.098039216,0,0.0,0.0,0.2,0.0,0
0,5,69,2190,0,10,7616,0.637681159,0.362318841,0,79.16666667,0.0,0.04,5.666666667,0
0,5,6,18143,1,8,5573,0.5,0.5,1,0.0,0.022222222,0.333333333,5.0,0
1,6,409,3568,1,8,6984,0.980440098,0.019559902,0,66.66666667,0.0,0.0,5.2,0
1,4,22,2363,0,11,1620,0.227272727,0.772727273,0,0.0,0.050847458,0.058823529,5.857142857,1
1,0,4,0,0,3,-1,1.0,0.0,0,100.0,0.022222222,0.0,3.0,1
1,2,24,1167594,0,5,662,0.791666667,0.208333333,0,100.0,0.1,0.0,5.0,1
1,0,14,0,0,4,21,1.0,0.0,0,0.0,0.0,0.0,3.5,1
1,2,228,0,0,0,-2,0.99122807,0.00877193,0,100.0,0.142857143,2.0,0.0,1
0,2,13,676515,0,0,-1,0.692307692,0.307692308,0,100.0,0.0,0.0,0.0,0
0,7,484,325,1,9,6434,0.896694215,0.103305785,0,0.0,0.0,0.06,6.0,0
0,7,187,1811,0,7,8712,0.56684492,0.43315508,0,0.0,0.0,0.0493827159999999,5.428571429,0
1,0,51,5707171,0,17,3993,1.0,0.0,0,100.0,0.19047619,0.0,8.142857142999999,1
0,3,108,38677,1,0,4632,0.925925926,0.074074074,0,0.0,0.0,0.5,0.0,0
0,8,84,129,1,10,9513,0.273809524,0.726190476,0,28.57142857,0.0,0.081967213,6.333333333,0
0,1,2,0,1,0,-1,1.0,0.0,0,0.0,0.0,0.0,0.0,0
1,0,0,0,0,7,8369,0.0,0.0,0,0.0,0.0,0.0,5.5,1
0,0,145,0,0,0,-1,0.889655172,0.110344828,0,76.47058824,0.0,0.125,0.0,0
0,5,536,289,0,8,6338,0.925373134,0.074626866,0,13.04347826,0.0,0.05,6.333333333,0
0,3,261,10655328,1,0,5153,0.904214559,0.095785441,0,14.28571429,0.0,0.72,0.0,0
0,3,66,0,1,0,6350,0.833333333,0.166666667,0,0.0,0.0,0.272727273,0.0,0
1,0,33,0,0,14,82,0.8787878790000001,0.121212121,1,100.0,0.046153846,0.0,6.6,1
1,5,14,0,0,1,7295,0.071428571,0.928571429,0,14.28571429,0.028571429,0.230769231,1.0,1
1,0,0,0,0,3,2670,0.0,0.0,0,0.0,0.0,0.0,3.0,1
0,4,17,2457329,1,0,1900,0.352941176,0.647058824,0,12.5,0.0,0.090909091,0.0,0
0,3,39,185235,1,10,6765,0.538461538,0.461538462,0,50.0,0.0,0.277777778,8.333333332999999,0
1,0,0,0,1,7,164,0.0,0.0,1,0.0,0.0,0.0,6.5,1
1,3,21,347165,0,32,6962,0.047619048,0.952380952,0,0.0,0.24,0.05,12.66666667,1
0,3,1641,106468,1,0,8734,0.989640463,0.010359537,0,98.7854251,0.0,0.176470588,0.0,0
0,4,89,53341,1,6,4473,0.95505618,0.04494382,0,0.0,0.0,0.0,4.333333333,0
0,5,0,9602,1,22,4843,0.0,0.0,1,0.0,0.114583333,0.0,5.666666667,1
0,4,18,76986,1,3,-1,0.5,0.5,0,0.0,0.0,0.7777777779999999,2.666666667,0
0,2,178,0,1,0,4011,0.719101124,0.280898876,0,25.0,0.0,0.22,0.0,0
1,3,54,0,1,8,403,0.944444444,0.055555556,0,0.0,0.0,0.0,4.4,0
0,5,280,1518,0,11,7351,0.992857143,0.007142857,2,93.10344828,0.116071429,1.0,6.090909091,0
1,5,14,0,0,0,7295,0.071428571,0.928571429,0,14.28571429,0.068965517,0.846153846,0.0,1
0,0,16,0,1,0,3009,0.875,0.125,0,0.0,0.0,1.0,0.0,1
1,0,0,0,0,18,3251,0.0,0.0,2,0.0,0.0,0.0,7.333333333,1
1,1,111,0,1,5,3573,1.0,0.0,1,100.0,0.0,0.0,4.25,0
1,6,154,5635,1,11,7919,0.928571429,0.071428571,0,75.0,0.111111111,0.0,6.333333333,0
1,0,0,0,0,13,5331,0.0,0.0,1,0.0,0.025,0.0,4.777777778,1
0,2,374,336709,1,0,2868,0.994652406,0.005347594,0,80.0,0.035714286,0.5,0.0,0
0,5,190,3123496,0,0,7299,0.405263158,0.594736842,0,52.0,0.0,0.495575221,0.0,0
1,3,36,3101052,1,30,9025,0.5555555560000001,0.444444444,0,30.0,0.0,0.1875,21.25,0
1,4,0,0,1,7,6288,0.0,0.0,2,0.0,0.092307692,0.0,4.285714286,0
0,3,39,73365,1,0,1270,0.384615385,0.615384615,0,75.86206897,0.0,0.0,0.0,0
1,0,4,5816617,0,17,4003,1.0,0.0,0,100.0,0.174603175,0.0,7.375,1
1,2,17,1244719,0,7,2805,0.882352941,0.117647059,2,50.0,0.0,1.0,4.571428571,1
0,2,116,1291451,1,0,-1,0.7758620690000001,0.224137931,0,0.0,0.0,0.076923077,0.0,0
0,4,55,4223292,1,0,3811,0.872727273,0.127272727,0,16.66666667,0.0,0.285714286,0.0,0
1,3,169,7469069,1,10,5242,0.585798817,0.414201183,0,0.0,0.0,1.0,6.666666667,0
0,4,169,105102,1,4,-1,0.98816568,0.01183432,0,100.0,0.097560976,0.5,3.0,0
1,0,6,0,0,12,7537,1.0,0.0,0,0.0,0.0,0.0,6.5,1
1,0,4,0,1,11,2793,1.0,0.0,0,100.0,0.022727273,0.0,6.5,1
0,4,22,0,0,0,3882,0.5,0.5,0,60.0,0.0,0.272727273,0.0,0
0,1,127,2642183,0,0,1218,0.984251969,0.015748031,0,75.0,0.0,1.5,0.0,0
1,0,64,0,0,32,3206,0.078125,0.921875,0,27.27272727,0.227272727,0.118644068,10.8,1
0,4,40,1186755,1,0,3220,0.525,0.475,0,5.0,0.0,0.0,0.0,0
0,5,59,8743,1,8,8124,0.915254237,0.084745763,0,81.81818182,0.0,0.0,6.75,0
0,5,128,43535,1,9,2783,0.9296875,0.0703125,0,25.0,0.069444444,0.111111111,6.0,0
1,10,25,1,0,39,8346,0.44,0.56,1,0.0,0.097345133,0.0,9.0,1
0,5,0,66583,0,10,9806,0.0,0.0,0,0.0,0.0,0.0,7.0,0
0,6,102,684,1,6,9202,0.81372549,0.18627451,0,23.80952381,0.0,0.105263158,6.0,0
0,4,514,108150,1,0,6909,0.8852140079999999,0.114785992,0,71.66666667,0.0,0.13559322,0.0,0
1,2,10,397194,0,5,-1,1.0,0.0,1,0.0,0.025,0.0,5.0,1
0,6,268,603,1,10,7837,0.768656716,0.231343284,0,39.39393939,0.0,0.274193548,10.0,0
1,2,0,0,1,5,200,0.0,0.0,1,0.0,0.0,0.0,3.5,1
1,6,8,22211,0,3,1338,1.0,0.0,0,0.0,0.222222222,0.0,3.0,1
0,8,825,4731,1,9,-1,0.972121212,0.027878788,0,97.28453365,0.026315789,0.7826086959999999,5.666666667,0
1,0,7,0,0,4,2519,0.857142857,0.142857143,1,0.0,0.0,1.0,3.5,1
1,0,4,5816617,0,17,4003,1.0,0.0,0,100.0,0.171875,0.0,7.375,1
1,6,66,2707,1,8,8832,0.848484848,0.151515152,0,20.0,0.0,0.0,4.214285714,0
1,0,28,0,0,18,253,0.857142857,0.142857143,0,100.0,0.04494382,0.0,6.1111111110000005,1
0,7,361,12,0,6,7131,0.972299169,0.027700831,0,52.38095238,0.108433735,0.4,2.470588235,0
0,4,4,3004473,0,8,8081,1.0,0.0,0,0.0,0.0,0.0,5.333333333,0
0,1,17,0,1,0,1119,0.058823529,0.941176471,0,0.0,0.0,0.0,0.0,0
1,0,51,5707171,1,17,3993,1.0,0.0,0,100.0,0.1300813009999999,0.0,7.375,1
1,0,0,0,0,7,6315,0.0,0.0,0,0.0,0.0,0.0,4.75,1
1,6,82,41054,0,6,4101,0.8658536590000001,0.134146341,0,0.0,0.032258065,0.0,6.0,1
1,5,116,908,0,6,6606,0.879310345,0.120689655,0,0.0,0.027027027,0.214285714,4.0,1
1,0,23,0,0,4,-1,0.913043478,0.086956522,0,100.0,0.0,0.0,4.0,1
0,7,82,58821,1,0,9124,0.609756098,0.390243902,0,13.33333333,0.0,0.0625,0.0,0
0,0,99,0,0,0,-1,0.97979798,0.02020202,0,66.66666667,0.0,0.0,0.0,0
0,7,109,3175,1,7,8440,0.71559633,0.28440367,0,0.0,0.0,0.193548387,4.666666667,0
0,3,11,0,0,0,4490,0.818181818,0.181818182,1,100.0,0.0,0.0,0.0,1
1,3,1,22884,0,0,2301,1.0,0.0,0,0.0,0.024390244,0.0,0.0,1
0,4,116,648389,1,0,4337,0.137931034,0.8620689659999999,0,26.08695652,0.0,0.06,0.0,0
0,7,1008,12,0,9,7130,0.988095238,0.011904762,0,67.56756757,0.0,0.666666667,4.4,0
1,2,112,4641,0,0,1535,0.276785714,0.7232142859999999,0,5.263157895,0.09375,0.12345679,0.0,1
0,5,51,20789,0,10,7186,0.980392157,0.019607843,0,100.0,0.0,0.0,7.0,0
0,7,188,1074,1,7,9422,0.377659574,0.6223404260000001,0,4.347826087,0.0,0.102564103,4.666666667,0
1,4,1,166976,0,11,4258,1.0,0.0,0,0.0,0.0,0.0,6.5,1
0,5,0,138739,1,11,8405,0.0,0.0,0,0.0,0.040816327,0.0,5.25,0
1,4,0,3100263,0,7,3378,0.0,0.0,0,0.0,0.488888889,0.0,7.0,1
1,6,8,22211,0,7,1338,1.0,0.0,1,0.0,0.173913043,0.0,5.5,1
1,0,50,0,1,0,7,0.96,0.04,0,96.55172414,0.0,0.0,0.0,1
0,2,226,4458295,1,5,3060,0.977876106,0.022123894,0,50.0,0.0,0.0,4.166666667,0
0,5,64,43710,1,8,2783,0.859375,0.140625,0,25.0,0.081081081,0.111111111,6.333333333,0
1,1,32,0,0,7,4410,0.125,0.875,0,6.666666667,0.0,0.5,5.25,1
0,5,414,235408,0,10,3270,0.623188406,0.376811594,0,82.82442748,0.017857143,0.166666667,6.4,0
1,2,31,1196152,0,7,1015,0.032258065,0.967741935,0,0.0,0.0,0.1,6.5,1
1,2,31,1211946,0,32,1016,0.032258065,0.967741935,0,0.0,0.212765957,0.1,18.33333333,1
1,0,16,0,0,64,241,0.9375,0.0625,2,100.0,0.3713080170000001,0.0,14.35714286,1
0,8,580,70,1,7,8965,0.7482758620000001,0.251724138,0,66.66666667,0.212121212,0.006849315,6.0,0
0,2,241,0,1,0,4672,0.954356846,0.045643154,0,86.66666667,0.0,0.181818182,0.0,0
1,0,51,1961063,0,32,1669,0.588235294,0.411764706,0,100.0,0.330708661,0.095238095,8.666666667000001,1
1,6,8,22211,0,5,1338,1.0,0.0,0,0.0,0.205128205,0.0,5.0,1
0,6,8,20989,0,0,1336,1.0,0.0,0,0.0,0.103448276,0.0,0.0,1
1,2,30,0,1,15,-1,1.0,0.0,4,100.0,0.157303371,0.0,4.8,1
1,0,23,0,0,8,2315,1.0,0.0,0,0.0,0.058823529,0.0,6.333333333,1
0,6,48,5483,0,8,5440,0.916666667,0.083333333,0,0.0,0.0,0.75,6.0,0
1,0,57,0,0,32,244,1.0,0.0,3,100.0,0.218390805,0.0,10.0,1
1,0,0,0,0,4,44,0.0,0.0,0,0.0,0.085714286,0.0,2.75,1
1,2,241,4639,0,0,1547,0.456431535,0.543568465,0,0.0,0.076923077,0.022900763,0.0,1
0,6,3822,71893,1,9,3468,0.976713762,0.023286238,0,99.53012714,0.0779220779999999,0.056179775,4.875,0
0,6,0,7674,1,11,7224,0.0,0.0,0,0.0,0.0,0.0,5.9,0
1,3,7,65241,0,0,8756,0.857142857,0.142857143,0,0.0,0.0,0.0,0.0,1
0,5,96,9140,1,0,-1,0.75,0.25,0,21.42857143,0.0,0.041666667,0.0,0
0,5,69,2205,0,11,7619,0.637681159,0.362318841,0,79.16666667,0.0,0.04,8.0,0
1,0,0,0,1,0,720,0.0,0.0,0,0.0,0.0,0.0,0.0,1
1,3,0,10313348,0,32,5233,0.0,0.0,0,0.0,0.388888889,0.0,32.0,1
1,0,3,0,0,0,5,0.0,1.0,0,0.0,0.0,0.0,0.0,1
1,1,11,0,0,32,-1,1.0,0.0,3,0.0,0.195652174,0.0,9.333333333,1
1,5,206,3149099,1,10,3602,0.27184466,0.72815534,0,10.16949153,0.063291139,0.206666667,5.875,0
0,2,101,581135,1,0,-1,0.891089109,0.108910891,0,0.0,0.0,0.0,0.0,0
1,4,7,110671,1,9,5848,0.285714286,0.7142857140000001,0,0.0,0.018518519,0.6,5.25,0
0,4,55,1118419,1,0,8822,0.909090909,0.090909091,0,50.0,0.0,0.4,0.0,0
0,2,56,105290,0,5,774,0.946428571,0.053571429,0,100.0,0.0,0.0,3.666666667,1
1,5,21,0,0,15,5615,0.19047619,0.80952381,0,25.0,0.166666667,0.176470588,9.5,1
1,0,0,0,0,9,-1,0.0,0.0,0,0.0,0.302325581,0.0,4.285714286,1
1,2,43,0,2,12,-1,0.511627907,0.488372093,0,70.83333333,0.0,0.142857143,7.5,1
0,3,145,324993,1,0,1954,0.889655172,0.110344828,0,100.0,0.0,0.0,0.0,0
1,10,25,63,0,13,7491,0.52,0.48,0,0.0,0.0,0.0,13.0,0
0,5,152,285559,1,0,-1,0.947368421,0.052631579,0,33.33333333,0.0,0.0,0.0,0
0,5,139,12789,1,10,6680,0.81294964,0.18705036,0,32.25806452,0.0,0.192307692,8.5,0
1,10,10,1,0,28,8348,0.0,1.0,1,0.0,0.038961039,0.0,7.833333333,1
0,4,592,89351,1,0,2371,0.988175676,0.011824324,0,28.57142857,0.0,0.0,0.0,0
1,2,30,0,0,32,5767,0.966666667,0.033333333,0,100.0,0.233766234,0.0,14.66666667,1
1,0,32,0,0,26,254,0.59375,0.40625,0,0.0,0.055555556,0.153846154,6.875,1
1,5,21,0,0,4,5627,0.19047619,0.80952381,0,25.0,0.016949153,0.294117647,4.0,1
0,3,70,1271666,1,0,6529,0.8428571429999999,0.157142857,0,58.33333333,0.0,0.272727273,0.0,0
1,2,0,0,1,10,2488,0.0,0.0,0,0.0,0.0,0.0,5.8,0
0,3,38,784630,1,9,-2,0.947368421,0.052631579,1,50.0,0.0,1.0,5.25,0
1,1,25,80841,1,5,-1,0.84,0.16,0,100.0,0.03030303,0.0,4.0,1
0,2,995,1791361,1,0,6660,0.990954774,0.009045226,0,97.79005525,0.0,0.222222222,0.0,0
0,3,57,0,1,0,3539,0.7192982459999999,0.280701754,0,86.66666667,0.0,0.25,0.0,0
0,4,8,7047,1,4,8088,1.0,0.0,0,0.0,0.054054054,0.0,2.0,1
1,1,100,0,1,5,-1,0.76,0.24,0,8.333333332999999,0.0,0.875,4.0,1
0,7,74,567,1,0,8430,0.27027027,0.72972973,0,22.85714286,0.0,0.222222222,0.0,0
0,4,131,944274,0,0,8944,0.183206107,0.8167938929999999,0,1.234567901,0.0,0.14953271,0.0,0
0,6,207,682,1,14,6259,0.8647343000000001,0.1352657,0,53.33333333,0.0,0.0,14.0,0
1,2,30,0,1,32,5767,0.966666667,0.033333333,0,100.0,0.222222222,0.0,14.66666667,1
0,3,8,4365,0,10,1953,0.125,0.875,0,0.0,0.151515152,0.0,10.0,1
0,8,233,0,0,0,7447,0.128755365,0.871244635,0,91.07142857,0.027777778,0.034482759,0.0,0
0,5,0,171108,0,6,6201,0.0,0.0,0,0.0,0.0,0.0,4.1428571430000005,0
1,2,39,1079600,0,32,7499,0.871794872,0.128205128,0,78.57142857,0.3619047620000001,0.2,14.68421053,1
0,4,140,80446,0,4,2683,0.964285714,0.035714286,0,71.42857143,0.0,0.4,4.0,0
1,1,0,0,1,8,-1,0.0,0.0,0,0.0,0.0,0.0,5.75,1
0,3,102,2663228,1,0,2038,0.656862745,0.343137255,0,0.0,0.0,0.057142857,0.0,0
1,0,0,126941,0,53,322,0.0,0.0,4,0.0,0.0,0.0,14.8,1
0,4,148,1601,1,0,7737,0.8310810809999999,0.1689189189999999,0,41.66666667,0.0,0.0,0.0,0
1,0,4,0,0,3,1534,0.25,0.75,0,0.0,0.1363636359999999,0.0,3.0,1
0,3,90,157749,1,0,7701,0.422222222,0.577777778,0,92.30769231,0.0,0.019230769,0.0,0
0,5,260,7256020,1,0,3799,0.023076923,0.976923077,0,1.136363636,0.0,0.027559055,0.0,0
1,4,152,17173,0,9,2128,0.651315789,0.348684211,0,82.14285714,0.0,0.018867925,9.0,0
0,5,123,5738074,0,0,7298,0.308943089,0.6910569109999999,0,39.68253968,0.0,0.294117647,0.0,0
1,5,0,0,0,5,5616,0.0,0.0,0,0.0,0.25,0.0,3.333333333,1
0,5,30,67041,0,32,-1,1.0,0.0,0,100.0,0.190909091,0.0,13.0,1
0,3,184,2913616,1,0,2964,0.983695652,0.016304348,0,100.0,0.0,0.0,0.0,0
1,3,1,17964,0,14,7083,0.0,1.0,0,0.0,0.06097561,0.0,5.857142857,1
1,0,11,8899502,0,31,874,0.272727273,0.727272727,0,0.0,0.152073733,0.375,10.0,1
0,3,35,296232,1,2,6791,0.171428571,0.828571429,0,13.79310345,0.0,0.275862069,2.0,0
0,5,67,1175360,1,0,4441,0.985074627,0.014925373,0,100.0,0.0,0.0,0.0,0
0,4,97,2424363,1,0,4558,0.783505155,0.216494845,0,0.0,0.0,0.095238095,0.0,0
1,0,4,0,1,9,6249,1.0,0.0,3,100.0,0.023255814,0.0,5.666666667,1
0,2,253,223021,1,0,2842,0.300395257,0.699604743,0,57.14285714,0.0,0.011299435,0.0,0
1,2,103,490968,0,0,7189,0.932038835,0.067961165,0,0.0,0.0,0.285714286,0.0,1
1,5,116,899,0,6,6606,0.879310345,0.120689655,1,0.0,0.125,0.214285714,4.0,1
0,3,118,262457,1,0,3020,0.516949153,0.483050847,0,80.0,0.0,0.087719298,0.0,0
0,6,66,2717,1,11,8833,0.848484848,0.151515152,0,20.0,0.037735849,0.1,5.2,0
1,6,1,35701,0,6,-1,0.0,1.0,0,0.0,0.0,2.0,6.0,1
1,0,4,5816617,1,17,4003,1.0,0.0,0,100.0,0.203125,0.0,8.142857142999999,1
0,4,54,799767,1,0,3165,0.907407407,0.092592593,0,83.33333333,0.2,0.0,0.0,0
0,5,51,788213,1,8,8387,0.960784314,0.039215686,0,96.66666667,0.0,0.5,6.0,0
1,0,51,5707171,0,17,3993,1.0,0.0,0,100.0,0.128,0.0,8.142857142999999,1
0,4,105,57926,1,11,8051,0.819047619,0.180952381,0,12.5,0.0,0.473684211,11.0,0
1,2,94,2773762,1,12,-1,0.936170213,0.063829787,1,50.0,0.0,0.166666667,5.666666667,1
0,6,0,48450,1,7,-1,0.0,0.0,0,0.0,0.046511628,0.0,4.75,0
1,0,59,0,0,7,31,0.796610169,0.203389831,1,21.42857143,0.0,0.75,6.0,1
1,1,0,0,1,9,-1,0.0,0.0,0,0.0,0.0,0.0,9.0,0
0,4,14,131599,1,0,5576,0.571428571,0.428571429,0,0.0,0.0,0.166666667,0.0,0
1,0,2,0,1,32,376,0.5,0.5,1,0.0,0.244897959,1.0,13.375,1
0,4,573,297787,1,0,-1,0.982547993,0.017452007,0,89.65517241,0.0,0.3,0.0,0
0,5,9,32,0,80,7765,0.0,1.0,0,0.0,0.03030303,0.0,20.6,1
1,5,21,0,0,4,5626,0.19047619,0.80952381,0,25.0,0.0,0.294117647,4.0,1
1,0,0,0,0,13,540,0.0,0.0,0,0.0,0.0,0.0,6.875,0
0,3,63,71132,1,17,2784,0.936507937,0.063492063,0,100.0,0.0,0.0,10.5,0
1,5,21,0,0,9,5616,0.19047619,0.80952381,0,25.0,0.161290323,0.176470588,4.75,1
1,4,21,3612,0,0,8093,0.428571429,0.571428571,0,0.0,0.21875,0.75,0.0,1
0,2,24,0,1,0,2004,0.291666667,0.708333333,1,0.0,0.0,0.0,0.0,0
1,0,0,0,0,7,-1,0.0,0.0,0,0.0,0.028571429,0.0,5.0,1
1,0,75,0,0,8,135,0.106666667,0.893333333,0,66.66666667,0.018518519,0.089552239,5.0,1
1,0,32,0,1,12,2694,0.75,0.25,3,100.0,0.0,0.0,5.666666667,1
0,5,99,6310833,1,0,2736,0.262626263,0.7373737370000001,0,1.5384615380000002,0.0,0.109589041,0.0,0
1,0,588,0,1,6,4089,0.969387755,0.030612245,1,96.91780822,0.0,0.111111111,4.25,1
1,0,270,0,0,30,971,0.696296296,0.303703704,2,43.47826087,0.114583333,0.012195122,6.666666667,1
0,5,102,3725373,0,0,7298,0.480392157,0.519607843,0,81.25,0.0,0.132075472,0.0,0
1,0,6,0,1,13,4212,0.166666667,0.833333333,0,100.0,0.0,0.0,6.6,1
1,0,211,0,0,8,323,0.483412322,0.5165876779999999,0,0.0,0.0,0.073394495,5.0,1
0,4,64,8541,0,7,4968,0.640625,0.359375,0,55.0,0.0,0.173913043,5.2,0
0,8,195,135,1,9,5222,0.7025641029999999,0.297435897,0,35.48387097,0.02739726,0.137931034,6.833333333,0
0,7,1323,12,0,8,7133,0.905517763,0.094482237,0,67.94871795,0.0,0.52,5.666666667,0
0,6,2,710503,0,10,1079,1.0,0.0,0,0.0,0.014084507,0.0,5.75,1
1,2,6,1561104,0,0,7412,0.0,1.0,0,0.0,0.0,1.166666667,0.0,1
1,4,26,0,0,40,8019,0.115384615,0.884615385,1,0.0,0.073770492,0.0,9.375,1
1,4,7,0,0,41,8018,0.0,1.0,0,0.0,0.036231884,0.0,9.2,1
0,5,94,32574,0,8,3022,0.659574468,0.340425532,0,66.66666667,0.0,0.0,4.857142857,0
1,5,841,4997,1,15,5797,0.248513674,0.751486326,0,92.59259259,0.12,0.0,7.222222222,0
1,5,14,0,0,0,7295,0.071428571,0.928571429,0,14.28571429,0.03125,0.846153846,0.0,1
1,7,0,37159,0,5,3166,0.0,0.0,0,0.0,0.0,0.0,5.0,1
1,5,0,37441,0,7,-1,0.0,0.0,0,0.0,0.222222222,0.0,4.333333333,0
1,4,268,48772,1,9,-1,0.973880597,0.026119403,0,55.55555556,0.038461538,0.571428571,6.333333333,0
0,4,41,1326081,1,5,6535,0.902439024,0.097560976,0,50.0,0.0,0.0,5.0,0
0,0,53,0,0,0,-1,0.132075472,0.867924528,0,19.04761905,0.027027027,0.086956522,0.0,1
1,0,6,0,0,8,836,0.666666667,0.333333333,3,0.0,0.018518519,0.0,4.6,1
0,4,1,468378,1,7,5074,1.0,0.0,0,0.0,0.0,0.0,7.0,0
1,4,709,32707,0,10,7118,0.778561354,0.221438646,0,64.60176991,0.0,0.585987261,4.666666667,0
1,5,34,0,0,5,7297,0.147058824,0.852941176,0,12.5,0.12,0.137931034,3.75,1
1,0,13,0,0,3,1515,0.923076923,0.076923077,0,0.0,0.0,0.0,2.0,1
0,4,261,332267,1,0,6773,0.9348659,0.0651341,0,30.76923077,0.0,0.235294118,0.0,0
1,0,4,5816617,1,17,4003,1.0,0.0,0,100.0,0.115107914,0.0,8.375,1
0,6,89,943,1,12,7913,0.93258427,0.06741573,0,62.5,0.098360656,0.166666667,6.4,0
1,10,10,1,0,30,8348,0.0,1.0,1,0.0,0.048780488,0.0,7.285714286,1
1,0,23,0,0,5,162,0.260869565,0.739130435,2,71.42857143,0.0,0.117647059,3.333333333,1
1,10,33,1,0,29,8346,0.393939394,0.606060606,1,100.0,0.038095238,0.0,8.111111111,1
0,4,397,92080,0,9,-1,0.526448363,0.473551637,0,26.19047619,0.036585366,0.079787234,5.875,0
0,5,34,5682356,0,0,7299,0.088235294,0.911764706,0,33.33333333,0.0,0.419354839,0.0,0
0,3,34,8082898,1,0,-1,0.441176471,0.558823529,0,40.0,0.0,0.0,0.0,0
0,5,232,74297,1,10,6843,0.99137931,0.00862069,0,50.0,0.0,1.5,5.75,0
1,5,21,0,0,4,5616,0.19047619,0.80952381,0,25.0,0.212765957,0.176470588,3.5,1
1,0,0,10478953,1,6,2869,0.0,0.0,1,0.0,0.0,0.0,4.4,1
1,0,6,0,0,9,1337,0.333333333,0.666666667,0,0.0,0.0,0.0,6.0,1
1,2,84,4558,0,7,1536,0.142857143,0.857142857,0,0.0,0.046875,0.180555556,7.0,1
1,2,0,0,1,5,6402,0.0,0.0,0,0.0,0.0,0.0,3.8,0
1,4,0,0,1,4,716,0.0,0.0,0,0.0,0.0,0.0,3.0,1
0,6,100,375480,1,0,3433,0.52,0.48,0,40.42553191,0.0,0.0,0.0,0
0,5,60,423762,0,11,3231,0.95,0.05,0,100.0,0.111111111,0.0,5.666666667,0
1,5,22,1943,1,5,12872,1.0,0.0,0,100.0,0.022727273,0.0,4.333333333,0
1,5,14,0,0,0,7295,0.071428571,0.928571429,0,14.28571429,0.025641026,0.230769231,0.0,1
0,5,67,9424,1,2,3434,0.8059701490000001,0.194029851,0,69.23076923,0.0,0.153846154,2.0,0
0,3,64,2401957,0,0,3328,0.9375,0.0625,0,80.0,0.0,0.25,0.0,0
0,4,85,215181,1,0,-1,0.317647059,0.682352941,0,36.50793651,0.0,0.396551724,0.0,0
0,3,607,50501,1,5,8159,0.990115321,0.009884679,0,100.0,0.018181818,0.0,4.0,0
0,2,5,0,0,0,-1,1.0,0.0,0,0.0,0.0,0.0,0.0,0
1,0,44,0,1,7,-1,0.545454545,0.454545455,1,100.0,0.2,0.1,3.888888889,1
0,6,685,76848,1,12,8765,0.944525547,0.055474453,0,85.41666667,0.0,0.078947368,6.0,0
0,4,274,42124,1,11,8469,0.912408759,0.087591241,0,35.48387097,0.0,0.125,6.166666667,0
1,2,83,7237293,1,7,1854,0.8433734940000001,0.156626506,1,50.0,0.026666667,0.0,4.375,1
1,3,7,0,1,5,3388,0.7142857140000001,0.285714286,0,50.0,0.076923077,1.0,5.0,1
0,10,55,2,1,14,5637,0.472727273,0.527272727,0,0.0,0.0,0.137931034,9.0,0
1,10,0,1,1,12,8348,0.0,0.0,1,0.0,0.023668639,0.0,4.538461538,1
1,1,23,0,1,43,4284,0.7826086959999999,0.217391304,2,20.0,0.1,0.0,10.81818182,1
0,7,67,5977,0,7,4950,0.701492537,0.298507463,0,18.18181818,0.164179104,0.25,3.272727273,0
1,2,80,0,0,10,3347,0.3625,0.6375,1,0.0,0.101265823,0.31372549,6.0,1
0,5,31,86462,1,8,5913,0.709677419,0.290322581,0,87.5,0.0,0.111111111,5.333333333,0
1,0,16,0,0,12,1794,0.125,0.875,0,25.0,0.0,0.214285714,7.333333333,1
0,7,719,13,0,9,7134,0.984700974,0.015299026,0,77.08333333,0.0,0.272727273,5.4,0
1,0,4,5828815,1,17,4003,1.0,0.0,0,100.0,0.225806452,0.0,7.375,1
0,5,432,442372,1,14,-1,0.664351852,0.335648148,0,16.86046512,0.0,0.572413793,8.75,0
0,7,543,12,0,4,7130,0.948434622,0.051565378,0,46.15384615,0.0,0.214285714,3.5,0
1,2,1,0,0,2,-1,0.0,1.0,1,0.0,0.0,0.0,2.0,1
0,6,155,4382,1,13,-1,0.916129032,0.083870968,0,86.95652174,0.0,0.307692308,6.444444444,0
1,6,8,22211,0,3,1338,1.0,0.0,0,0.0,0.210526316,0.0,3.0,1
1,3,247,1355200,1,4,8323,0.987854251,0.012145749,0,100.0,0.0,0.0,4.0,0
0,7,299,121,1,8,9285,0.7692307690000001,0.230769231,0,73.68421053,0.058823529,0.072463768,3.666666667,0
0,4,333,38436,1,2,1801,0.975975976,0.024024024,0,0.0,0.0,0.25,2.0,0
1,0,1,0,1,0,56,1.0,0.0,0,0.0,0.0,0.0,0.0,1
0,3,36,4623984,1,0,2613,0.7777777779999999,0.222222222,0,60.0,0.0,0.0,0.0,0
0,2,96,1337125,1,0,1496,0.354166667,0.645833333,0,33.33333333,0.0,0.161290323,0.0,0
1,1,4,0,1,17,3064,1.0,0.0,3,100.0,0.078787879,0.0,8.642857142999999,1
0,4,41,1314432,1,11,5934,0.780487805,0.219512195,0,66.66666667,0.0,0.111111111,9.0,0
1,5,38,635,0,7,7590,0.842105263,0.1578947369999999,0,0.0,0.041666667,0.0,3.444444444,0
1,2,119,4639,0,0,1547,0.218487395,0.781512605,0,0.0,0.088235294,0.021505376,0.0,1
1,6,369,3568,1,9,6983,0.986449864,0.013550136,0,88.88888889,0.0,0.0,6.75,0
1,0,20,0,0,8,829,0.2,0.8,0,25.0,0.0,0.1875,5.5,1
0,4,417,107288,1,9,7526,0.940047962,0.059952038,0,68.42105263,0.016393443,0.0,3.857142857,0
0,2,47,8439309,1,0,3861,0.404255319,0.595744681,0,27.27272727,0.037037037,0.25,0.0,0
0,5,127,111648,1,9,8705,0.929133858,0.070866142,0,40.0,0.020408163,0.5555555560000001,6.25,0
1,0,0,0,0,0,258,0.0,0.0,0,0.0,0.0,0.0,0.0,1
1,0,15,5038359,1,19,2204,0.933333333,0.066666667,2,100.0,0.03968254,0.0,7.0,1
0,0,9,8666349,0,7,2238,0.666666667,0.333333333,0,0.0,0.0,0.0,4.1428571430000005,1
1,0,51,5697976,0,15,3992,1.0,0.0,0,100.0,0.102941176,0.0,8.5,1
1,1,0,81638,1,0,437,0.0,0.0,1,0.0,0.0,0.0,0.0,0
1,0,5,0,1,15,135,1.0,0.0,0,0.0,0.061728395,0.0,6.75,1
0,4,259,0,1,0,6311,0.984555985,0.015444015,1,0.0,0.0,0.5,0.0,0
1,4,18,1144878,0,9,7496,0.7222222220000001,0.277777778,0,0.0,0.0,1.0,7.0,0
1,7,152,6366,1,9,3781,0.736842105,0.263157895,1,71.56862745,0.0,0.15,9.0,0
0,5,247,32,0,12,7764,0.311740891,0.6882591090000001,0,20.0,0.186915888,0.376470588,5.230769231,0
0,4,77,174867,1,0,2025,0.675324675,0.324675325,0,93.93939394,0.0,0.0,0.0,0
0,3,131,643440,1,0,5239,0.992366412,0.007633588,0,100.0,0.0,0.0,0.0,0
0,4,29,2619360,0,0,-1,1.0,0.0,0,100.0,0.0,0.0,0.0,1
1,0,4,0,1,13,13,1.0,0.0,1,100.0,0.038461538,0.0,6.333333333,1
1,0,51,5707171,0,17,3993,1.0,0.0,0,100.0,0.1875,0.0,7.375,1
1,0,4,0,0,9,224,1.0,0.0,0,100.0,0.109375,0.0,5.8,1
0,7,761,845,1,8,2630,0.934296978,0.065703022,0,96.02739726,0.092592593,0.36,5.2,0
1,0,4,0,0,4,614,1.0,0.0,0,100.0,0.0,0.0,4.0,1
1,0,1,0,1,8,2241,1.0,0.0,1,100.0,0.0,0.0,6.666666667,1
1,5,65,554648,1,11,6036,1.0,0.0,0,100.0,0.0,0.0,10.5,0
0,5,96,42884,0,13,-1,0.958333333,0.041666667,0,98.11320755,0.05952381,0.0,6.1111111110000005,0
1,0,10,0,1,8,4503,0.1,0.9,4,0.0,0.0,0.222222222,5.0,1
0,10,1,1,0,10,8346,0.0,1.0,2,0.0,0.0,0.0,6.0,1
0,4,5,518954,0,4,-1,1.0,0.0,0,100.0,0.055555556,0.0,4.0,1
1,7,64,521,1,9,6257,0.609375,0.390625,0,37.14285714,0.0,0.08,5.833333333,0
0,7,235,12,0,9,7133,0.910638298,0.0893617019999999,0,68.18181818,0.0,0.523809524,6.666666667,0
1,2,0,4953,0,35,5804,0.0,0.0,0,0.0,0.123809524,0.0,8.25,1
1,0,103,869662,0,5,7328,0.932038835,0.067961165,1,0.0,0.051282051,0.285714286,4.0,1
1,1,22,0,0,5,1479,0.818181818,0.181818182,1,100.0,0.0,0.0,3.666666667,1
1,0,51,5707171,0,15,3993,1.0,0.0,0,100.0,0.191176471,0.0,8.5,1
0,3,0,908288,1,3,-1,0.0,0.0,0,0.0,0.0,0.0,3.0,0
0,6,154,24862,1,9,8757,0.967532468,0.032467532,0,69.23076923,0.0,0.2,7.9,0
0,3,127,22884,0,0,2301,0.94488189,0.05511811,0,100.0,0.0,0.0,0.0,1
0,5,174,98,0,9,4057,0.718390805,0.281609195,0,85.10638298,0.060606061,0.142857143,4.75,0
0,1,220,0,1,0,-1,0.8136363640000001,0.186363636,0,16.66666667,0.0,0.048780488,0.0,0
1,2,33,242805,0,7,2348,0.606060606,0.393939394,0,12.5,0.0,0.538461538,6.0,0
1,5,116,899,0,6,6605,0.879310345,0.120689655,0,0.0,0.142857143,0.214285714,4.0,1
0,3,257,785774,1,0,3872,0.929961089,0.070038911,0,63.33333333,0.0,0.277777778,0.0,0
0,8,12,0,0,0,5159,0.75,0.25,0,33.33333333,0.0,0.666666667,0.0,0
1,1,33,0,1,13,2252,0.242424242,0.757575758,2,70.0,0.0,0.0,10.5,1
0,10,98,1,0,10,8350,0.908163265,0.091836735,0,47.05882353,0.120689655,0.444444444,5.4,0
0,2,88,7910131,0,12,3911,0.7840909090000001,0.215909091,0,66.66666667,0.0,0.315789474,5.333333333,1
1,2,19,6738927,0,0,5437,0.947368421,0.052631579,0,0.0,0.12,2.0,0.0,0
1,6,19,6917,1,5,4340,0.526315789,0.473684211,0,62.5,0.0,0.222222222,3.0,0
0,5,193,988,1,10,7587,0.994818653,0.005181347,0,93.75,0.0,0.0,10.0,0
1,6,547,13560,1,9,7985,0.983546618,0.016453382,0,57.89473684,0.129032258,0.444444444,4.125,0
1,4,26,0,0,9,4721,0.7307692309999999,0.269230769,0,0.0,0.0,0.142857143,7.25,0
0,2,15,0,1,0,-1,0.8,0.2,0,60.0,0.0,0.0,0.0,0
0,7,207,12,0,6,7133,0.937198068,0.062801932,0,68.29268293,0.0,0.307692308,4.666666667,0
0,2,80,10088551,1,0,5714,1.0,0.0,0,0.0,0.0,0.0,0.0,0
0,3,30,3433037,1,0,-1,0.7333333329999999,0.266666667,0,57.14285714,0.0,0.25,0.0,0
0,6,30,7073,1,12,9549,0.833333333,0.166666667,0,0.0,0.192307692,0.0,8.666666667000001,0
1,2,0,0,1,8,4397,0.0,0.0,2,0.0,0.0,0.0,4.6,1
1,2,11,746847,0,8,7378,1.0,0.0,3,0.0,0.0,0.0,4.75,1
1,0,3,0,0,4,2932,1.0,0.0,0,0.0,0.043478261,0.0,4.0,1
0,5,224,1229372,0,0,7299,0.357142857,0.642857143,0,38.7755102,0.0,0.5902777779999999,0.0,0
0,5,79,790874,1,11,-1,0.734177215,0.265822785,0,31.03448276,0.0,0.7142857140000001,5.625,0
0,1,0,0,1,10,2861,0.0,0.0,1,0.0,0.0,0.0,5.75,0
1,4,20,58891,0,5,4914,0.15,0.85,2,0.0,0.0,0.0,3.0,1
1,0,34,0,0,7,4987,0.088235294,0.911764706,0,0.0,0.0,0.387096774,4.75,1
0,4,0,43376,0,9,-1,0.0,0.0,0,0.0,0.020408163,0.0,5.0,0
1,3,125,4224244,0,5,7105,0.952,0.048,0,50.0,0.073170732,0.5,3.0,0
0,6,2,4992,1,8,-1,1.0,0.0,0,100.0,0.0,0.0,4.0,0
1,1,0,0,0,7,4537,0.0,0.0,0,0.0,0.0,0.0,5.5,1
0,3,27,0,0,8,5824,1.0,0.0,1,100.0,0.0,0.0,5.5,0
0,5,100,1888375,0,7,-1,0.56,0.44,0,23.21428571,0.0,0.4318181820000001,5.0,0
1,3,132,263173,1,0,2342,0.795454545,0.204545455,0,71.42857143,0.0,0.037037037,0.0,0
0,4,361,1402896,1,8,7890,0.933518006,0.066481994,0,0.0,0.0,0.125,5.6,0
1,1,1,7782684,0,8,-1,1.0,0.0,1,0.0,0.052631579,0.0,3.444444444,1
0,4,252,6459,1,9,7992,0.813492063,0.186507937,0,50.0,0.0,0.021276596,7.0,0
1,5,83,9331979,0,4,5626,0.469879518,0.5301204820000001,0,56.92307692,0.107142857,0.363636364,4.0,1
0,2,60,0,1,0,4499,0.7333333329999999,0.266666667,0,53.84615385,0.0,0.0,0.0,0
1,4,56,0,1,5,4190,0.910714286,0.089285714,0,60.0,0.0,0.0,3.0,1
1,2,206,8949,0,11,2578,0.189320388,0.810679612,0,17.80821918,0.012820513,0.54491018,7.833333333,0
0,5,157,2902,1,11,7523,0.7133757959999999,0.286624204,0,62.5,0.085106383,0.044444444,6.666666667,0
1,0,3,0,0,4,2590,0.666666667,0.333333333,0,0.0,0.0,0.0,3.0,1
1,10,18,1,0,26,8348,0.611111111,0.388888889,2,100.0,0.0,0.0,15.0,1
1,0,7,0,1,9,2563,1.0,0.0,0,100.0,0.072727273,0.0,5.75,1
0,5,112,380,1,7,5044,0.9375,0.0625,0,64.28571429,0.0,0.0,4.4,0
0,5,218,965,1,9,7583,0.995412844,0.0045871559999999,0,95.23809524,0.0,0.0,9.0,0
0,3,26,2714532,1,0,5022,0.615384615,0.384615385,0,77.77777778,0.0,0.3,0.0,0
0,4,76,382395,1,0,-1,0.25,0.75,0,5.8823529410000015,0.0,0.1578947369999999,0.0,0
0,7,320,12,0,7,7133,0.959375,0.040625,0,56.66666667,0.0,0.461538462,5.0,0
1,0,23,0,0,5,240,0.0,1.0,0,0.0,0.085714286,0.043478261,4.0,1
1,3,34,2408885,0,7,1777,0.588235294,0.411764706,0,0.0,0.0,0.071428571,5.5,1
1,0,15,0,1,9,2573,0.8,0.2,1,0.0,0.0,0.0,3.4,1
1,2,37,2869931,1,4,6348,0.783783784,0.216216216,0,50.0,0.261744966,0.125,2.051282051,0
1,4,26,0,0,17,8019,0.115384615,0.884615385,0,0.0,0.066115702,0.0,7.777777778,1
1,0,9,0,1,8,181,1.0,0.0,0,0.0,0.046153846,0.0,6.166666667,1
1,2,7,2089560,0,167,3424,0.571428571,0.428571429,0,0.0,0.1372549019999999,0.0,86.5,1
0,4,47,15858,0,0,-1,0.957446809,0.042553191,0,100.0,0.0,0.5,0.0,0
1,4,23,0,1,11,4190,0.565217391,0.434782609,0,9.090909091,0.00990099,0.0,4.727272727,1
1,0,3,0,0,13,330,1.0,0.0,2,0.0,0.0,0.0,5.5,1
1,0,57,0,1,32,243,1.0,0.0,3,100.0,0.230769231,0.0,10.0,1
1,6,208,10203,1,9,3964,0.9375,0.0625,1,46.66666667,0.064814815,0.461538462,6.0,0
0,0,18,8785357,0,33,-1,0.7777777779999999,0.222222222,0,92.30769231,0.155172414,0.0,17.0,1
1,5,51,119046,1,7,5080,0.941176471,0.058823529,0,85.71428571,0.0,0.666666667,6.5,0
1,0,107,0,0,7,613,0.046728972,0.953271028,0,8.163265306,0.0,0.18627451,4.833333333,1
0,3,129,0,1,0,6769,0.914728682,0.085271318,0,16.66666667,0.041666667,0.363636364,0.0,0
0,2,645,616337,1,0,-1,0.950387597,0.049612403,0,33.33333333,0.0,0.03125,0.0,0
0,5,17,142110,1,8,5408,0.235294118,0.764705882,0,0.0,0.150684932,0.307692308,4.2,0
1,7,4,309382,0,7,2139,0.0,1.0,0,0.0,0.115384615,0.0,7.0,1
1,4,18,187079,0,32,5990,0.833333333,0.166666667,0,0.0,0.264705882,0.0,18.0,1
0,7,432,12,0,7,7134,0.884259259,0.115740741,0,67.32026144,0.0,0.2,4.666666667,0
0,6,69,2375,0,6,4440,0.869565217,0.130434783,0,0.0,0.0,0.222222222,4.5,0
1,4,9,4934,0,28,-1,1.0,0.0,0,100.0,0.0,0.0,10.66666667,0
0,3,51,728287,1,0,-1,0.607843137,0.392156863,0,86.66666667,0.0,0.0,0.0,0
1,5,14,0,0,0,7295,0.071428571,0.928571429,0,14.28571429,0.1,0.846153846,0.0,1
1,5,147,124057,1,9,11285,0.775510204,0.224489796,0,25.0,0.066666667,0.303030303,7.333333333,0
1,0,44,0,0,32,-1,0.795454545,0.204545455,0,85.71428571,0.25,0.111111111,10.4,1
1,1,0,0,0,13,6734,0.0,0.0,0,0.0,0.181818182,0.0,8.666666667000001,1
1,0,4,5828815,0,17,4003,1.0,0.0,0,100.0,0.1171875,0.0,7.375,1
1,0,58,0,0,8,-1,0.620689655,0.379310345,0,16.66666667,0.040816327,0.1363636359999999,4.4,1
1,2,0,0,0,0,8416,0.0,0.0,0,0.0,0.057971014,0.0,0.0,1
0,5,9,1314,0,43,7038,1.0,0.0,0,100.0,0.085714286,0.0,7.777777778,1
1,4,24,23288,0,11,7530,1.0,0.0,0,100.0,0.127659574,0.0,8.5,1
0,4,96,451542,1,11,5865,0.5625,0.4375,0,5.263157895,0.0,0.0,6.75,0
0,4,71,86181,1,0,2347,0.704225352,0.295774648,0,60.0,0.0,0.095238095,0.0,0
1,2,0,0,0,7,4755,0.0,0.0,1,0.0,0.0,0.0,4.6,1
1,0,21,0,1,6,923,0.904761905,0.095238095,0,100.0,0.105263158,0.0,6.0,1
0,3,40,0,1,0,6260,0.575,0.425,0,42.85714286,0.0,0.117647059,0.0,0
0,5,111,3659,1,10,5097,0.972972973,0.027027027,0,88.46153846,0.0,0.333333333,6.166666667,0
1,2,4,0,1,6,6080,1.0,0.0,2,100.0,0.0,0.0,3.75,1
1,5,144,7231,1,12,7405,0.895833333,0.104166667,1,64.70588235,0.058333333,0.266666667,7.0,0
1,4,170,438190,0,7,3075,0.852941176,0.147058824,0,14.28571429,0.117647059,0.44,4.1,0
1,0,46,0,0,10,2195,0.326086957,0.673913043,4,0.0,0.05,0.290322581,7.0,1
0,0,23,0,0,0,4202,0.7826086959999999,0.217391304,0,100.0,0.0,0.0,0.0,1
0,4,39,698224,1,0,7696,0.974358974,0.025641026,0,100.0,0.0,0.0,0.0,0
1,3,64,1922851,1,2,3199,0.8125,0.1875,0,80.0,0.0,0.166666667,2.0,0
1,2,8,0,1,13,5805,1.0,0.0,3,100.0,0.0,0.0,6.333333333,1
1,0,6,0,0,64,1556,0.833333333,0.166666667,2,0.0,0.387254902,0.0,14.08333333,1
0,5,0,477976,0,7,-1,0.0,0.0,0,0.0,0.106060606,0.0,5.0,0
0,6,18,5836,0,12,5670,0.166666667,0.833333333,0,100.0,0.2,0.0,4.4117647060000005,1
1,2,1,0,0,17,-1,1.0,0.0,2,0.0,0.112149533,0.0,6.2,1
1,0,2,0,1,10,6896,1.0,0.0,0,100.0,0.0,0.0,6.0,1
0,5,49,469364,1,8,5511,0.918367347,0.081632653,0,0.0,0.0,0.0,5.571428571,0
1,0,0,0,0,0,-1,0.0,0.0,0,0.0,0.0,0.0,0.0,1
1,3,18,0,1,6,6107,0.833333333,0.166666667,0,0.0,0.0,0.333333333,5.0,1
1,4,11,0,0,16,8019,0.090909091,0.909090909,0,0.0,0.044444444,0.0,7.571428571,1
1,2,0,0,0,13,4068,0.0,0.0,0,0.0,0.240740741,0.0,8.666666667000001,1
1,5,21,0,0,9,5616,0.19047619,0.80952381,1,25.0,0.157142857,0.176470588,5.333333333,1
0,3,9,1347894,1,10,7142,0.7777777779999999,0.222222222,0,0.0,0.012820513,0.5,6.0,0
1,3,1,17964,0,7,7083,0.0,1.0,0,0.0,0.0,0.0,6.0,1
1,0,0,0,1,7,5972,0.0,0.0,0,0.0,0.056603774,0.0,5.25,1
0,6,41,1394,1,6,9325,0.731707317,0.268292683,0,0.0,0.0,0.363636364,6.0,0
0,5,49,1885,1,5,5454,0.87755102,0.12244898,0,14.28571429,0.0,0.0,4.0,0
0,6,238,18981,1,7,9558,0.957983193,0.042016807,0,84.12698413,0.1363636359999999,0.8,5.666666667,0
0,5,118,0,0,0,7298,0.084745763,0.915254237,0,23.4375,0.0,0.314814815,0.0,0
1,3,82,485347,1,0,6683,0.963414634,0.036585366,0,0.0,0.0,0.333333333,0.0,0
1,2,31,0,0,7,2486,0.161290323,0.838709677,0,0.0,0.439393939,0.0,3.9,1
1,2,60,177488,1,11,-1,0.966666667,0.033333333,0,0.0,0.032258065,0.0,9.25,0
0,3,45,798738,1,0,-1,0.7777777779999999,0.222222222,0,14.28571429,0.0,0.0,0.0,0
0,8,16,0,0,0,5160,0.9375,0.0625,0,0.0,0.0,0.0,0.0,0
0,3,191,4661621,1,0,3496,0.151832461,0.8481675390000001,0,6.896551724,0.0,0.074074074,0.0,0
1,0,4,5816617,0,17,4003,1.0,0.0,0,100.0,0.19047619,0.0,8.142857142999999,1
0,8,368,41,0,10,6056,0.543478261,0.456521739,0,30.52631579,0.095890411,0.035714286,6.0,0
1,0,83,0,0,32,-1,0.795180723,0.204819277,2,26.08695652,0.215517241,0.294117647,8.6,1
1,0,4,0,0,0,768,1.0,0.0,0,0.0,0.0,0.0,0.0,1
0,4,366,1433231,1,0,5947,0.172131148,0.827868852,0,7.430340557,0.0,0.6138613860000001,0.0,0
0,3,111,5811225,0,0,1465,0.7657657659999999,0.234234234,0,7.142857143,0.0,0.038461538,0.0,0
1,0,15,2368593,0,0,539,0.0,1.0,2,33.33333333,0.2,0.133333333,0.0,1
0,0,6,0,0,12,1021,1.0,0.0,0,0.0,0.279411765,0.0,6.0,1
1,2,0,0,0,15,-1,0.0,0.0,3,0.0,0.0,0.0,8.0,1
1,8,5,114,1,25,5158,0.4,0.6,0,0.0,0.045454545,0.666666667,5.6,0
0,3,48,1880775,0,0,1180,0.270833333,0.729166667,0,11.76470588,0.0,0.085714286,0.0,0
0,0,43,0,1,0,2713,0.790697674,0.209302326,0,50.0,0.08,0.222222222,0.0,0
0,10,55,2,1,6,5635,0.472727273,0.527272727,0,0.0,0.0,0.137931034,5.0,0
0,6,94,3227,1,11,8481,0.4148936170000001,0.585106383,0,50.0,0.0,0.236363636,7.857142857,0
1,0,1,0,1,10,-1,1.0,0.0,0,0.0,0.043478261,0.0,10.0,1
0,2,39,925488,1,0,7302,0.846153846,0.153846154,0,0.0,0.0,0.166666667,0.0,0
1,0,3,0,0,5,1407,0.666666667,0.333333333,1,0.0,0.0,0.0,3.5,1
1,0,31,0,0,7,-1,1.0,0.0,0,100.0,0.0,0.0,4.8,1
1,0,13,0,0,8,470,0.846153846,0.153846154,3,0.0,0.0,0.0,4.4,1
0,6,84,2580,1,8,8044,0.892857143,0.107142857,0,55.55555556,0.125,0.111111111,5.666666667,0
0,3,156,4633956,0,0,6466,0.865384615,0.134615385,0,55.55555556,0.0,0.666666667,0.0,0
1,0,0,0,0,4,-1,0.0,0.0,0,0.0,0.0,0.0,3.5,1
0,5,78,2192,0,10,7619,0.602564103,0.397435897,0,75.86206897,0.0,0.064516129,8.333333332999999,0
1,0,28,0,0,10,54,1.0,0.0,0,100.0,0.111111111,0.0,6.666666667,1
0,4,73,474447,1,6,5397,0.945205479,0.054794521,0,0.0,0.0,0.0,5.0,0
1,0,16,0,1,6,-1,0.5625,0.4375,1,100.0,0.0,0.0,3.833333333,1
0,5,221,332,0,9,7286,0.176470588,0.8235294120000001,0,20.93023256,0.103448276,0.0,6.0,0
1,4,65,34048,0,7,7123,0.476923077,0.523076923,0,90.90909091,0.0,0.058823529,3.666666667,0
1,2,19,7107162,0,4,8664,0.842105263,0.1578947369999999,0,100.0,0.0,0.0,4.0,1
1,0,59,0,1,32,254,1.0,0.0,3,100.0,0.23,0.0,8.375,1
0,6,55,1625,1,9,2388,0.854545455,0.145454545,0,72.22222222,0.0,0.0,6.6,0
0,0,15,1909793,0,9,5387,0.933333333,0.066666667,0,0.0,0.31147541,1.0,4.714285714,1
1,8,5,115,1,12,5160,0.4,0.6,0,0.0,0.054054054,0.666666667,4.2,0
0,4,32,0,1,7,-1,0.84375,0.15625,0,25.0,0.0,0.2,5.0,0
1,6,8,20989,0,0,1336,1.0,0.0,0,0.0,0.103448276,0.0,0.0,1
0,7,110,523,1,6,6328,0.954545455,0.045454545,0,33.33333333,0.0,0.0,5.333333333,0
0,3,696,5126981,1,0,-1,0.975574713,0.024425287,0,68.75,0.0,0.0,0.0,0
0,4,14,3933504,1,0,1903,0.7142857140000001,0.285714286,0,85.71428571,0.0,0.0,0.0,0
1,0,3,7776219,1,100,4091,1.0,0.0,0,0.0,0.236363636,0.0,19.0,1
1,1,51,0,1,10,3400,0.0,1.0,1,0.0,0.0,0.921568627,9.0,1
0,7,50,6085,1,8,8721,0.64,0.36,0,44.44444444,0.091954023,0.444444444,5.1,0
1,4,0,1112236,0,12,-1,0.0,0.0,0,0.0,0.098901099,0.0,4.916666667,0
0,5,199,14978,0,8,9073,0.984924623,0.015075377,0,92.85714286,0.014285714,0.333333333,5.0,0
0,3,614,2805305,1,2,8697,0.988599349,0.011400651,0,83.33333333,0.0,0.142857143,2.0,0
0,5,5,143598,1,10,7717,0.4,0.6,0,100.0,0.0,0.0,6.0,0
1,0,0,0,1,4,4792,0.0,0.0,1,0.0,0.0,0.0,3.333333333,1
1,0,51,5707171,0,17,3993,1.0,0.0,0,100.0,0.1328125,0.0,7.375,1
1,4,639,613509,1,9,9035,0.99687011,0.00312989,0,50.0,0.067567568,0.0,4.1111111110000005,0
0,4,30,1863493,1,0,3198,0.3666666670000001,0.6333333329999999,0,13.33333333,0.0,0.315789474,0.0,0
1,0,1,0,0,9,341,1.0,0.0,3,0.0,0.0,0.0,6.0,1
1,0,0,0,0,0,281,0.0,0.0,0,0.0,0.0,0.0,0.0,1
0,3,145,465492,0,7,-1,0.944827586,0.055172414,0,50.0,0.0172413789999999,0.25,4.833333333,0
1,0,21,0,0,32,209,0.857142857,0.142857143,0,100.0,0.352941176,0.0,9.2,1
0,3,39,6295284,1,12,-1,0.871794872,0.128205128,0,77.77777778,0.0,0.2,7.0,0
0,6,48,31707,1,3,9369,0.666666667,0.333333333,0,6.25,0.045454545,0.5,3.0,0
1,0,51,5707171,1,17,3993,1.0,0.0,0,100.0,0.1472868219999999,0.0,8.142857142999999,1
0,4,480,620877,1,0,8151,0.833333333,0.166666667,0,7.462686567,0.0,0.775,0.0,0
1,5,14,0,0,0,7295,0.071428571,0.928571429,0,14.28571429,0.034482759,0.846153846,0.0,1
1,0,14,0,0,32,103,0.7857142859999999,0.214285714,0,0.0,0.304093567,1.0,7.588235293999999,1
0,3,59,0,1,7,6957,0.983050847,0.016949153,0,66.66666667,0.0,0.0,5.5,0
1,0,99,5082431,0,13,1663,0.282828283,0.717171717,0,28.81355932,0.0,0.915492958,10.5,1
1,8,5,114,1,20,5160,0.4,0.6,0,0.0,0.048780488,0.666666667,5.0,0
0,3,0,0,0,0,5874,0.0,0.0,0,0.0,0.0,0.0,0.0,0
1,10,1,1,0,12,8346,0.0,1.0,0,0.0,0.012658228,0.0,5.714285714,1
1,0,0,0,1,7,2269,0.0,0.0,0,0.0,0.0,0.0,5.5,1
0,5,67,97763,1,0,7637,0.850746269,0.149253731,0,28.57142857,0.0,0.3,0.0,0
1,0,5,0,1,5,2484,0.0,1.0,1,0.0,0.0,0.6,4.25,1
0,4,197,679154,1,0,163,0.893401015,0.106598985,0,40.0,0.0,0.19047619,0.0,0
1,4,37,7237162,0,10,5120,0.486486486,0.513513514,0,0.0,0.0,0.052631579,7.333333333,0
1,5,18,0,0,5,5616,0.944444444,0.055555556,1,100.0,0.076923077,1.0,4.5,1
0,10,14,73,1,4,6471,0.428571429,0.571428571,0,0.0,0.0,0.0,4.0,0
1,0,237,0,0,7,1,0.852320675,0.147679325,0,84.32432432,0.0,0.114285714,4.0,1
0,0,44,0,0,0,-1,1.0,0.0,0,100.0,0.0,0.0,0.0,0
1,0,11,0,1,5,138,0.181818182,0.818181818,0,100.0,0.01754386,0.0,4.0,1
0,0,85,0,0,10,1933,0.988235294,0.011764706,0,100.0,0.0,0.0,5.428571429,1
1,0,17,0,0,30,4646,0.529411765,0.470588235,4,25.0,0.1875,0.25,7.68,1
1,0,0,0,0,13,6945,0.0,0.0,0,0.0,0.175438596,0.0,8.666666667000001,1
0,6,73,95781,1,11,3146,0.95890411,0.04109589,0,0.0,0.0,0.0,7.4,0
0,3,0,135272,0,4,4656,0.0,0.0,0,0.0,0.0,0.0,4.0,0
1,0,0,0,1,32,303,0.0,0.0,0,0.0,0.260869565,0.0,13.66666667,1
0,4,1001,2528830,1,0,4477,0.986013986,0.013986014,0,89.04109589,0.0,0.214285714,0.0,0
1,3,178,467993,1,9,6460,1.0,0.0,2,0.0,0.039215686,0.0,5.25,0
1,0,1,4853199,0,4,316,0.0,1.0,0,0.0,0.0,0.0,3.5,1
0,2,30,3063554,1,0,2054,0.9,0.1,0,92.59259259,0.0,0.0,0.0,0
0,5,135,1253431,1,0,2863,0.644444444,0.355555556,0,0.0,0.0,0.145833333,0.0,0
0,6,263,603,1,10,7837,0.779467681,0.220532319,0,33.33333333,0.0,0.25862069,6.5,0
0,5,631,14284,0,9,6074,0.662440571,0.337559429,0,6.956521738999999,0.0,0.018779343,6.5,0
1,0,5,1322736,0,11,1023,0.8,0.2,1,0.0,0.0,0.0,11.0,1
0,5,30,18697,0,10,9694,0.966666667,0.033333333,0,100.0,0.014814815,0.0,4.684210526,0
1,3,74,0,1,64,4097,0.445945946,0.554054054,3,17.39130435,0.319391635,0.073170732,12.11111111,1
1,0,0,0,0,3,-1,0.0,0.0,1,0.0,0.0,0.0,2.5,1
1,0,124,0,1,32,243,0.951612903,0.048387097,3,88.0,0.21,0.0,8.375,1
1,0,3,0,0,0,92,1.0,0.0,0,0.0,0.0,0.0,0.0,1
1,0,6,6816950,0,39,6085,1.0,0.0,1,0.0,0.167525773,0.0,8.052631579,1
1,5,8,194144,0,5,5077,0.625,0.375,0,100.0,0.138888889,0.0,4.5,0
0,2,96,3043528,1,0,7471,0.78125,0.21875,0,42.85714286,0.0,0.0,0.0,0
0,2,75,141183,1,0,2582,0.2,0.8,0,100.0,0.0,0.0,0.0,0
0,4,160,169074,1,0,-1,0.9875,0.0125,0,33.33333333,0.0,0.0,0.0,0
1,4,55,0,0,0,5257,0.945454545,0.054545455,0,50.0,0.0,0.0,0.0,0
1,0,29,0,0,0,2179,0.5862068970000001,0.413793103,0,16.66666667,0.098039216,0.166666667,0.0,1
1,4,29,4484170,1,8,1867,0.8275862070000001,0.172413793,0,0.0,0.0,0.0,6.0,0
1,3,6,0,1,13,4609,0.333333333,0.666666667,4,0.0,0.0,0.0,5.285714286,1
1,8,11,50,0,8,12209,1.0,0.0,0,100.0,0.162162162,0.0,5.0,0
1,3,1,17964,0,12,7083,0.0,1.0,0,0.0,0.007142857,0.0,8.181818182,1
1,0,7,0,0,5,-1,1.0,0.0,1,100.0,0.0,0.0,4.5,1
1,0,5,0,0,5,2484,0.0,1.0,1,0.0,0.0,0.6,4.25,1
0,2,36,0,1,0,-1,0.5277777779999999,0.472222222,0,50.0,0.0,0.0,0.0,0
1,0,31,0,1,15,160,0.35483871,0.64516129,1,0.0,0.0,0.4,15.0,1
1,0,1,9558747,0,32,658,1.0,0.0,4,0.0,0.19266055,0.0,8.111111111,1
1,0,12,842411,0,12,1736,0.833333333,0.166666667,0,0.0,0.0,0.0,8.0,1
0,2,436,372945,1,0,7099,0.98853211,0.01146789,0,57.14285714,0.0,0.2,0.0,0
0,8,18,62,0,0,6239,0.5,0.5,0,0.0,0.0,0.7777777779999999,0.0,0
1,4,26,209887,1,8,4822,0.884615385,0.115384615,0,25.0,0.0,0.666666667,8.0,0
0,7,1622,12,0,6,7132,0.902589396,0.097410604,0,62.73584906,0.0,0.537974684,4.75,0
1,5,130,1592793,1,12,7222,0.938461538,0.061538462,0,11.11111111,0.069767442,0.25,5.666666667,0
1,2,110,7079578,1,176,2815,0.9,0.1,0,59.09090909,0.498293515,0.363636364,23.45454545,1
0,5,55,163827,1,8,7551,0.290909091,0.709090909,0,40.90909091,0.0,0.025641026,5.75,0
1,0,28,0,0,29,532,0.464285714,0.535714286,1,0.0,0.252747253,0.133333333,10.8,1
0,2,497,3139730,0,0,2746,0.979879276,0.020120724,0,81.81818182,0.0,0.3,0.0,0
1,2,12,0,1,6,6544,0.0,1.0,0,0.0,0.0,0.0,4.666666667,1
0,2,7,3021434,1,0,1207,0.142857143,0.857142857,0,0.0,0.0,0.5,0.0,0
0,4,32,188662,1,10,2685,0.8125,0.1875,0,100.0,0.0,0.0,7.0,0
1,3,0,4365,0,11,1953,0.0,0.0,0,0.0,0.044444444,0.0,10.5,1
0,4,14,1569169,1,11,5296,0.7142857140000001,0.285714286,0,42.85714286,0.0,0.25,6.5,0
1,3,13,0,1,7,5005,0.384615385,0.615384615,0,33.33333333,0.0,0.0,5.666666667,0
0,6,122,128,1,0,7697,0.87704918,0.12295082,0,27.77777778,0.0,0.133333333,0.0,0
1,0,23,0,0,7,1202,0.217391304,0.7826086959999999,2,16.66666667,0.0,0.333333333,4.857142857,1
0,6,139,8550,1,9,5737,0.863309353,0.136690647,0,13.33333333,0.0,0.473684211,6.666666667,0
1,5,14,0,0,0,5626,0.642857143,0.357142857,0,0.0,0.04,0.0,0.0,1
0,4,159,90667,1,0,-1,0.886792453,0.113207547,0,29.16666667,0.0,0.222222222,0.0,0
0,5,195,988,1,7,7587,0.994871795,0.005128205,0,93.75,0.0,0.0,5.5,0
0,3,41,2430743,1,8,4608,0.487804878,0.5121951220000001,0,36.36363636,0.0,0.333333333,8.0,0
0,4,28,379136,0,10,8810,0.535714286,0.464285714,0,22.22222222,0.0,0.0,7.142857143,0
1,0,30,0,0,10,-1,0.933333333,0.066666667,0,0.0,0.0,0.0,9.0,1
0,5,83,34798,1,0,5365,0.686746988,0.313253012,0,8.695652174,0.0,0.269230769,0.0,0
1,1,24,0,1,8,3821,1.0,0.0,3,100.0,0.035714286,0.0,4.0,1
1,1,11,988416,0,6,6856,1.0,0.0,0,100.0,0.0,0.0,5.5,1
0,5,107,5635,1,7,8430,0.906542056,0.093457944,0,66.66666667,0.0,0.2,4.5,0
0,1,0,3566615,1,0,2808,0.0,0.0,0,0.0,0.0,0.0,0.0,0
1,0,1,0,0,7,59,1.0,0.0,0,0.0,0.0,0.0,4.5,1
0,4,33,162824,1,0,-1,0.0,1.0,0,0.0,0.0,0.060606061,0.0,0
1,5,130,14411,1,7,6072,0.061538462,0.938461538,0,6.0,0.0,0.049180328,3.666666667,0
1,2,15,6728303,0,80,6868,0.6,0.4,0,0.0,0.178217822,0.0,12.76923077,1
0,2,30,0,1,0,980,0.3666666670000001,0.6333333329999999,0,44.44444444,0.0,0.105263158,0.0,0
0,4,30,9281332,1,8,-1,0.133333333,0.8666666670000001,0,18.18181818,0.0,0.307692308,5.0,0
1,0,51,5707171,0,17,3993,1.0,0.0,0,100.0,0.134920635,0.0,8.142857142999999,1
0,6,263,3878,1,14,4210,0.897338403,0.102661597,0,95.29411765,0.0,0.111111111,8.5,0
1,3,0,4365,0,10,1953,0.0,0.0,0,0.0,0.15625,0.0,10.0,1
1,3,15,0,0,10,6438,0.666666667,0.333333333,0,66.66666667,0.025,0.4,7.333333333,0
0,4,168,97060,1,0,7730,0.8392857140000001,0.1607142859999999,0,10.0,0.0,0.4074074070000001,0.0,0
0,6,54,1546,1,8,8906,0.759259259,0.240740741,0,0.0,0.0,0.461538462,5.0,0
0,2,1097,2659785,1,0,5442,0.997265269,0.002734731,0,99.81884058,0.0,1.0,0.0,0
0,5,59,2408577,0,0,7297,0.491525424,0.508474576,0,82.35294118,0.0,0.333333333,0.0,0
0,6,53,549,0,10,11049,0.660377358,0.339622642,0,23.80952381,0.071428571,0.333333333,7.166666667,0
0,4,0,0,1,0,3510,0.0,0.0,0,0.0,0.0,0.0,0.0,0
0,10,19,1,0,32,8347,0.263157895,0.736842105,0,100.0,0.0,0.0,11.33333333,0
0,6,212,684,1,11,6260,0.863207547,0.136792453,0,53.125,0.0,0.24137931,11.0,0
1,0,13,10288277,0,6,-1,0.307692308,0.692307692,1,100.0,0.025641026,0.0,3.75,1
0,2,148,921884,1,0,4460,0.844594595,0.155405405,0,33.33333333,0.0,0.304347826,0.0,0
0,5,27,156797,1,0,3839,0.37037037,0.62962963,0,52.94117647,0.0,0.352941176,0.0,0
0,6,0,3466,0,13,12762,0.0,0.0,0,0.0,0.12962963,0.0,6.3,0
1,5,62,0,0,13,5627,0.596774194,0.403225806,1,0.0,0.044444444,0.16,5.6,1
1,0,4,0,0,200,1381,1.0,0.0,0,100.0,0.143884892,0.0,31.85714286,1
1,5,31,13267,1,25,6725,0.161290323,0.838709677,1,0.0,0.066037736,0.0,6.8,1
0,5,14,66570,1,8,4209,0.5,0.5,0,42.85714286,0.0,0.142857143,4.6,0
0,5,18,37739,1,7,5309,0.8888888890000001,0.111111111,0,0.0,0.0,0.0,5.5,0
1,0,4,0,0,5,470,1.0,0.0,2,100.0,0.0,0.0,3.333333333,1
0,6,166,12601,1,7,8148,0.638554217,0.361445783,0,66.66666667,0.0,0.133333333,4.0,0
1,5,22,0,0,7,5615,0.181818182,0.818181818,2,25.0,0.069444444,0.166666667,3.8,1
0,2,877,7471833,1,0,1887,0.979475485,0.020524515,0,0.0,0.0,0.0,0.0,0
1,4,84,380311,1,13,7379,0.964285714,0.035714286,0,100.0,0.0,0.0,8.25,0
1,0,4,0,0,17,2905,1.0,0.0,3,0.0,0.0779220779999999,0.0,5.444444444,1
1,0,13,0,1,2,-1,0.692307692,0.307692308,0,50.0,0.0,0.0,2.0,1
0,5,94,2873,1,8,4486,0.936170213,0.063829787,0,70.0,0.0,0.0,6.75,0
0,4,36,1581954,1,0,1366,0.583333333,0.4166666670000001,0,0.0,0.0,0.266666667,0.0,0
1,5,105,1303460,1,12,7370,0.695238095,0.304761905,0,63.33333333,0.0,0.71875,6.0,0
1,4,26,0,0,46,8019,0.115384615,0.884615385,0,0.0,0.1,0.0,10.66666667,1
1,0,34,0,0,6,7552,0.205882353,0.794117647,0,100.0,0.0,0.0,4.25,1
1,3,8,4365,0,4,1953,0.125,0.875,0,0.0,0.102564103,0.0,4.0,1
1,0,6,0,1,10,5088,0.166666667,0.833333333,0,100.0,0.0,0.0,6.0,1
0,4,97,423862,1,0,-1,0.773195876,0.226804124,0,55.55555556,0.0,0.181818182,0.0,0
0,7,142,631,1,10,7476,0.471830986,0.5281690139999999,0,70.0,0.0,0.04,7.5,0
0,10,153,8,1,16,8516,0.3790849670000001,0.620915033,0,100.0,0.0,0.0,16.0,0
1,1,8,0,0,11,4966,1.0,0.0,1,0.0,0.0,0.0,6.5,1
0,4,40,544207,1,0,1643,0.725,0.275,0,0.0,0.0,0.181818182,0.0,0
0,4,40,2589063,1,0,2486,0.25,0.75,0,15.38461538,0.0,0.066666667,0.0,0
1,0,1,3532151,1,75,-1,1.0,0.0,1,0.0,0.155688623,0.0,10.66666667,1
0,5,192,17935,0,0,6922,0.708333333,0.291666667,1,72.72727273,0.0,0.071428571,0.0,0
1,5,0,4392684,1,11,-1,0.0,0.0,0,0.0,0.083916084,0.0,5.529411765,0
0,5,119,1447,1,4,4920,1.0,0.0,0,100.0,0.0,0.0,4.0,0
1,2,7,0,0,3,3922,0.857142857,0.142857143,0,50.0,0.05,0.0,3.0,1
1,0,51,5707171,0,17,3993,1.0,0.0,0,100.0,0.203125,0.0,7.375,1
1,3,0,4188162,1,7,6535,0.0,0.0,0,0.0,0.0,0.0,5.5,1
0,4,37,1523192,1,0,4056,0.756756757,0.243243243,0,91.17647059,0.0,0.333333333,0.0,0
1,2,23,0,0,0,819,1.0,0.0,0,100.0,0.093023256,0.0,0.0,1
1,0,51,5707171,0,17,3993,1.0,0.0,0,100.0,0.125,0.0,7.375,1
1,0,58,0,0,9,-1,0.0172413789999999,0.982758621,2,0.0,0.0,0.0,7.0,1
0,5,84,17158,1,9,6302,0.880952381,0.119047619,0,54.54545455,0.075,0.0,4.0,0
1,8,4,0,0,0,5159,1.0,0.0,0,0.0,0.0,0.0,0.0,1
1,5,83,6538559,0,4,5612,0.469879518,0.5301204820000001,0,56.92307692,0.0,0.363636364,4.0,1
0,1,58,0,0,0,5238,0.7758620690000001,0.224137931,0,0.0,0.0,0.0,0.0,0
0,3,135,3030688,1,0,4980,0.940740741,0.059259259,0,0.0,0.0,0.625,0.0,0
1,5,5,0,0,0,7296,0.0,1.0,0,0.0,0.314285714,0.0,0.0,1
0,5,123,0,0,0,7297,0.674796748,0.325203252,0,86.95652174,0.0,0.275,0.0,0
0,6,8,20989,0,0,1337,1.0,0.0,0,0.0,0.034482759,0.0,0.0,1
0,6,10,591,0,8,12848,1.0,0.0,0,0.0,0.19047619,0.0,8.0,0
0,7,1731,12,0,4,7131,0.94627383,0.05372617,0,66.42599278,0.0,0.35483871,4.0,0
1,5,205,333087,1,12,9132,0.96097561,0.03902439,0,71.42857143,0.095238095,0.125,4.25,0
1,5,0,151292,1,11,1516,0.0,0.0,0,0.0,0.017857143,0.0,6.076923077000001,0
1,0,15,0,0,7,1374,0.933333333,0.066666667,1,100.0,0.085714286,0.0,5.0,1
1,0,12,0,0,5,1771,0.75,0.25,0,92.30769231,0.0,0.0,3.0,1
1,0,32,0,0,5,-1,0.71875,0.28125,0,11.11111111,0.0,0.333333333,5.0,1
1,5,21,0,0,4,5616,0.19047619,0.80952381,0,25.0,0.212765957,0.176470588,3.0,1
0,2,155,0,1,0,-1,0.974193548,0.025806452,0,50.0,0.0,0.25,0.0,0
0,3,41,3106402,1,0,4478,0.707317073,0.292682927,0,0.0,0.0,0.666666667,0.0,0
1,0,87,5160220,0,11,389,0.034482759,0.965517241,0,2.43902439,0.0,0.119047619,5.785714286,1
0,4,13,1450090,0,0,-1,1.0,0.0,0,0.0,0.0,0.0,0.0,0
1,0,0,0,0,5,3934,0.0,0.0,0,0.0,0.0,0.0,4.333333333,1
1,10,1,1,0,15,8350,0.0,1.0,0,0.0,0.0,0.0,15.0,0
1,4,50,198456,1,0,4183,0.84,0.16,0,77.77777778,0.0,0.5,0.0,0
1,0,28,5039553,0,40,2204,0.5,0.5,0,0.0,0.212121212,0.0,10.72222222,1
1,6,8,20989,0,0,1337,1.0,0.0,0,0.0,0.068965517,0.0,0.0,1
1,0,0,0,0,6,-1,0.0,0.0,2,0.0,0.0,0.0,4.0,1
1,0,0,5631354,0,12,73,0.0,0.0,3,0.0,0.047619048,0.0,6.0,1
0,4,0,1142313,0,10,3008,0.0,0.0,0,0.0,0.046875,0.0,4.714285714,0
1,0,124,0,0,32,243,0.951612903,0.048387097,3,88.0,0.197916667,0.0,8.375,1
1,2,4,0,0,4,-1,1.0,0.0,0,100.0,0.0,0.0,4.0,1
1,0,4,5816617,0,15,4003,1.0,0.0,0,100.0,0.115942029,0.0,8.5,1
0,5,306,316,1,7,9189,0.774509804,0.225490196,0,1.470588235,0.0,0.0,6.5,0
0,5,72,2775,1,10,7330,0.486111111,0.513888889,1,20.0,0.0,0.027027027,7.2,0
1,6,8,20989,0,6,1337,1.0,0.0,0,0.0,0.025641026,0.0,5.0,1
0,6,36,56198,0,0,7620,0.75,0.25,0,0.0,0.0,0.0,0.0,1
0,5,65,7664,1,11,2884,0.8307692309999999,0.1692307689999999,0,46.15384615,0.0,0.0,7.090909091,0
1,5,202,16455,1,8,-1,0.900990099,0.099009901,0,66.10169492,0.0,0.15,6.0,0
1,0,51,5697976,0,17,3992,1.0,0.0,0,100.0,0.21875,0.0,7.375,1
0,10,52,2,1,5,5640,0.557692308,0.442307692,0,0.0,0.0,0.0,3.0,0
1,4,26,0,0,46,8019,0.115384615,0.884615385,0,0.0,0.0625,0.0,10.16666667,1
1,0,0,0,1,50,-1,0.0,0.0,0,0.0,0.395348837,0.0,19.0,1
1,2,3,0,0,7,258,0.666666667,0.333333333,0,0.0,0.0,2.0,5.333333333,0
1,0,22,0,0,22,3832,0.818181818,0.181818182,1,66.66666667,0.059701493,0.75,11.0,1
1,2,23,2352138,0,0,804,0.304347826,0.695652174,0,100.0,0.0,0.0,0.0,1
1,0,0,0,1,11,620,0.0,0.0,0,0.0,0.0,0.0,6.333333333,1
1,4,21,3612,0,0,8094,0.428571429,0.571428571,0,0.0,0.125,0.75,0.0,1
1,2,22,0,0,32,2300,0.545454545,0.454545455,2,60.0,0.181818182,0.0,8.0,1
0,6,129,684,1,7,9201,0.798449612,0.201550388,0,17.85714286,0.0,0.423076923,6.5,0
0,5,725,623,0,6,6431,0.899310345,0.100689655,0,74.74048443,0.0,0.219178082,5.0,0
1,2,1,482936,0,8,-1,1.0,0.0,0,0.0,0.0,0.0,6.0,1
1,5,52,52251,1,8,3708,0.634615385,0.365384615,1,0.0,0.092592593,0.0,6.5,1
0,2,172,0,1,0,-1,0.906976744,0.093023256,0,0.0,0.0,0.125,0.0,0
0,5,157,97457,1,6,5079,0.23566879,0.76433121,0,3.47826087,0.0,0.191666667,5.0,0
0,3,28,780526,0,0,4455,0.892857143,0.107142857,0,90.47619048,0.0,0.666666667,0.0,0
0,5,580,0,1,0,8891,0.953448276,0.046551724,0,46.66666667,0.0,0.111111111,0.0,0
1,0,4,0,0,5,284,1.0,0.0,0,100.0,0.0,0.0,3.5,1
0,6,156,4501,1,12,9268,0.66025641,0.33974359,0,18.18181818,0.074074074,0.188679245,5.125,0
0,2,27,357413,1,0,1099,0.7777777779999999,0.222222222,0,75.0,0.0,0.333333333,0.0,1
1,2,22,0,0,32,2300,0.545454545,0.454545455,0,60.0,0.271604938,0.0,16.0,1
0,4,31,296839,1,10,2236,0.709677419,0.290322581,0,81.25,0.0,0.0,8.333333332999999,0
0,0,85,0,0,10,1933,0.988235294,0.011764706,0,100.0,0.012820513,0.0,6.428571429,1
0,5,18,10149,1,8,2429,0.833333333,0.166666667,2,0.0,0.125,0.0,5.428571429,1
1,0,20,0,0,5,885,0.8,0.2,0,0.0,0.0,0.0,3.75,1
1,0,5,0,0,9,835,1.0,0.0,3,0.0,0.0,0.0,6.333333333,1
0,4,28,55094,1,10,3276,0.8214285709999999,0.1785714289999999,0,75.0,0.0,0.8,7.333333333,0
1,1,3,0,0,5,798,0.0,1.0,0,0.0,0.0,0.0,4.666666667,1
0,2,114,0,1,0,-1,0.964912281,0.035087719,0,60.0,0.03125,0.5,0.0,0
1,2,3,0,0,5,-1,1.0,0.0,0,0.0,0.0,0.0,4.0,1
1,0,4,5816617,0,17,4003,1.0,0.0,0,100.0,0.194915254,0.0,7.375,1
0,4,49,10718227,1,10,2584,0.959183673,0.040816327,0,0.0,0.0,0.0,6.4,0
0,2,220,1165573,1,0,3291,0.936363636,0.063636364,0,16.66666667,0.0,0.0,0.0,0
0,2,1425,3942874,1,0,2704,0.90245614,0.09754386,0,84.44444444,0.0,0.028776978,0.0,0
1,3,95,5497272,1,8,6608,0.821052632,0.178947368,0,0.0,0.0,0.411764706,6.0,0
0,10,10,1,0,33,8348,0.0,1.0,1,0.0,0.085365854,0.0,8.666666667000001,1
0,5,159,1529478,1,0,7046,0.742138365,0.257861635,0,33.92857143,0.0,0.073170732,0.0,0
0,5,43,101823,1,0,8339,0.302325581,0.697674419,0,25.0,0.0,0.133333333,0.0,0
1,0,0,0,0,19,3384,0.0,0.0,0,0.0,0.009803922,0.0,6.2,1
1,4,156,85623,1,10,5363,0.5,0.5,0,16.21621622,0.0,0.038461538,4.2,0
1,4,13,0,1,8,182,1.0,0.0,0,0.0,0.0,0.0,5.666666667,0
0,5,0,0,0,0,5613,0.0,0.0,0,0.0,0.546666667,0.0,0.0,1
0,5,0,21,0,17,9339,0.0,0.0,0,0.0,0.214814815,0.0,8.818181818,1
0,1,625,8731722,1,0,-1,0.984,0.016,0,0.0,0.0,0.1,0.0,0
0,3,1561,0,0,0,-1,0.999359385,0.000640615,0,100.0,0.0,2.0,0.0,0
1,5,0,0,0,6,5616,0.0,0.0,0,0.0,0.242857143,0.0,4.666666667,1
1,1,0,7613314,0,6,2397,0.0,0.0,0,0.0,0.0,0.0,5.0,1
0,6,59,2997,1,7,7456,0.610169492,0.389830508,0,65.38461538,0.140625,0.260869565,3.222222222,0
0,5,227,3722,1,10,8712,0.986784141,0.0132158589999999,0,57.14285714,0.0,0.0,8.5,0
1,3,0,0,1,8,173,0.0,0.0,4,0.0,0.025974026,0.0,5.333333333,1
1,2,7,0,0,0,-1,0.857142857,0.142857143,0,0.0,0.0,1.0,0.0,1
0,6,311,683,1,10,6259,0.909967846,0.090032154,0,53.33333333,0.0,0.0,10.0,0
1,0,51,2576752,0,32,1656,0.588235294,0.411764706,0,100.0,0.349206349,0.095238095,8.666666667000001,1
1,10,29,1,0,45,8347,0.344827586,0.655172414,1,0.0,0.053097345,0.0,9.0,1
1,5,21,0,1,96,5616,0.857142857,0.142857143,1,100.0,0.164779874,0.0,8.894736842,1
1,6,21,13667,1,8,2344,1.0,0.0,1,100.0,0.031746032,0.0,5.714285714,1
1,0,21,0,0,64,3,1.0,0.0,1,100.0,0.3619047620000001,0.0,14.75,1
1,2,180,7881300,0,0,3210,0.305555556,0.694444444,0,8.208955224,0.0,0.752,0.0,1
1,7,1314,12,0,13,7131,0.944444444,0.055555556,0,61.57894737,0.0,0.178082192,7.0,0
1,0,42,0,1,5,1525,1.0,0.0,1,100.0,0.0,0.0,4.333333333,1
1,5,26,0,0,0,7296,0.038461538,0.961538462,0,11.11111111,0.222222222,0.28,0.0,1
1,0,51,5707171,0,17,3993,1.0,0.0,0,100.0,0.0859375,0.0,7.375,1
0,10,152,8,1,9,8517,0.388157895,0.611842105,0,100.0,0.0,0.0,9.0,0
1,6,161,5598,1,7,7921,0.944099379,0.055900621,0,81.25,0.111111111,0.111111111,5.285714286,0
1,1,0,0,1,5,3437,0.0,0.0,0,0.0,0.026315789,0.0,3.5,1
1,4,0,0,0,13,4090,0.0,0.0,4,0.0,0.095652174,0.0,7.666666667,1
0,5,200,969,1,6,7583,0.995,0.005,0,96.15384615,0.0,0.0,6.0,0
1,4,202,5487783,1,2,2232,0.935643564,0.064356436,0,18.18181818,0.0,0.0,2.0,0
1,2,12,352415,0,8,-1,1.0,0.0,0,0.0,0.06557377,0.0,4.285714286,1
0,4,145,2353032,0,6,2352,0.068965517,0.931034483,0,6.024096386,0.142857143,0.133333333,6.0,1
1,2,4,0,0,5,-1,1.0,0.0,0,100.0,0.034482759,0.0,4.0,1
1,0,9,0,0,3,755,1.0,0.0,0,0.0,0.034482759,0.0,2.333333333,1
1,4,130,8902890,0,10,-1,0.884615385,0.115384615,0,21.42857143,0.0,0.133333333,4.741935484,1
0,5,274,2583,0,9,5494,0.967153285,0.032846715,0,91.42857143,0.053571429,0.666666667,5.833333333,0
1,7,41,0,0,0,5230,0.975609756,0.024390244,1,100.0,0.0,0.0,0.0,1
1,5,14,0,0,0,7295,0.071428571,0.928571429,0,14.28571429,0.035714286,0.846153846,0.0,1
1,1,0,10744976,0,8,2304,0.0,0.0,0,0.0,0.0,0.0,5.0,1
1,2,0,0,0,5,-1,0.0,0.0,2,0.0,0.0,0.0,3.0,1
1,0,0,8035356,0,6,2948,0.0,0.0,0,0.0,0.0,0.0,4.5,1
0,3,40,488821,1,0,4049,0.975,0.025,0,100.0,0.0,0.0,0.0,0
1,1,6,0,0,11,7267,1.0,0.0,3,0.0,0.0,0.0,5.0,1
0,2,169,3985261,1,0,1699,0.514792899,0.485207101,0,92.5,0.0,0.012195122,0.0,0
0,3,0,651173,1,0,-1,0.0,0.0,0,0.0,0.0,0.0,0.0,0
1,2,132,4830221,1,10,1706,1.0,0.0,2,100.0,0.048543689,0.0,6.9,1
0,8,491,416,1,8,6066,0.389002037,0.610997963,0,73.33333333,0.0,0.0066666669999999,5.0,0
1,0,8,7399431,0,9,800,0.25,0.75,0,0.0,0.095744681,0.0,6.25,1
1,1,6,0,0,75,4967,0.666666667,0.333333333,0,0.0,0.119760479,0.0,48.33333333,1
0,3,93,657137,1,0,8067,0.8602150540000001,0.139784946,0,33.33333333,0.0,0.307692308,0.0,0
1,3,27,0,1,4,1734,0.8888888890000001,0.111111111,0,100.0,0.0,0.0,3.5,1
0,6,77,136143,1,7,4156,0.74025974,0.25974026,0,88.57142857,0.0,0.1,5.5,0
1,1,103,2247542,0,0,7327,0.932038835,0.067961165,0,0.0,0.047619048,0.285714286,0.0,1
0,5,0,18344,0,10,9956,0.0,0.0,0,0.0,0.171428571,0.0,4.916666667,0
1,0,1,0,0,7,-1,0.0,1.0,0,0.0,0.0,0.0,5.5,1
1,1,0,0,0,17,3386,0.0,0.0,2,0.0,0.241106719,0.0,6.0606060610000005,1
0,4,24,1308664,1,0,2678,0.291666667,0.708333333,0,10.0,0.0,0.117647059,0.0,0
0,2,69,994840,1,0,2168,0.956521739,0.043478261,0,50.0,0.0,1.0,0.0,0
1,0,52,5471993,0,4,-1,0.980769231,0.019230769,0,100.0,0.023809524,0.0,4.0,1
1,5,10,0,0,0,7295,0.1,0.9,0,33.33333333,0.103448276,0.7777777779999999,0.0,1
1,3,6,0,0,15,4609,0.333333333,0.666666667,4,0.0,0.0,0.0,5.785714286,1
0,7,90,12,0,10,7133,0.933333333,0.066666667,0,33.33333333,0.0,0.5,5.4,0
1,0,23,0,0,5,264,0.0,1.0,0,0.0,0.103448276,0.043478261,4.0,1
1,5,4659,14411,0,6,6072,0.944408671,0.055591329,0,57.99457995,0.0,0.084942085,5.5,0
0,3,1,0,0,7,4623,0.0,1.0,0,0.0,0.0,0.0,7.0,1
1,0,0,0,1,0,129,0.0,0.0,0,0.0,0.0,0.0,0.0,1
1,10,10,1,0,21,8348,0.0,1.0,1,0.0,0.06097561,0.0,6.25,1
0,1,116,771758,1,0,4412,0.422413793,0.5775862070000001,0,71.42857143,0.0,0.014925373,0.0,0
1,2,4,0,1,4,-1,1.0,0.0,0,100.0,0.0,0.0,3.0,1
0,4,86,2457973,1,8,3416,0.872093023,0.127906977,0,0.0,0.0,0.090909091,6.0,0
0,5,89,0,1,8,5585,0.719101124,0.280898876,0,11.11111111,0.0,0.04,4.166666667,0
1,0,17,0,0,301,505,0.529411765,0.470588235,7,50.0,0.121287129,0.125,37.5,1
1,3,1,17964,0,15,7083,0.0,1.0,0,0.0,0.038461538,0.0,5.428571429,1
1,1,0,0,0,13,7240,0.0,0.0,0,0.0,0.144927536,0.0,8.666666667000001,1
0,5,129,7361,1,4,6495,0.565891473,0.434108527,0,4.651162791,0.0,0.446428571,3.5,0
1,0,22,0,0,12,1,0.954545455,0.045454545,0,100.0,0.0,0.0,5.75,1
0,8,21,4880613,0,0,5159,0.476190476,0.523809524,0,25.0,0.0,0.363636364,0.0,0
0,1,52,794756,1,0,1540,0.7692307690000001,0.230769231,0,52.38095238,0.0,0.166666667,0.0,0
1,0,5,0,1,21,630,1.0,0.0,1,0.0,0.0,0.0,10.8,1
1,0,278,0,0,10,760,0.115107914,0.8848920859999999,3,4.04040404,0.0,0.048780488,5.625,1
0,1,76,0,0,0,921,0.855263158,0.144736842,0,44.44444444,0.0,0.0,0.0,0
0,7,0,7552177,0,8,5232,0.0,0.0,1,0.0,0.176470588,0.0,3.777777778,0
0,10,25,63,0,9,7489,0.52,0.48,0,0.0,0.0,0.0,9.0,0
0,2,80,237648,0,9,2345,0.8375,0.1625,0,66.66666667,0.0,0.307692308,6.5,0
0,7,0,1203,1,9,-1,0.0,0.0,0,0.0,0.08,0.0,5.6,0
0,5,81,8740,1,2,6993,0.320987654,0.6790123459999999,0,35.29411765,0.0,0.218181818,2.0,0
0,2,58,2778969,0,0,803,0.931034483,0.068965517,0,66.66666667,0.0,0.5,0.0,1
0,5,48,1213116,0,9,7386,0.958333333,0.041666667,0,100.0,0.0,0.0,8.0,0
0,2,19,3022834,1,0,6673,1.0,0.0,0,100.0,0.0,0.0,0.0,0
0,2,154,4032224,1,0,-1,0.954545455,0.045454545,0,28.57142857,0.0,0.571428571,0.0,0
1,0,4,0,0,7,2604,1.0,0.0,3,100.0,0.0,0.0,4.833333333,1
0,3,110,901117,1,0,-1,0.8636363640000001,0.1363636359999999,0,21.42857143,0.0,0.333333333,0.0,0
1,0,21,0,0,9,3583,1.0,0.0,1,100.0,0.063492063,0.0,6.0,1
0,4,110,257467,0,12,3159,0.8818181820000001,0.118181818,0,91.07142857,0.04950495,0.307692308,7.1,0
1,0,51,5697976,0,17,3992,1.0,0.0,0,100.0,0.184,0.0,8.142857142999999,1
1,2,7,0,0,9,924,0.857142857,0.142857143,0,50.0,0.0,1.0,7.0,1
0,2,307,101873,1,0,-1,0.938110749,0.061889251,0,25.0,0.0,0.1578947369999999,0.0,0
0,3,233,305533,0,0,3566,0.961373391,0.038626609,0,82.75862069,0.0,0.0,0.0,0
0,0,26,1282686,1,0,5203,0.346153846,0.653846154,0,22.22222222,0.0,0.117647059,0.0,0
1,0,23,0,0,8,2316,1.0,0.0,0,0.0,0.058823529,0.0,6.333333333,1
0,7,247,12,0,10,7130,0.975708502,0.024291498,0,57.14285714,0.0,0.5,6.0,0
1,0,7,0,1,44,216,0.857142857,0.142857143,0,0.0,0.222222222,1.0,8.0,1
1,3,21,0,0,10,1582,0.428571429,0.571428571,2,0.0,0.0,0.833333333,6.285714286,1
0,5,107,328378,0,6,5065,0.925233645,0.074766355,0,66.66666667,0.0,0.5,5.333333333,0
1,3,0,0,0,10,4386,0.0,0.0,0,0.0,0.0,0.0,7.2,0
0,3,116,185080,1,0,6591,0.8620689659999999,0.137931034,0,12.5,0.0,0.0,0.0,0
0,4,52,428010,1,0,10648,0.807692308,0.192307692,0,66.66666667,0.0,0.1,0.0,0
0,3,116,2317654,1,2,7263,0.965517241,0.034482759,0,42.85714286,0.0,0.0,2.0,0
0,5,14,0,0,0,7298,0.071428571,0.928571429,0,14.28571429,0.0,0.230769231,0.0,0
0,4,50,597462,1,0,3582,0.5,0.5,0,92.0,0.0,0.24,0.0,0
0,5,66,608816,1,12,-1,0.954545455,0.045454545,0,50.0,0.0,0.0,8.0,0
1,1,22,0,0,40,778,0.8636363640000001,0.1363636359999999,3,100.0,0.220183486,0.0,9.888888889,1
1,2,1,1082977,0,3,7202,1.0,0.0,0,0.0,0.0,0.0,2.5,1
0,2,21,0,1,0,2816,0.666666667,0.333333333,0,50.0,0.0,0.285714286,0.0,0
1,2,103,475107,1,0,6254,0.932038835,0.067961165,0,0.0,0.058823529,0.285714286,0.0,1
1,2,12,4189860,0,32,2996,0.916666667,0.083333333,0,0.0,0.258064516,0.0,13.4,1
1,1,22,0,0,10,778,0.8636363640000001,0.1363636359999999,3,100.0,0.037593985,0.0,5.875,1
0,6,244,184,1,5,5888,0.926229508,0.073770492,0,87.5,0.0,0.166666667,4.666666667,0
1,0,51,5707171,0,17,3993,1.0,0.0,0,100.0,0.140625,0.0,7.375,1
0,6,53,545,0,9,11047,0.716981132,0.283018868,0,27.77777778,0.083333333,0.4,5.75,0
0,3,151,0,1,0,5534,0.913907285,0.086092715,0,13.33333333,0.0,0.0,0.0,0
0,2,142,0,1,0,-1,1.0,0.0,0,100.0,0.0,0.0,0.0,0
0,3,34,4423479,0,0,-1,0.705882353,0.294117647,0,50.0,0.0,0.1,0.0,0
0,3,392,0,1,2,-1,1.0,0.0,0,100.0,0.0,0.0,2.0,0
1,0,3,9679626,0,64,-1,0.666666667,0.333333333,1,0.0,0.376344086,0.0,17.21052632,1
0,2,168,3532336,1,0,7912,0.916666667,0.083333333,0,18.18181818,0.0,0.285714286,0.0,0
1,1,0,0,1,6,2926,0.0,0.0,1,0.0,0.0,0.0,6.0,1
0,5,16,126204,1,8,5575,1.0,0.0,0,0.0,0.0,0.0,5.666666667,0
1,1,158,3192143,1,5,3674,0.930379747,0.0696202529999999,0,87.5,0.0,0.454545455,4.0,0
1,3,86,3488368,1,6,4593,0.709302326,0.290697674,0,61.29032258,0.0,0.4,6.0,0
0,5,61,0,0,0,7297,0.098360656,0.901639344,0,17.94871795,0.0,0.472727273,0.0,0
0,4,12,0,0,9,-1,0.583333333,0.4166666670000001,0,40.0,0.0,0.4,5.0,0
0,5,11,885,1,0,6536,0.909090909,0.090909091,0,0.0,0.0,0.0,0.0,0
0,8,13,0,0,1,5159,0.923076923,0.076923077,0,80.0,0.0,0.0,1.0,0
1,2,8,377875,0,20,522,1.0,0.0,0,0.0,0.285714286,0.0,10.0,1
1,1,7,77586,0,0,-1,0.857142857,0.142857143,1,0.0,0.0,1.0,0.0,1
1,7,0,376,2,34,7489,0.0,0.0,0,0.0,0.354231975,0.0,7.194444444,1
1,3,1,18105,0,87,7087,0.0,1.0,0,0.0,0.063380282,0.0,25.25,1
0,4,143,0,1,0,4979,0.370629371,0.629370629,0,58.62068966,0.0,0.044444444,0.0,0
1,0,17,0,0,32,495,0.529411765,0.470588235,1,50.0,0.296703297,0.125,9.428571429,1
0,2,284,1584299,0,0,2242,0.964788732,0.035211268,0,100.0,0.0,0.0,0.0,0
0,1,47,341948,0,0,1950,0.0,1.0,1,0.0,0.0,0.0,0.0,1
1,5,22,0,0,9,5616,0.181818182,0.818181818,0,25.0,0.068493151,0.166666667,4.75,1
0,7,830,12,0,9,7133,0.903614458,0.096385542,0,72.22222222,0.0,0.675,6.25,0
0,3,24,248833,1,8,-1,0.625,0.375,0,40.0,0.0,0.333333333,5.0,0
1,4,34,421761,1,11,3251,0.205882353,0.794117647,0,0.0,0.0,0.0,8.5,1
0,7,425,3816,0,24,6697,0.597647059,0.402352941,0,0.0,0.194444444,0.052631579,8.4,0
0,1,197,0,1,26,3468,0.964467005,0.035532995,0,90.0,0.106060606,0.0,14.5,0
1,5,14,0,0,0,7295,0.071428571,0.928571429,0,14.28571429,0.066666667,0.846153846,0.0,1
0,6,76,826847,1,0,6772,0.815789474,0.184210526,0,40.0,0.0,0.357142857,0.0,0
0,6,76,453,1,7,6074,0.5,0.5,2,22.22222222,0.13559322,0.026315789,4.833333333,0
1,0,20,0,0,11,2370,0.3,0.7,2,38.46153846,0.156862745,0.7142857140000001,4.954545455,1
0,3,166,718627,1,0,3026,0.674698795,0.325301205,0,16.66666667,0.0,0.037037037,0.0,0
1,2,0,0,1,10,-1,0.0,0.0,1,0.0,0.0,0.0,6.333333333,1
0,6,71,2580,1,8,8044,0.887323944,0.112676056,0,70.0,0.0,0.0,4.5,0
0,5,165,1937051,1,7,9564,0.745454545,0.254545455,0,9.523809524,0.0,0.047619048,5.333333333,0
0,4,421,2232292,0,0,2219,0.86935867,0.13064133,0,33.33333333,0.0,0.054545455,0.0,0
1,2,13,0,0,13,3815,1.0,0.0,0,100.0,0.086956522,0.0,8.6,1
1,0,75,0,1,32,1279,1.0,0.0,0,100.0,0.196581197,0.0,13.4,1
0,5,91,379,0,7,6424,0.373626374,0.626373626,0,34.782608700000004,0.0,0.105263158,7.0,0
1,3,0,17696,0,11,5984,0.0,0.0,0,0.0,0.192307692,0.0,6.0,1
1,3,1,2156460,2,13,3018,1.0,0.0,1,0.0,0.036697248,0.0,5.727272727000001,1
0,10,53,8,1,7,8520,0.622641509,0.377358491,0,80.0,0.03030303,0.0,7.0,0
0,10,55,2,1,14,5635,0.472727273,0.527272727,0,0.0,0.0,0.137931034,9.0,0
1,0,0,0,0,50,-1,0.0,0.0,0,0.0,0.388235294,0.0,19.0,1
1,0,37,0,0,7,4987,0.108108108,0.8918918920000001,0,0.0,0.0,0.393939394,3.8,1
1,3,1,18263,0,11,7086,0.0,1.0,0,0.0,0.0,0.0,4.375,1
0,7,384,12,0,7,7134,0.903645833,0.096354167,0,64.0776699,0.0,0.756756757,5.5,0
0,3,55,5025731,0,9,-1,0.836363636,0.163636364,1,27.27272727,0.129032258,0.7777777779999999,4.25,0
0,1,573,3713285,1,0,1459,0.970331588,0.029668412,0,79.06976744,0.0,0.176470588,0.0,0
1,5,112,49888,1,8,5622,0.6785714290000001,0.321428571,0,27.65957447,0.0,0.5555555560000001,5.0,0
1,4,5,0,0,15,2660,1.0,0.0,2,100.0,0.183908046,0.0,7.2,1
0,6,28,34916,0,5,4065,0.857142857,0.142857143,0,0.0,0.0,0.0,5.0,0
0,3,141,0,1,0,6821,0.957446809,0.042553191,0,25.0,0.0,0.166666667,0.0,0
0,0,99,0,0,20,1200,0.898989899,0.101010101,0,0.0,0.12987013,0.0,9.5,1
0,0,3,0,0,64,-1,1.0,0.0,2,100.0,0.478723404,0.0,13.0,1
0,2,13,1264301,0,0,3000,0.230769231,0.7692307690000001,0,0.0,0.0,0.8,0.0,1
1,3,12,696261,0,30,-2,1.0,0.0,1,100.0,0.265432099,0.0,8.2,1
1,1,0,0,1,11,4221,0.0,0.0,0,0.0,0.12173913,0.0,6.818181817999999,0
0,2,13,0,1,0,4231,0.230769231,0.7692307690000001,0,42.85714286,0.0,0.1,0.0,0
1,2,0,7911150,0,9,1911,0.0,0.0,0,0.0,0.0,0.0,5.714285714,0
1,2,33,8134006,0,5,1566,0.242424242,0.757575758,1,70.0,0.0,0.0,4.0,1
0,8,210,137,1,13,5226,0.69047619,0.30952381,0,32.85714286,0.0,0.123076923,7.666666667,0
0,5,209,974,1,10,7585,0.995215311,0.004784689,0,94.11764706,0.0,0.0,10.0,0
1,0,0,0,1,6,4335,0.0,0.0,0,0.0,0.0,0.0,3.4,1
1,0,1,0,1,7,-1,0.0,1.0,2,0.0,0.0,0.0,4.25,1
0,8,111,0,0,0,7448,0.594594595,0.405405405,0,100.0,0.0,0.0,0.0,0
0,6,125,113019,0,2,7302,0.936,0.064,0,76.92307692,0.0,0.0,2.0,0
1,0,1,0,0,7,1877,1.0,0.0,0,0.0,0.0,0.0,3.833333333,1
0,5,51,368723,1,0,7142,0.745098039,0.254901961,0,50.0,0.0,0.076923077,0.0,0
0,3,41,0,1,0,7296,0.585365854,0.414634146,0,23.07692308,0.0,0.235294118,0.0,0
1,0,0,0,1,4,82,0.0,0.0,0,0.0,0.0,0.0,3.5,1
1,7,4,309382,0,6,2139,0.0,1.0,0,0.0,0.16,0.0,6.0,1
1,10,14,72,1,4,6472,0.428571429,0.571428571,1,0.0,0.0,0.0,3.666666667,0
1,2,19,122025,0,9,1777,0.526315789,0.473684211,1,0.0,0.126582278,0.0,6.0,1
0,3,67,3139767,1,0,5274,0.850746269,0.149253731,0,16.66666667,0.0,0.0,0.0,0
1,10,1,1,0,22,8347,0.0,1.0,1,0.0,0.06097561,0.0,7.285714286,1
0,2,47,4026793,0,5,-1,0.787234043,0.212765957,2,76.74418605,0.0,0.3,4.0,1
1,7,4,308772,0,8,2140,0.0,1.0,0,0.0,0.0,0.0,6.333333333,1
0,2,99,5159982,1,0,3314,0.686868687,0.313131313,0,50.0,0.0,0.032258065,0.0,0
0,2,25,0,1,0,1320,0.0,1.0,0,0.0,0.0,0.04,0.0,0
0,3,103,1012136,0,7,7023,0.59223301,0.40776699,0,83.87096774,0.0,0.071428571,6.0,0
1,0,7,0,0,4,-1,0.857142857,0.142857143,0,0.0,0.038461538,1.0,4.0,1
1,0,22,0,0,64,327,0.954545455,0.045454545,3,100.0,0.419047619,0.0,15.0,1
1,2,1,20689,0,0,-1,1.0,0.0,0,0.0,0.0,0.0,0.0,1
1,0,51,5707171,0,17,3992,1.0,0.0,0,100.0,0.142857143,0.0,8.142857142999999,1
1,0,0,0,1,14,1499,0.0,0.0,0,0.0,0.28125,0.0,7.333333333,1
0,5,21,0,0,0,7298,0.285714286,0.7142857140000001,0,0.0,0.0,0.0,0.0,0
0,7,135,6204131,0,0,5232,0.955555556,0.044444444,0,0.0,0.0,0.333333333,0.0,0
0,4,539,45196,1,0,2539,0.736549165,0.263450835,0,48.27586207,0.0,0.021126761,0.0,0
0,6,85,10549,0,10,5887,0.635294118,0.364705882,0,78.6259542,0.097560976,0.387096774,4.6363636360000005,0
1,4,22,0,0,12,3178,1.0,0.0,0,0.0,0.0,0.0,10.0,1
0,8,380,41,0,9,6057,0.526315789,0.473684211,0,26.42487047,0.076086957,0.044444444,4.583333333,0
1,3,217,2250,0,6,7156,0.958525346,0.041474654,0,88.63636364,0.119047619,0.7777777779999999,4.25,0
1,0,0,0,0,8,2102,0.0,0.0,0,0.0,0.105263158,0.0,5.0,1
1,1,11,0,0,30,-1,1.0,0.0,4,100.0,0.238888889,0.0,7.833333333,1
0,1,26,0,0,23,1492,0.7692307690000001,0.230769231,0,0.0,0.298969072,0.333333333,6.8,1
0,2,253,0,0,0,5532,0.608695652,0.391304348,0,20.68965517,0.0,0.0,0.0,0
0,3,32,0,0,0,4503,0.90625,0.09375,1,0.0,0.0,0.0,0.0,1
0,5,81,236842,1,7,3814,0.975308642,0.024691358,0,0.0,0.069444444,0.0,4.875,0
0,5,17,564998,1,0,8505,0.411764706,0.588235294,0,25.0,0.0,0.4,0.0,0
1,3,0,0,0,2,-1,0.0,0.0,0,0.0,0.0625,0.0,2.0,1
1,2,4,0,0,12,405,1.0,0.0,3,100.0,0.0,0.0,5.428571429,1
0,7,157,0,0,10,6597,0.719745223,0.280254777,0,22.22222222,0.156626506,0.0681818179999999,4.416666667,0
1,0,0,0,0,7,-1,0.0,0.0,0,0.0,0.097560976,0.0,4.666666667,1
0,2,48,32580,0,0,-1,0.8125,0.1875,0,10.0,0.0,0.222222222,0.0,0
0,3,79,326162,1,5,5932,0.7468354429999999,0.253164557,0,0.0,0.119047619,0.2,3.5,0
0,5,77,1303460,1,12,7371,0.623376623,0.376623377,0,38.23529412,0.0,0.689655172,6.5,0
1,5,69,10654,1,8,8970,0.797101449,0.202898551,0,60.60606061,0.019230769,0.142857143,6.5,0
0,6,65,545,0,13,11046,0.7076923079999999,0.292307692,0,22.72727273,0.065789474,0.368421053,8.2,0
0,4,37,5328535,1,0,-1,0.540540541,0.459459459,0,0.0,0.0,0.235294118,0.0,0
1,5,22,0,0,5,5626,0.181818182,0.818181818,1,25.0,0.0,0.277777778,5.0,1
1,8,5,115,1,6,5159,0.4,0.6,0,0.0,0.048192771,0.666666667,3.692307692,0
0,4,269,697320,1,0,6820,0.8178438659999999,0.182156134,0,66.66666667,0.0,0.0,0.0,0
1,3,20,10531930,0,22,4656,1.0,0.0,0,100.0,0.408653846,0.0,7.8,1
1,2,31,0,0,8,1120,0.193548387,0.806451613,4,0.0,0.0,0.04,4.5,1
0,5,93,42667,0,7,5239,0.376344086,0.623655914,0,36.36363636,0.0,0.051724138,6.5,0
1,0,26,0,0,9,2668,1.0,0.0,3,100.0,0.0,0.0,5.4,1
0,3,65,110853,1,0,-1,0.8307692309999999,0.1692307689999999,0,12.5,0.0,0.090909091,0.0,0
1,5,22,0,0,5,5614,0.181818182,0.818181818,1,25.0,0.017857143,0.166666667,4.0,1
0,2,11,456965,1,6,895,0.454545455,0.545454545,1,0.0,0.0,0.166666667,5.0,1
1,10,1,1,0,26,8346,0.0,1.0,2,0.0,0.0,0.0,15.0,1
1,0,8,0,0,7,4224,0.875,0.125,0,0.0,0.02,0.0,5.25,1
1,4,73,167115,0,8,1726,1.0,0.0,0,100.0,0.078431373,0.0,6.0,1
1,1,16,45133,0,0,806,0.5,0.5,0,0.0,0.045454545,0.0,0.0,1
0,5,339,20690,1,4,8190,0.946902655,0.053097345,0,65.85365854,0.0,0.055555556,3.0,0
0,3,33,1372473,1,0,5034,0.818181818,0.181818182,0,100.0,0.0,0.333333333,0.0,0
1,3,4,267520,0,9,5152,1.0,0.0,0,100.0,0.0,0.0,7.666666667,1
1,0,25,0,0,31,41,0.84,0.16,0,0.0,0.030612245,0.0,8.0,1
0,6,172,2487,1,7,9345,0.662790698,0.337209302,0,22.5,0.072463768,0.224137931,4.75,0
1,0,0,0,0,87,2018,0.0,0.0,0,0.0,0.171701113,0.0,34.35294118,1
0,5,199,3993,1,10,7840,0.924623116,0.075376884,0,0.0,0.0,0.0,6.1111111110000005,0
0,10,55,2,1,12,5636,0.472727273,0.527272727,0,0.0,0.0,0.137931034,8.0,0
0,3,49,3694130,1,0,-1,0.857142857,0.142857143,0,84.44444444,0.0,0.285714286,0.0,0
1,4,52,0,0,6,-1,0.134615385,0.865384615,0,75.0,0.0,0.177777778,4.5,1
1,0,51,5697976,0,17,3992,1.0,0.0,0,100.0,0.133858268,0.0,7.375,1
0,2,162,1720677,1,7,4284,0.950617284,0.0493827159999999,0,33.33333333,0.0,0.0,4.6,0
0,4,255,3574955,0,0,7153,0.992156863,0.007843137,0,99.52380952,0.0,0.5,0.0,0
0,4,0,3292354,1,11,8658,0.0,0.0,0,0.0,0.0,0.0,6.285714286,0
0,3,21,0,0,0,-1,0.666666667,0.333333333,0,70.0,0.0,0.0,0.0,1
0,1,143,507771,0,0,1899,0.8741258740000001,0.125874126,1,27.27272727,0.0,0.166666667,0.0,1
0,3,69,2250,0,6,7156,0.942028986,0.057971014,0,100.0,0.139534884,1.0,4.5,0
1,2,259,0,0,8,5444,0.258687259,0.7413127409999999,0,0.0,0.0,0.3697916670000001,4.25,0
0,4,130,445572,1,0,-1,0.9,0.1,0,16.66666667,0.0,0.538461538,0.0,0
1,6,55,153673,1,9,8203,0.418181818,0.581818182,0,54.16666667,0.0,0.125,4.833333333,0
1,7,996,12,0,7,7130,0.972891566,0.027108434,0,71.875,0.0,0.0,6.0,0
1,10,25,1,0,43,8348,0.44,0.56,1,0.0,0.088495575,0.0,9.0,1
1,0,14,0,0,0,-1,0.428571429,0.571428571,0,0.0,0.0,0.0,0.0,1
1,0,12,0,0,11,-2,0.4166666670000001,0.583333333,0,0.0,0.0,0.7142857140000001,8.0,1
0,3,53,2208902,0,0,3110,0.5660377360000001,0.433962264,0,38.88888889,0.0,0.347826087,0.0,0
0,4,477,57776,1,0,9754,0.918238994,0.081761006,0,25.0,0.0,0.076923077,0.0,0
0,2,67,2687983,1,0,-1,0.940298507,0.059701493,0,75.0,0.0,1.0,0.0,0
0,4,137,1265063,1,13,10173,0.8467153279999999,0.1532846719999999,0,20.0,0.0862068969999999,0.238095238,6.4,0
0,5,249,22857,1,12,7354,0.879518072,0.120481928,0,6.666666667,0.0,0.266666667,5.833333333,0
0,4,73,51162,1,0,7568,0.671232877,0.328767123,0,14.28571429,0.0,0.166666667,0.0,0
0,10,52,2,1,11,5638,0.557692308,0.442307692,0,0.0,0.0,0.0,5.666666667,0
0,2,137,2905816,0,0,2918,0.941605839,0.0583941609999999,0,93.84615385,0.0,0.5,0.0,0
1,4,0,100011,1,14,9039,0.0,0.0,0,0.0,0.011235955,0.0,8.285714286000001,0
0,5,32,29935,0,6,9113,0.625,0.375,0,62.5,0.0,0.25,6.0,0
1,5,22,0,0,35,5627,0.181818182,0.818181818,0,25.0,0.131578947,0.277777778,11.77777778,1
0,2,33,157916,1,0,2977,1.0,0.0,0,0.0,0.0,0.0,0.0,0
1,6,36,56198,0,0,7621,0.75,0.25,0,0.0,0.1785714289999999,0.0,0.0,1
1,0,4,5816617,0,15,4003,1.0,0.0,0,100.0,0.131578947,0.0,8.5,1
0,4,15,2166138,1,11,5019,0.333333333,0.666666667,0,81.81818182,0.112359551,0.0,5.0,0
0,2,14,0,0,0,-1,0.642857143,0.357142857,0,16.66666667,0.0,0.4,0.0,0
0,3,4,222053,1,4,4358,0.25,0.75,0,0.0,0.0,0.0,3.142857143,0
0,10,25,63,0,5,7490,0.52,0.48,0,0.0,0.04,0.0,5.0,0
0,5,398,316,1,6,9184,0.8266331659999999,0.173366834,0,1.470588235,0.0,0.028985507,6.0,0
1,1,56,0,1,3,-1,1.0,0.0,0,0.0,0.029411765,0.0,3.0,1
0,0,404,0,1,0,1331,0.962871287,0.037128713,0,82.53968254,0.142857143,0.133333333,0.0,0
1,3,75,2320,0,6,7158,0.946666667,0.053333333,0,100.0,0.139534884,1.0,4.5,0
1,1,0,0,0,32,4376,0.0,0.0,0,0.0,0.1710526319999999,0.0,17.0,1
1,0,51,5707171,0,17,3993,1.0,0.0,0,100.0,0.169491525,0.0,8.142857142999999,1
1,2,0,0,1,3,4932,0.0,0.0,0,0.0,0.0,0.0,3.0,1
1,5,57,189734,1,9,3403,0.964912281,0.035087719,0,66.66666667,0.0,1.0,5.5,0
0,3,17,8675232,1,0,7391,0.294117647,0.705882353,0,7.692307692000001,0.0,0.166666667,0.0,0
1,2,42,0,0,23,134,0.904761905,0.095238095,0,0.0,0.074468085,0.0,8.428571429,1
1,0,11,0,0,2,13,0.909090909,0.090909091,0,0.0,0.333333333,0.0,2.0,1
0,5,55,4676,0,7,2183,0.545454545,0.454545455,0,63.63636364,0.0,0.04,3.636363636000001,0
0,5,6,2807568,0,8,8087,0.333333333,0.666666667,0,0.0,0.0,0.0,5.8,0
0,5,171,198488,1,6,4530,0.058479532,0.941520468,0,0.0,0.115384615,0.0,4.25,0
1,3,40,32167,0,9,-1,0.9,0.1,0,0.0,0.025,0.5,5.666666667,0
0,4,63,0,0,0,-1,0.523809524,0.476190476,0,100.0,0.0,0.0,0.0,0
1,0,15,0,0,5,1959,0.666666667,0.333333333,1,88.88888889,0.029411765,0.0,2.75,1
1,5,0,0,0,0,5612,0.0,0.0,0,0.0,0.127659574,0.0,0.0,1
0,5,201,53314,1,8,5086,0.915422886,0.084577114,0,58.97435897,0.0,0.470588235,6.5,0
0,7,360,193,1,10,7428,0.988888889,0.011111111,0,100.0,0.019230769,0.0,4.4,0
1,2,0,0,1,8,733,0.0,0.0,3,0.0,0.0,0.0,4.6,1
1,0,0,0,1,5,7,0.0,0.0,1,0.0,0.0,0.0,3.25,1
0,7,74,4204,0,9,9557,0.972972973,0.027027027,0,97.18309859,0.12195122,0.0,7.0,0
1,6,151,2263,1,8,7754,0.708609272,0.291390728,0,32.0,0.133333333,0.227272727,5.0,0
1,5,14,0,0,0,7295,0.071428571,0.928571429,0,14.28571429,0.024390244,0.846153846,0.0,1
1,0,6,0,0,64,-1,0.5,0.5,4,0.0,0.406392694,0.0,14.30769231,1
1,0,0,8240141,0,13,1632,0.0,0.0,1,0.0,0.166666667,0.0,7.5,1
1,0,0,0,0,5,86,0.0,0.0,2,0.0,0.0,0.0,3.666666667,1
1,5,0,616449,0,8,5465,0.0,0.0,0,0.0,0.0,0.0,4.666666667,0
0,5,38,99193,1,0,2294,0.526315789,0.473684211,0,71.42857143,0.0,0.111111111,0.0,0
0,10,52,2,1,9,5636,0.557692308,0.442307692,0,0.0,0.046511628,0.0,4.0,0
0,3,83,0,1,0,-1,0.927710843,0.072289157,0,44.44444444,0.0,0.666666667,0.0,0
0,10,55,2,1,17,5635,0.472727273,0.527272727,0,0.0,0.0,0.137931034,10.5,0
0,2,118,420116,1,0,-1,0.322033898,0.6779661020000001,0,43.83561644,0.0,0.3,0.0,0
1,2,160,0,1,7,3923,0.96875,0.03125,0,0.0,0.0,0.0,5.0,0
0,0,21,0,1,8,-1,0.952380952,0.047619048,0,0.0,0.0,0.0,7.0,0
0,8,413,116,1,8,6014,0.937046005,0.062953995,0,91.66666667,0.0,0.0,6.666666667,0
1,2,1,0,1,7,5123,1.0,0.0,2,0.0,0.0,0.0,5.166666667,1
0,4,146,497097,1,0,2427,0.952054795,0.047945205,0,22.22222222,0.0,0.428571429,0.0,0
0,6,106,299,1,8,7672,0.933962264,0.066037736,0,36.36363636,0.0,0.285714286,3.875,0
0,5,63,337165,0,11,7795,0.253968254,0.746031746,0,36.0,0.0,0.127659574,8.0,0
0,5,0,1823,0,8,12426,0.0,0.0,1,0.0,0.144578313,0.0,3.583333333,0
1,0,0,0,0,5,3934,0.0,0.0,0,0.0,0.0,0.0,3.0,1
0,5,94,460491,1,6,8371,0.978723404,0.021276596,0,50.0,0.071428571,1.0,4.666666667,0
0,2,18,5817997,1,0,3722,0.444444444,0.5555555560000001,0,33.33333333,0.0,0.2,0.0,0
1,10,27,1,0,56,8346,0.37037037,0.62962963,1,0.0,0.079646018,0.0,10.25,1
0,5,808,9624,1,8,7410,0.982673267,0.017326733,0,0.0,0.049180328,0.214285714,5.0,0
1,0,51,5707171,0,15,3993,1.0,0.0,0,100.0,0.115384615,0.0,8.5,1
0,8,115,0,0,0,7448,0.556521739,0.443478261,0,60.0,0.046511628,0.078431373,0.0,0
0,1,75,0,1,0,1778,0.7466666670000001,0.253333333,0,73.58490566,0.0,0.105263158,0.0,0
0,5,94,2873,1,8,4486,0.936170213,0.063829787,0,70.0,0.075471698,0.0,4.6,0
1,2,85,641733,1,8,-1,1.0,0.0,3,0.0,0.0,0.0,4.333333333,1
1,0,4,0,0,32,-1,0.5,0.5,0,0.0,0.333333333,1.0,7.857142857,1
1,6,163,3677,1,13,6760,0.834355828,0.165644172,0,88.88888889,0.115044248,0.111111111,8.222222222000001,0
0,5,22,5358359,0,0,7297,0.181818182,0.818181818,0,40.0,0.0,0.055555556,0.0,0
0,4,18,1433876,1,11,8474,0.5555555560000001,0.444444444,0,65.21739129999999,0.111111111,0.5,4.777777778,0
0,5,40,6098,1,16,9309,0.925,0.075,0,66.66666667,0.1558441559999999,0.0,9.4,0
1,2,0,0,1,4,4129,0.0,0.0,0,0.0,0.0,0.0,3.0,1
0,0,33,4236883,0,39,229,0.8787878790000001,0.121212121,0,0.0,0.0808080809999999,0.0,10.33333333,1
0,6,55,366193,0,14,3442,1.0,0.0,0,100.0,0.0,0.0,11.0,0
0,2,53,0,1,0,863,0.301886792,0.698113208,0,33.33333333,0.0,0.135135135,0.0,0
1,0,50,0,0,42,255,0.92,0.08,0,100.0,0.059405941,0.0,8.5,1
1,0,124,0,1,32,254,0.951612903,0.048387097,3,88.0,0.22,0.0,8.375,1
1,5,169,177763,1,8,7597,0.8934911240000001,0.106508876,0,39.13043478,0.0,0.333333333,5.428571429,0
0,0,3,0,0,64,-1,1.0,0.0,2,100.0,0.397959184,0.0,13.61538462,1
0,3,6,0,1,0,-1,0.333333333,0.666666667,0,0.0,0.05,0.0,0.0,0
1,0,0,0,0,0,295,0.0,0.0,0,0.0,0.0,0.0,0.0,1
1,6,37,56198,0,0,7621,0.756756757,0.243243243,0,0.0,0.0,0.0,0.0,1
1,5,9,0,0,0,7296,0.111111111,0.8888888890000001,0,25.0,0.0,0.375,0.0,1
0,8,0,383,0,9,7446,0.0,0.0,0,0.0,0.121621622,0.0,4.428571429,0
0,10,52,2,1,11,5638,0.557692308,0.442307692,0,0.0,0.046511628,0.0,5.666666667,0
1,0,51,5697976,0,15,3992,1.0,0.0,0,100.0,0.191176471,0.0,8.5,1
1,1,1,533532,0,0,2201,1.0,0.0,0,0.0,0.244444444,0.0,0.0,1
0,6,164,184,1,6,5887,0.93902439,0.06097561,0,93.58974359,0.0,0.0,3.0,0
1,0,113,0,0,5,-1,0.292035398,0.707964602,1,5.405405405,0.25,0.1125,2.666666667,1
0,7,1903,12,0,9,7134,0.950078823,0.049921177,0,86.09077599,0.0,0.778947368,5.5,0
1,1,34,686549,0,8,1355,0.029411765,0.970588235,2,33.33333333,0.0,0.0,5.0,1
1,2,10,63164,0,0,-1,0.0,1.0,0,0.0,0.029411765,0.0,0.0,1
0,5,230,623,0,10,6431,0.969565217,0.030434783,0,90.66666667,0.0,0.285714286,7.0,0
1,0,51,5707171,0,17,3993,1.0,0.0,0,100.0,0.220338983,0.0,7.375,1
1,0,0,0,0,7,5868,0.0,0.0,0,0.0,0.0,0.0,5.5,1
0,4,91,189061,1,0,5322,0.857142857,0.142857143,0,72.97297297,0.0,0.153846154,0.0,0
0,1,0,0,0,0,4665,0.0,0.0,0,0.0,0.0,0.0,0.0,0
0,1,56,485854,0,9,2887,0.892857143,0.107142857,0,97.4025974,0.039473684,0.166666667,4.75,0
0,9,1,24,0,12,-1,0.0,1.0,0,0.0,0.145631068,0.0,4.5625,1
0,3,64,525334,0,0,-1,0.421875,0.578125,0,34.782608700000004,0.0,0.162162162,0.0,0
0,3,60,207273,1,0,-2,0.116666667,0.8833333329999999,0,0.0,0.0,0.056603774,0.0,0
1,0,81,0,0,15,1301,0.703703704,0.296296296,0,52.0,0.010752688,1.0,7.1111111110000005,1
1,4,0,46701,0,13,7857,0.0,0.0,2,0.0,0.0,0.0,5.444444444,1
1,3,6,0,0,13,4609,0.333333333,0.666666667,4,0.0,0.0,0.0,5.6363636360000005,1
0,2,84,3090165,1,12,5839,0.964285714,0.035714286,0,33.33333333,0.0,0.666666667,6.0,0
1,0,28,0,0,13,-1,1.0,0.0,0,100.0,0.0,0.0,6.0,1
1,0,164,0,0,6,5669,0.329268293,0.6707317070000001,0,12.71186441,0.0,0.5727272729999999,6.0,1
0,4,36,0,1,0,4678,0.638888889,0.361111111,0,30.0,0.0,0.076923077,0.0,0
1,5,125,1858,0,3,12430,0.952,0.048,0,70.0,0.0,1.0,1.666666667,0
0,4,33,186822,1,10,2687,0.818181818,0.181818182,0,100.0,0.0,0.0,7.666666667,0
0,2,88,0,1,0,5644,0.852272727,0.147727273,0,33.33333333,0.0,0.0,0.0,0
0,4,24,228043,1,9,3312,0.541666667,0.458333333,0,25.0,0.0,0.181818182,5.571428571,0
0,5,43,154918,1,6,9283,0.674418605,0.325581395,0,57.89473684,0.0,0.214285714,4.0,0
1,6,8,22211,0,8,1338,1.0,0.0,0,0.0,0.19047619,0.0,8.0,1
1,0,1,0,1,12,7528,1.0,0.0,5,0.0,0.0,0.0,5.666666667,1
0,6,50,545,0,9,11046,0.7,0.3,0,27.77777778,0.071428571,0.0,6.0,0
1,8,39,50,0,11,12209,0.7435897440000001,0.256410256,0,0.0,0.140625,0.0,4.714285714,0
0,6,56,595,1,7,5067,0.660714286,0.339285714,0,20.0,0.071428571,0.052631579,4.8,0
0,4,140,4463841,1,0,3382,0.942857143,0.057142857,0,58.33333333,0.0,0.5,0.0,0
1,4,12,30,0,64,6590,0.333333333,0.666666667,1,0.0,0.3601462520000001,0.0,7.409836066,0
1,5,22,0,0,0,5627,0.227272727,0.772727273,0,100.0,0.203703704,0.0,0.0,1
1,4,24,5219,1,8,2617,0.958333333,0.041666667,0,100.0,0.067567568,0.0,4.875,0
0,2,254,0,1,0,-1,0.05511811,0.94488189,0,3.012048193,0.0,0.0,0.0,0
0,1,11,3201555,0,12,1134,0.636363636,0.363636364,0,0.0,0.0,0.0,11.0,1
0,1,20,348199,1,5,1849,0.5,0.5,0,0.0,0.0,0.3,5.0,0
1,5,143,644,0,0,8317,0.909090909,0.090909091,0,58.62068966,0.0,0.846153846,0.0,0
1,1,43,2151511,0,147,834,0.558139535,0.441860465,1,14.28571429,0.044,0.315789474,23.5,1
1,2,31,1768405,0,24,-1,0.483870968,0.516129032,1,0.0,0.379746835,0.4375,9.384615385,1
1,0,4,0,0,7,-1,1.0,0.0,1,100.0,0.023809524,0.0,4.666666667,1
0,5,267,5469,0,12,12471,0.958801498,0.041198502,0,61.9047619,0.0,0.727272727,9.333333333,0
1,10,10,1,0,33,8348,0.0,1.0,1,0.0,0.071428571,0.0,10.5,1
0,7,473,12,0,7,7129,0.919661734,0.0803382659999999,0,63.80952381,0.0,0.684210526,5.333333333,0
0,2,6,2259972,1,9,3050,0.666666667,0.333333333,0,100.0,0.076923077,0.0,9.0,0
0,7,112,8607,1,9,-1,0.892857143,0.107142857,0,36.36363636,0.0,0.0,6.4,0
0,5,83,28049,1,8,6137,0.78313253,0.21686747,0,50.0,0.0,0.055555556,4.0,0
1,0,51,5697976,1,17,3992,1.0,0.0,0,100.0,0.160305344,0.0,7.375,1
1,0,31,0,1,10,140,0.064516129,0.935483871,1,8.333333332999999,0.0,0.344827586,7.333333333,1
1,4,22,166058,1,40,7681,0.409090909,0.590909091,0,0.0,0.235294118,0.923076923,7.1,1
0,0,0,0,0,40,2460,0.0,0.0,2,0.0,0.257425743,0.0,8.375,1
0,5,0,21,0,21,9338,0.0,0.0,0,0.0,0.212121212,0.0,9.6,1
1,5,69,22658,1,7,8569,0.608695652,0.391304348,1,7.142857143,0.0,0.0,6.666666667,0
1,0,5,0,1,19,63,1.0,0.0,0,0.0,0.272727273,0.0,6.454545455,1
1,2,12,0,0,5,-1,0.75,0.25,0,100.0,0.0,0.0,4.5,1
1,3,8,4365,0,10,1953,0.125,0.875,0,0.0,0.076923077,0.0,9.0,1
0,0,1,0,0,0,427,1.0,0.0,0,0.0,0.0,0.0,0.0,1
0,3,37,5235015,1,0,8184,0.486486486,0.513513514,0,33.33333333,0.0,0.1578947369999999,0.0,0
1,0,51,5707171,0,17,3993,1.0,0.0,0,100.0,0.139130435,0.0,8.142857142999999,1
0,3,241,582076,1,2,-1,0.921161826,0.078838174,0,93.7007874,0.0,0.315789474,2.0,0
1,3,6,0,0,13,4609,0.333333333,0.666666667,5,0.0,0.0,0.0,5.692307692000001,1
1,0,4,0,1,32,-1,0.75,0.25,0,0.0,0.2,1.0,10.0,1
0,3,99,0,1,0,3393,0.383838384,0.616161616,0,63.63636364,0.0,0.081967213,0.0,0
0,4,47,66005,0,0,-1,0.808510638,0.191489362,0,100.0,0.0,0.0,0.0,1
0,3,10,0,1,10,4851,0.4,0.6,0,66.66666667,0.0,0.0,6.0,0
0,4,99,22333,1,22,7188,0.939393939,0.060606061,0,93.93939394,0.0,0.666666667,13.0,0
0,5,78,2243,1,12,7199,0.935897436,0.064102564,0,100.0,0.0,0.0,7.0,0
1,0,0,0,1,5,287,0.0,0.0,0,0.0,0.0,0.0,4.166666667,0
1,7,158,1518,0,7,5797,0.727848101,0.272151899,0,22.22222222,0.088607595,0.069767442,3.833333333,0
0,2,13,3865872,1,0,-1,0.7692307690000001,0.230769231,0,0.0,0.0,0.0,0.0,0
1,0,51,5697976,0,17,3992,1.0,0.0,0,100.0,0.152542373,0.0,7.375,1
0,7,1477,12,0,7,7133,0.94380501,0.05619499,0,73.89937107,0.0,0.373493976,4.5,0
1,1,136,0,1,7,4456,0.044117647,0.955882353,0,3.370786517,0.0,0.1,5.333333333,1
0,2,135,0,1,0,5976,0.933333333,0.066666667,0,20.0,0.0,1.4444444440000002,0.0,0
1,3,19,0,0,6,6381,1.0,0.0,1,100.0,0.0,0.0,4.5,1
1,0,0,0,1,0,158,0.0,0.0,0,0.0,0.045454545,0.0,0.0,1
1,0,1,0,0,11,98,1.0,0.0,0,0.0,0.0,0.0,5.1,1
0,5,196,88539,1,0,5968,0.663265306,0.336734694,0,0.0,0.0,0.03030303,0.0,0
0,5,13,0,0,0,5615,0.461538462,0.538461538,1,100.0,0.0,0.0,0.0,1
0,4,149,53952,1,0,5064,0.798657718,0.201342282,0,26.66666667,0.0,0.066666667,0.0,0
1,5,21,0,0,7,5616,0.19047619,0.80952381,2,25.0,0.03030303,0.176470588,4.75,1
1,0,53,0,0,44,134,0.528301887,0.471698113,1,20.0,0.074766355,0.16,9.25,1
1,1,0,0,0,9,3610,0.0,0.0,3,0.0,0.03125,0.0,4.875,1
1,0,31,0,0,8,155,0.193548387,0.806451613,4,0.0,0.0,0.0,4.5,1
1,0,22,882317,0,5,-1,0.772727273,0.227272727,0,100.0,0.0,0.0,4.0,1
0,1,18,1823977,0,0,1604,0.7777777779999999,0.222222222,0,76.92307692,0.0,0.0,0.0,0
1,3,0,0,1,7,-1,0.0,0.0,1,0.0,0.133333333,0.0,4.5,1
0,8,138,0,0,0,7447,0.471014493,0.528985507,0,16.66666667,0.0,0.0,0.0,0
0,5,141,7423,1,5,7986,0.943262411,0.056737589,0,100.0,0.0,0.25,5.0,0
1,0,103,1863827,0,0,6844,0.932038835,0.067961165,0,0.0,0.057142857,0.285714286,0.0,1
0,4,86,3699651,1,9,1976,0.593023256,0.406976744,0,43.90243902,0.0,0.171428571,4.875,0
0,4,119,101301,1,0,5634,0.882352941,0.117647059,1,50.0,0.0,0.142857143,0.0,0
1,0,51,5707171,0,17,3993,1.0,0.0,0,100.0,0.119047619,0.0,7.375,1
0,3,221,2521041,1,0,1526,0.995475113,0.004524887,0,66.66666667,0.0,1.0,0.0,0
1,4,0,0,0,13,4089,0.0,0.0,4,0.0,0.096491228,0.0,7.666666667,1
0,7,182,12,0,5,7131,0.8736263740000001,0.126373626,0,54.90196078,0.1,0.304347826,4.333333333,0
1,0,28,0,0,13,-1,1.0,0.0,0,100.0,0.022222222,0.0,6.0,1
1,5,95,2192,0,10,7618,0.652631579,0.347368421,0,84.09090909,0.0,0.060606061,5.5,0
1,4,7,0,0,34,8019,0.0,1.0,0,0.0,0.028368794,0.0,9.2,1
1,3,0,10313348,0,32,5233,0.0,0.0,0,0.0,0.315068493,0.0,11.75,1
1,0,45,0,0,15,101,1.0,0.0,2,0.0,0.132231405,0.0,6.857142857,1
0,3,20,4055114,1,0,-1,0.65,0.35,0,33.33333333,0.0,0.0,0.0,0
0,6,65,546,0,10,11049,0.523076923,0.476923077,0,14.70588235,0.0806451609999999,0.161290323,7.2,0
0,4,301,61492,1,8,5595,0.996677741,0.003322259,0,93.33333333,0.0,0.0,4.333333333,0
0,5,50,306900,0,7,7521,0.88,0.12,0,14.28571429,0.0,0.5,5.0,0
0,4,17,16774,1,10,6581,0.588235294,0.411764706,0,25.0,0.0,0.0,7.0,0
1,0,10,0,1,13,-1,1.0,0.0,0,0.0,0.0,0.0,6.5,1
0,3,72,8543,0,7,2874,0.833333333,0.166666667,0,94.59459459,0.0,0.4166666670000001,5.666666667,0
0,8,361,413,1,7,6070,0.360110803,0.639889197,0,50.0,0.0,0.073593074,4.666666667,0
1,0,51,5707171,0,17,3993,1.0,0.0,0,100.0,0.150793651,0.0,7.375,1
1,0,51,5707171,1,17,3993,1.0,0.0,0,100.0,0.138461538,0.0,7.375,1
0,3,48,249971,1,0,933,0.583333333,0.4166666670000001,0,75.0,0.0,0.0,0.0,1
1,0,28,0,1,8,3716,0.964285714,0.035714286,2,0.0,0.0,0.0,4.0,1
1,0,0,0,0,11,2703,0.0,0.0,0,0.0,0.0,0.0,8.333333332999999,1
0,5,30,466083,1,8,6923,0.433333333,0.566666667,0,66.66666667,0.098360656,0.0,4.5,0
1,0,40,2580873,0,32,1658,0.025,0.975,0,0.0,0.373015873,0.076923077,8.666666667000001,1
1,0,0,0,0,9,304,0.0,0.0,3,0.0,0.057971014,0.0,4.857142857,1
0,4,78,101986,0,11,12031,0.871794872,0.128205128,0,86.04651163,0.0,0.4,6.5,0
1,0,22,0,1,8,-1,0.590909091,0.409090909,1,33.33333333,0.0,0.0,5.5,1
1,4,19,0,0,43,8018,0.736842105,0.263157895,0,100.0,0.23183391,0.0,8.76,1
1,0,3,0,0,5,2110,0.0,1.0,0,0.0,0.0,0.333333333,4.25,1
0,0,8,0,1,0,1016,0.5,0.5,0,0.0,0.043478261,0.0,0.0,0
0,1,5,0,0,0,467,0.4,0.6,0,0.0,0.2,0.0,0.0,1
1,0,17,0,0,162,-1,0.882352941,0.117647059,1,100.0,0.308189655,0.0,13.3125,1
1,5,40,23415,1,0,6124,0.75,0.25,0,37.5,0.0,0.2,0.0,0
1,0,7,0,0,10,84,0.857142857,0.142857143,0,0.0,0.41509434,1.0,5.9,1
1,8,0,2307,0,55,6752,0.0,0.0,0,0.0,0.25,0.0,31.5,1
1,0,51,5707171,0,15,3993,1.0,0.0,0,100.0,0.147058824,0.0,8.5,1
1,2,22,0,0,0,2840,0.318181818,0.681818182,0,100.0,0.0,0.0,0.0,1
0,5,139,83810,1,7,5648,0.985611511,0.014388489,0,0.0,0.0,0.0,5.5,0
0,2,1637,0,0,0,584,0.992669517,0.007330483,0,97.26027397,0.0,0.5,0.0,0
1,0,4,0,0,5,-1,1.0,0.0,0,100.0,0.0,0.0,3.833333333,1
1,4,33,209223,1,7,4821,0.909090909,0.090909091,0,25.0,0.0,0.666666667,7.0,0
0,5,77,2190,0,10,7616,0.61038961,0.38961039,0,70.96774194,0.0,0.1,5.0,0
1,7,71,3196,1,9,5720,0.774647887,0.225352113,0,42.10526316,0.23880597,0.1875,5.0,0
1,0,24,0,1,16,3562,0.541666667,0.458333333,0,100.0,0.0,0.0,9.5,1
0,5,469,14284,0,9,6073,0.7782515990000001,0.221748401,0,9.523809524,0.0,0.048076923,6.5,0
1,0,11,0,0,2,13,0.909090909,0.090909091,0,0.0,0.344827586,0.0,2.0,1
0,3,155,256371,1,0,-1,0.432258065,0.567741935,0,76.47058824,0.0,0.0,0.0,0
0,5,14,625153,1,7,4478,0.428571429,0.571428571,0,28.57142857,0.0,0.25,5.2,0
1,4,13,24006,0,0,5208,0.692307692,0.307692308,0,0.0,0.066666667,0.0,0.0,1
0,2,0,175291,0,0,4732,0.0,0.0,0,0.0,0.0,0.0,0.0,0
1,3,1,17964,0,0,7083,0.0,1.0,0,0.0,0.0,0.0,0.0,1
1,0,0,0,0,7,4270,0.0,0.0,0,0.0,0.0,0.0,5.5,1
1,3,6,0,1,13,4609,0.333333333,0.666666667,4,0.0,0.0,0.0,5.076923077,1
1,1,15,0,0,5,5801,0.8666666670000001,0.133333333,1,60.0,0.0,0.0,4.0,1
0,7,155,12,0,4,7133,0.948387097,0.051612903,0,69.23076923,0.0,0.375,4.0,0
0,2,14,381995,1,0,1392,0.7142857140000001,0.285714286,0,0.0,0.0,0.0,0.0,0
0,2,243,0,1,0,-1,0.979423868,0.020576132,0,33.33333333,0.0,0.0,0.0,0
0,4,358,441148,1,0,8205,0.703910615,0.296089385,0,13.95348837,0.0,0.0,0.0,0
1,5,21,0,0,9,5616,0.19047619,0.80952381,0,25.0,0.048780488,0.176470588,9.0,1
0,5,94,757720,0,7,7534,0.946808511,0.053191489,0,80.76923077,0.0,0.8,7.0,0
1,0,0,0,0,5,-1,0.0,0.0,1,0.0,0.0,0.0,5.0,1
0,4,24,0,1,0,8161,0.708333333,0.291666667,0,20.0,0.0,0.428571429,0.0,0
1,4,0,8596669,1,11,7296,0.0,0.0,0,0.0,0.088607595,0.0,6.166666667,0
0,5,119,379,1,10,5047,0.932773109,0.067226891,0,60.0,0.0,0.25,6.25,0
1,0,3,7776219,1,100,4091,1.0,0.0,0,0.0,0.256578947,0.0,24.4,1
0,3,32,0,1,0,2297,0.59375,0.40625,0,46.15384615,0.0,0.0,0.0,0
1,1,64,4591292,0,10,3256,0.9375,0.0625,1,0.0,0.01754386,0.25,6.25,1
1,0,19,0,1,5,-1,1.0,0.0,1,100.0,0.0,0.0,4.0,1
0,5,362,7023,0,14,5594,0.977900552,0.022099448,0,76.0,0.0,0.25,7.8,0
1,2,0,4669,0,5,1546,0.0,0.0,0,0.0,0.046153846,0.0,4.4,1
0,0,66,10607254,1,0,1845,0.772727273,0.227272727,0,58.33333333,0.0,0.0,0.0,1
0,5,221,982,1,3,7585,0.995475113,0.004524887,0,95.23809524,0.0,0.0,3.0,0
0,10,25,63,0,15,7491,0.52,0.48,0,0.0,0.0,0.0,15.0,0
0,2,82,624111,1,0,-1,0.93902439,0.06097561,0,100.0,0.0,0.0,0.0,0
1,3,36,0,0,10,6301,0.222222222,0.7777777779999999,0,50.0,0.0,0.142857143,6.25,1
0,5,443,3147,1,11,8488,0.977426637,0.022573363,0,100.0,0.0,0.2,6.333333333,0
1,0,4,0,0,3,1375,1.0,0.0,0,100.0,0.205882353,0.0,3.0,1
0,5,99,98840,1,7,8614,0.949494949,0.050505051,0,57.14285714,0.0,0.0,5.0,0
1,5,16,0,0,0,7295,0.0625,0.9375,0,14.28571429,0.0,0.8666666670000001,0.0,1
0,2,244,0,1,0,-1,0.774590164,0.225409836,0,20.0,0.0,0.218181818,0.0,0
1,0,3,0,0,8,11,1.0,0.0,0,0.0,0.085714286,0.0,6.0,1
1,0,0,0,0,18,2561,0.0,0.0,0,0.0,0.28358209,0.0,18.0,1
1,0,6,0,1,9,977,1.0,0.0,2,0.0,0.142857143,0.0,6.142857143,1
0,7,65,2097,0,9,10572,0.8307692309999999,0.1692307689999999,0,37.5,0.0,0.545454545,6.222222222,0
1,0,3,0,0,7,7553,0.0,1.0,1,0.0,0.0,0.0,4.333333333,1
1,7,0,632001,0,20,2521,0.0,0.0,0,0.0,0.070175439,0.0,7.4,1
1,0,51,5707171,1,17,3993,1.0,0.0,0,100.0,0.1953125,0.0,8.142857142999999,1
1,3,1,0,0,25,4278,0.0,1.0,0,0.0,0.0,1.0,13.0,1
0,2,203,0,1,0,-1,0.931034483,0.068965517,0,0.0,0.0,0.142857143,0.0,0
1,0,1,0,1,75,5963,1.0,0.0,1,0.0,0.1474358969999999,0.0,10.0,1
1,6,0,1021,0,9,-1,0.0,0.0,0,0.0,0.081967213,0.0,5.333333333,0
1,0,51,5697976,0,17,3992,1.0,0.0,0,100.0,0.15625,0.0,7.375,1
1,6,0,38086,1,7,8485,0.0,0.0,0,0.0,0.0,0.0,5.333333333,0
0,5,328,53863,0,5,-1,0.908536585,0.091463415,0,91.66666667,0.0,0.5,4.0,0
1,0,122,0,0,32,1710,0.254098361,0.7459016390000001,0,18.42105263,0.393442623,0.076923077,12.66666667,1
0,6,520,13509,1,7,7777,0.994230769,0.005769231,0,88.0,0.0,0.0,6.0,0
1,0,82,0,0,6,5813,0.353658537,0.646341463,0,4.255319149,0.104477612,0.773584906,4.25,1
0,4,26,3012268,1,0,1458,0.384615385,0.615384615,0,33.33333333,0.0,0.0625,0.0,0
1,0,51,5707171,0,17,3993,1.0,0.0,0,100.0,0.136,0.0,8.142857142999999,1
0,2,557,2867682,1,0,1825,0.903052065,0.096947935,0,82.14285714,0.0,0.018518519,0.0,0
0,8,640,560,1,9,7791,0.25,0.75,0,60.0,0.051282051,0.0,5.0,0
1,1,46,10052070,1,13,4325,0.913043478,0.086956522,4,25.0,0.037593985,0.25,7.5,1
0,0,0,9555991,0,15,3674,0.0,0.0,4,0.0,0.0,0.0,7.25,1
1,0,26,0,0,12,-1,1.0,0.0,0,100.0,0.282051282,0.0,4.5,1
1,5,80,891330,1,9,-1,0.95,0.05,0,100.0,0.0,0.0,5.75,0
1,0,12,0,1,7,837,0.916666667,0.083333333,1,100.0,0.00877193,0.0,4.75,1
0,4,0,0,1,6,-1,0.0,0.0,1,0.0,0.063492063,0.0,4.285714286,0
1,0,0,0,1,9,-1,0.0,0.0,0,0.0,0.026315789,0.0,5.75,1
0,2,215,5357492,1,0,1813,0.711627907,0.288372093,0,37.5,0.032258065,0.032258065,0.0,0
0,5,65,20599,0,10,7185,0.984615385,0.015384615,0,100.0,0.0,0.0,6.5,0
1,3,58,2656129,0,8,-1,1.0,0.0,0,100.0,0.0,0.0,5.2,1
1,2,30,0,1,7,484,1.0,0.0,2,100.0,0.059701493,0.0,5.0,1
0,5,109,0,0,0,7296,0.247706422,0.752293578,0,26.86567164,0.0,0.414634146,0.0,0
0,2,6,0,1,5,3800,0.333333333,0.666666667,0,0.0,0.0,0.0,4.666666667,0
1,1,0,7375648,1,32,535,0.0,0.0,0,0.0,0.209876543,0.0,12.5,1
0,4,22,77435,0,23,5058,0.772727273,0.227272727,0,0.0,0.231404959,0.0,13.83333333,1
0,5,46,59635,0,0,6435,0.282608696,0.7173913040000001,0,20.83333333,0.058823529,0.060606061,0.0,0
0,0,26,0,0,0,-1,0.423076923,0.576923077,0,0.0,0.0,0.4,0.0,1
1,1,16,0,0,9,2507,0.875,0.125,4,0.0,0.0,0.5,4.875,1
1,4,12,109426,0,5,7986,0.333333333,0.666666667,1,0.0,0.0,0.0,4.333333333,1
0,3,23,0,1,0,8153,0.6521739129999999,0.347826087,0,50.0,0.0,0.25,0.0,0
1,2,110,0,1,14,-1,1.0,0.0,3,100.0,0.0,0.0,7.5,1
1,0,0,0,0,7,5460,0.0,0.0,0,0.0,0.0,0.0,5.5,1
1,5,89,2187,0,10,7617,0.606741573,0.393258427,0,74.35897436,0.0,0.028571429,7.4,0
1,0,11,0,0,7,1015,1.0,0.0,0,100.0,0.0,0.0,7.0,1
1,0,164,0,1,11,2676,0.323170732,0.676829268,1,19.76744186,0.0,0.585585586,4.8,1
0,5,148,403914,1,2,7827,0.486486486,0.513513514,0,16.66666667,0.0,0.013157895,2.0,0
0,2,19,0,1,0,-1,0.947368421,0.052631579,0,0.0,0.0,0.0,0.0,0
0,3,55,956271,1,0,-1,0.836363636,0.163636364,0,12.5,0.0,0.444444444,0.0,0
1,0,31,0,1,17,-1,0.483870968,0.516129032,1,0.0,0.4,0.4375,10.08333333,1
0,4,79,1229068,0,9,8130,0.278481013,0.7215189870000001,0,40.0,0.0,0.01754386,9.0,0
0,1,37,0,1,0,-1,0.27027027,0.72972973,0,47.61904762,0.0,0.259259259,0.0,0
0,6,84,19882,1,10,8756,0.952380952,0.047619048,0,71.42857143,0.0,0.0,6.0,0
1,2,84,0,0,8,-1,0.80952381,0.19047619,5,84.61538462,0.0,0.125,4.888888889,1
1,5,0,0,0,5,5613,0.0,0.0,0,0.0,0.291139241,0.0,2.333333333,1
1,3,161,17148,1,7,7311,0.97515528,0.02484472,0,20.0,0.0,0.0,4.4,0
0,3,163,533432,0,7,-1,0.36196319,0.63803681,1,9.473684211,0.0,0.230769231,4.571428571,1
1,0,44,0,0,7,-1,0.727272727,0.272727273,1,0.0,0.111111111,0.5,3.75,1
1,0,51,1961063,0,32,1669,0.588235294,0.411764706,0,100.0,0.299212598,0.095238095,8.666666667000001,1
1,1,0,0,0,7,2931,0.0,0.0,0,0.0,0.0,0.0,5.4,1
1,2,161,4691,0,0,1532,0.267080745,0.732919255,1,0.0,0.057692308,0.059322034,0.0,1
0,3,51,2872123,1,0,6129,0.980392157,0.019607843,0,50.0,0.0,1.0,0.0,0
1,2,144,1494607,1,12,6777,0.8888888890000001,0.111111111,0,47.82608696,0.0,0.25,7.666666667,0
1,1,11,988416,0,30,6856,1.0,0.0,1,100.0,0.242937853,0.0,8.1875,1
0,9,82,3523,0,7,-1,0.085365854,0.914634146,0,41.66666667,0.095238095,0.0,7.0,1
1,5,17,0,0,1,7296,0.058823529,0.941176471,0,0.0,0.020408163,0.0625,1.0,1
0,6,167,12421,1,10,8146,0.640718563,0.359281437,0,84.61538462,0.0,0.133333333,4.6,0
1,2,0,0,0,2,2769,0.0,0.0,0,0.0,0.0,0.0,2.0,1
0,5,71,2078971,0,0,7298,0.197183099,0.8028169009999999,0,22.72727273,0.0,0.1578947369999999,0.0,0
1,5,136,2188,0,13,7615,0.639705882,0.360294118,0,86.11111111,0.0,0.020408163,9.25,0
1,5,21,0,0,7,5615,0.19047619,0.80952381,2,25.0,0.047619048,0.176470588,4.75,1
1,0,1,0,0,25,-1,1.0,0.0,1,0.0,0.296703297,0.0,6.083333333,1
0,2,168,619864,1,7,6179,0.958333333,0.041666667,0,75.0,0.0,0.142857143,6.333333333,0
0,2,263,0,1,0,-1,0.760456274,0.239543726,0,44.44444444,0.0,0.047619048,0.0,0
1,0,87,0,0,7,325,0.034482759,0.965517241,0,2.43902439,0.0,0.119047619,4.666666667,1
1,0,0,0,0,2,7287,0.0,0.0,0,0.0,0.0,0.0,2.0,1
1,7,270,147,1,8,9637,0.685185185,0.314814815,1,8.333333332999999,0.081632653,0.1529411759999999,6.0,0
1,4,28,27683,0,7,-1,0.964285714,0.035714286,0,0.0,0.16,0.0,7.0,1
1,10,25,1,0,56,8347,0.44,0.56,1,0.0,0.07079646,0.0,10.25,1
0,5,123,14506,1,10,7535,0.902439024,0.097560976,0,20.0,0.086956522,0.25,5.2,0
1,8,6,0,0,1,5161,0.0,1.0,0,0.0,0.0,0.666666667,1.0,0
0,7,228,12,0,8,7130,0.938596491,0.061403509,0,57.57575758,0.0,0.285714286,6.0,0
0,5,70,64871,1,7,-1,0.7142857140000001,0.285714286,0,4.761904762,0.0144927539999999,0.95,4.428571429,0
0,3,18,3520303,0,8,3829,0.444444444,0.5555555560000001,0,42.85714286,0.073170732,0.3,5.5,0
1,0,4,5816617,0,17,4003,1.0,0.0,0,100.0,0.134920635,0.0,7.375,1
1,0,0,0,0,5,553,0.0,0.0,1,0.0,0.0,0.0,4.2,1
0,5,35,2258035,1,0,5063,0.114285714,0.8857142859999999,0,25.0,0.0,0.032258065,0.0,0
1,2,0,5392060,0,8,7391,0.0,0.0,0,0.0,0.0,0.0,5.5,1
0,8,411,115,1,11,6011,0.936739659,0.063260341,0,91.66666667,0.0,0.0,8.0,0
0,4,53,14056,0,8,-1,0.603773585,0.396226415,0,11.11111111,0.0,0.238095238,8.0,0
1,0,24,514430,0,0,2532,1.0,0.0,1,100.0,0.0,0.0,0.0,1
1,6,170,1137,1,10,9286,0.258823529,0.741176471,0,6.315789474,0.0,0.642857143,4.833333333,0
0,5,126,473854,1,0,-1,0.7222222220000001,0.277777778,0,10.0,0.0,0.2,0.0,0
0,6,50,1418,1,13,8618,0.84,0.16,0,100.0,0.0,0.25,5.166666667,0
0,7,189,13,0,7,7134,0.962962963,0.037037037,0,50.0,0.0,0.571428571,5.333333333,0
1,1,86,0,0,5,3466,0.965116279,0.034883721,0,75.0,0.0,0.333333333,3.0,1
0,4,128,0,1,16,4198,0.96875,0.03125,0,50.0,0.0,0.25,7.666666667,0
0,4,409,1275056,1,9,4860,0.7041564790000001,0.295843521,1,92.95154185,0.045454545,0.099173554,5.333333333,0
0,0,35,0,1,7,1290,0.8857142859999999,0.114285714,0,0.0,0.0,0.25,6.0,0
0,2,27,3479049,1,0,3038,0.222222222,0.7777777779999999,0,0.0,0.0,0.047619048,0.0,0
0,5,12,5662,1,0,3830,0.166666667,0.833333333,0,40.0,0.0,0.4,0.0,0
0,6,417,8160,1,10,6317,0.944844125,0.055155875,0,23.07692308,0.073529412,0.173913043,6.0,0
1,5,22,0,0,15,5634,1.0,0.0,0,100.0,0.092592593,0.0,8.333333332999999,0
0,10,41,2,1,50,5636,0.853658537,0.146341463,0,0.0,0.178707224,0.0,8.230769231,1
1,5,77,91852,1,15,8933,0.87012987,0.12987013,0,36.36363636,0.025,0.5,15.0,0
1,3,6,0,1,13,4608,0.333333333,0.666666667,4,0.0,0.0,0.0,5.545454545,1
0,4,325,140382,1,0,7753,0.963076923,0.036923077,0,64.70588235,0.0,0.0,0.0,0
1,0,13,0,0,3,1514,0.923076923,0.076923077,0,0.0,0.0,0.0,2.0,1
0,3,156,277373,1,0,1905,0.826923077,0.173076923,0,4.545454545,0.0,0.111111111,0.0,0
0,7,240,13,0,12,7134,0.9125,0.0875,0,52.27272727,0.0,0.523809524,7.333333333,0
0,5,67,227342,1,11,6855,0.417910448,0.582089552,0,7.407407407000001,0.0,0.256410256,7.5,0
1,10,31,1,0,56,8346,0.322580645,0.677419355,1,0.0,0.079646018,0.0,10.25,1
0,2,253,1868666,1,0,-1,0.873517787,0.126482213,0,9.090909091,0.0,0.3125,0.0,0
1,0,0,0,1,13,6950,0.0,0.0,1,0.0,0.0,0.0,6.2,1
1,6,8,22211,0,6,1338,1.0,0.0,0,0.0,0.090909091,0.0,5.0,1
0,2,16,3601536,1,0,7921,0.8125,0.1875,0,0.0,0.0,0.0,0.0,0
1,0,0,1144030,0,1,2254,0.0,0.0,0,0.0,0.057142857,0.0,1.0,1
1,2,0,6425032,0,5,8354,0.0,0.0,0,0.0,0.0,0.0,4.333333333,1
1,1,189,0,1,9,-1,0.8412698409999999,0.158730159,2,14.28571429,0.0,0.7,5.833333333,1
1,0,92,0,0,17,-1,0.97826087,0.02173913,2,33.33333333,0.192982456,0.0,6.142857143,1
0,2,15,0,0,0,1759,0.666666667,0.333333333,0,92.10526316,0.0,0.4,0.0,0
0,3,86,759109,1,0,2206,0.686046512,0.313953488,0,37.5,0.0,0.037037037,0.0,0
1,2,12,4535468,1,0,4138,0.333333333,0.666666667,0,0.0,0.0,0.0,0.0,1
0,5,207,72924,1,10,6841,0.990338164,0.009661836,0,50.0,0.0,1.5,5.75,0
0,5,99,28261,1,9,8543,0.7777777779999999,0.222222222,1,0.0,0.04950495,0.227272727,5.363636364,0
1,0,1,0,1,75,5963,1.0,0.0,1,0.0,0.16025641,0.0,10.0,1
0,5,85,28418,1,6,6134,0.8,0.2,0,50.0,0.0,0.058823529,3.333333333,0
1,1,16,943419,0,11,7253,0.125,0.875,0,0.0,0.0,0.642857143,11.0,1
0,5,28,607506,1,12,5639,0.5,0.5,0,14.28571429,0.0,0.7857142859999999,7.5,0
1,0,3,0,0,8,1824,1.0,0.0,2,0.0,0.02173913,0.0,4.0,1
0,9,222,89,0,12,4671,0.743243243,0.256756757,0,72.22222222,0.0,0.175438596,12.0,0
1,5,93,26616,0,38,4923,0.333333333,0.666666667,1,13.04347826,0.233009709,0.064516129,9.25,1
0,2,120,4577170,1,0,-1,0.95,0.05,0,85.71428571,0.0,0.0,0.0,0
0,4,117,2113067,1,0,-1,0.7606837609999999,0.239316239,0,50.0,0.0,0.035714286,0.0,0
1,0,23,0,1,0,4202,0.7826086959999999,0.217391304,0,100.0,0.0,0.0,0.0,1
0,4,571,176808,1,7,8414,0.907180385,0.092819615,0,22.0,0.0,0.056603774,7.0,0
1,4,94,0,0,0,-1,0.8297872340000001,0.170212766,0,100.0,0.0,0.0,0.0,1
0,4,0,755916,1,6,5515,0.0,0.0,0,0.0,0.0,0.0,4.0,0
1,3,8,0,1,15,125,0.625,0.375,1,100.0,0.023668639,0.0,6.894736842,1
1,2,0,2161928,0,13,1868,0.0,0.0,0,0.0,0.02173913,0.0,5.666666667,1
0,3,1,819233,1,9,2403,1.0,0.0,0,0.0,0.0,0.0,5.125,1
1,5,0,13447,0,13,-1,0.0,0.0,0,0.0,0.125786164,0.0,3.566666667,0
1,5,22,0,0,17,5627,0.181818182,0.818181818,1,25.0,0.04109589,0.277777778,7.666666667,1
0,5,88,2188,0,10,7615,0.636363636,0.363636364,0,86.11111111,0.0,0.03125,6.666666667,0
1,0,6,0,1,17,2941,1.0,0.0,0,0.0,0.0,0.0,6.4,1
1,1,15,2372393,0,0,2641,0.0,1.0,0,0.0,0.0,0.266666667,0.0,1
0,4,118,428038,1,0,4801,0.847457627,0.152542373,0,0.0,0.0,0.277777778,0.0,0
1,4,0,6580550,1,12,6750,0.0,0.0,0,0.0,0.138211382,0.0,6.0,0
1,10,40,1,0,7,8346,0.8,0.2,0,27.27272727,0.0,0.5,3.666666667,0
1,0,5,0,0,9,4322,1.0,0.0,0,0.0,0.0,0.0,9.0,1
1,2,30,0,0,32,5756,0.966666667,0.033333333,0,100.0,0.25974026,0.0,14.66666667,1
1,3,13,378751,0,6,4382,0.923076923,0.076923077,1,0.0,0.0,0.0,4.5,1
0,5,52,8126,0,5,8020,0.7692307690000001,0.230769231,0,63.63636364,0.105263158,0.333333333,3.25,0
0,6,56,2572,1,8,8043,0.857142857,0.142857143,0,40.0,0.0,0.0,4.5,0
1,2,12,0,1,10,3689,1.0,0.0,1,100.0,0.0,0.0,5.0,1
1,1,0,0,0,5,3076,0.0,0.0,0,0.0,0.129032258,0.0,4.0,1
0,3,83,0,1,0,4911,0.481927711,0.518072289,0,37.5,0.0,0.0,0.0,0
0,6,244,2033,1,8,7869,0.725409836,0.274590164,1,8.510638298,0.0,0.179104478,7.333333333,0
1,5,22,2856134,0,17,5626,0.181818182,0.818181818,0,25.0,0.112903226,0.277777778,7.666666667,1
0,3,240,183772,1,0,-1,0.970833333,0.029166667,0,80.0,0.0,0.571428571,0.0,0
1,0,48,0,0,32,-1,1.0,0.0,0,100.0,0.290322581,0.0,14.0,1
0,2,27,2271605,1,0,2304,0.518518519,0.481481481,0,80.95238095,0.0,0.076923077,0.0,0
1,1,73,1652125,0,9,5707,0.98630137,0.01369863,0,0.0,0.0,1.0,6.0,1
1,0,0,0,1,10,-1,0.0,0.0,2,0.0,0.063829787,0.0,5.25,1
0,5,57,21974,1,9,8546,0.98245614,0.01754386,0,100.0,0.0,0.0,5.0,0
0,5,0,54663,1,9,11317,0.0,0.0,0,0.0,0.138888889,0.0,5.375,0
1,0,64,0,0,32,-1,0.46875,0.53125,0,0.0,0.253968254,0.235294118,8.777777777999999,1
0,5,43,48563,1,10,7339,0.976744186,0.023255814,0,0.0,0.0,0.0,7.333333333,0
1,0,0,0,1,16,2100,0.0,0.0,0,0.0,0.08,0.0,7.666666667,1
0,2,47,8587175,0,0,-1,0.914893617,0.085106383,0,0.0,0.0,0.5,0.0,0
0,7,172,570,1,8,7925,0.534883721,0.465116279,0,21.42857143,0.365079365,0.0625,3.875,0
0,10,126,1,0,15,8346,0.8968253970000001,0.103174603,0,11.11111111,0.0,0.384615385,5.0,0
1,6,104,374,0,8,11566,0.913461538,0.086538462,0,83.33333333,0.137931034,0.333333333,5.555555556,0
0,3,8,4365,0,10,1953,0.125,0.875,0,0.0,0.214285714,0.0,10.0,1
0,2,336,484673,1,0,8675,0.94047619,0.05952381,0,20.0,0.0,0.75,0.0,0
1,0,8,0,0,10,1825,0.375,0.625,0,100.0,0.0,0.0,10.0,1
1,0,51,5707171,0,17,3992,1.0,0.0,0,100.0,0.176,0.0,8.142857142999999,1
0,4,286,2928750,1,6,7588,1.0,0.0,0,100.0,0.041666667,0.0,5.0,0
1,2,33,4639,0,5,1547,0.272727273,0.727272727,1,4.347826087,0.057692308,0.125,4.0,1
1,0,0,0,0,7,1856,0.0,0.0,0,0.0,0.0,0.0,4.6,1
0,3,28,545173,1,12,3104,0.928571429,0.071428571,0,100.0,0.050632911,0.0,4.222222222,0
0,6,294,184,1,9,5887,0.928571429,0.071428571,0,89.41798942,0.0,0.476190476,5.5,0
1,0,51,5707171,0,17,3993,1.0,0.0,0,100.0,0.152542373,0.0,7.375,1
1,5,115,7453,1,9,6495,0.8,0.2,0,20.0,0.0,0.0,6.4,0
1,2,0,4378438,0,4,2035,0.0,0.0,0,0.0,0.0,0.0,4.0,1
0,5,0,4693,0,9,-1,0.0,0.0,0,0.0,0.0,0.0,4.8,0
1,2,103,705069,0,0,7011,0.932038835,0.067961165,0,0.0,0.0,0.285714286,0.0,1
0,5,38,86462,1,8,5913,0.578947368,0.421052632,0,75.0,0.0,0.1875,6.25,0
1,2,0,0,0,9,837,0.0,0.0,0,0.0,0.0,0.0,5.2,0
1,6,67,2672,1,7,8831,0.850746269,0.149253731,0,20.0,0.0,0.0,4.0,0
1,0,0,0,0,6,10,0.0,0.0,0,0.0,0.0,0.0,3.6,1
1,4,42,172131,0,9,-1,0.5476190479999999,0.452380952,2,78.57142857,0.08,0.052631579,5.25,0
1,0,1,0,1,507,978,1.0,0.0,1,0.0,0.116202946,0.0,115.4,1
0,2,96,0,1,0,7866,0.270833333,0.729166667,0,12.5,0.0,0.028571429,0.0,0
0,4,246,95364,1,0,3291,0.666666667,0.333333333,0,12.5,0.0,0.024390244,0.0,0
1,0,22,0,0,17,1194,0.818181818,0.181818182,2,100.0,0.013888889,0.0,6.0,1
1,0,7,8688799,1,15,-1,0.857142857,0.142857143,2,0.0,0.0,1.0,7.666666667,1
0,7,469,322,1,9,6438,0.863539446,0.136460554,0,82.05128205,0.089552239,0.0625,5.0,0
0,3,22,10539664,1,0,4014,0.681818182,0.318181818,0,0.0,0.0,0.285714286,0.0,0
0,4,128,119459,1,11,6339,0.8671875,0.1328125,0,36.84210526,0.0,0.235294118,4.555555556,0
0,0,32,0,0,7,1341,0.59375,0.40625,0,20.0,0.023809524,0.230769231,5.666666667,1
1,0,30,0,0,15,-1,1.0,0.0,4,100.0,0.159090909,0.0,4.8,1
0,7,32,0,0,0,5231,0.96875,0.03125,0,100.0,0.0,0.0,0.0,0
0,7,149,13,0,6,7134,0.953020134,0.046979866,0,56.25,0.0,0.428571429,5.0,0
1,3,0,0,0,5,2781,0.0,0.0,2,0.0,0.0,0.0,3.0,1
1,1,9,0,1,64,8288,0.333333333,0.666666667,1,0.0,0.379310345,0.666666667,15.30769231,1
0,3,310,2294,0,6,7157,0.94516129,0.05483871,0,79.6875,0.119047619,0.529411765,4.25,0
1,0,51,5697976,0,17,3992,1.0,0.0,0,100.0,0.208695652,0.0,8.142857142999999,1
1,0,32,0,0,3,2433,0.34375,0.65625,0,77.77777778,0.0,0.047619048,2.0,1
1,1,47,0,0,0,1052,1.0,0.0,0,0.0,0.0,0.0,0.0,1
1,0,5,0,1,6,-1,0.4,0.6,2,0.0,0.0,0.666666667,5.0,1
1,0,51,5707171,0,17,3993,1.0,0.0,0,100.0,0.141732283,0.0,7.375,1
0,2,11,457413,1,6,896,0.454545455,0.545454545,1,0.0,0.0,0.166666667,5.0,1
1,7,296,1695,1,11,7558,0.8277027029999999,0.172297297,0,75.0,0.090909091,0.490196078,8.0,0
0,5,65,264522,1,17,7530,0.953846154,0.046153846,0,50.0,0.0,0.666666667,10.5,0
0,9,1,24,0,21,-1,0.0,1.0,2,0.0,0.124031008,0.0,5.388888889,1
1,2,4,0,1,5,1609,1.0,0.0,0,100.0,0.02173913,0.0,3.4,1
1,6,11,79585,0,12,-1,0.909090909,0.090909091,0,0.0,0.010204082,0.0,4.076923077,1
1,0,12,0,1,5,-1,0.75,0.25,0,100.0,0.0,0.0,3.666666667,0
1,1,92,10408014,1,30,5186,1.0,0.0,0,100.0,0.056179775,0.0,7.125,1
0,4,12,967672,0,7,-1,0.666666667,0.333333333,2,0.0,0.0,0.25,3.714285714,1
1,0,51,5697976,1,17,3992,1.0,0.0,0,100.0,0.225806452,0.0,7.375,1
1,0,184,0,0,0,2,0.913043478,0.086956522,0,46.15384615,0.0,0.625,0.0,1
1,0,51,5707171,0,17,3993,1.0,0.0,0,100.0,0.118110236,0.0,7.375,1
0,10,29,1,0,14,8349,0.482758621,0.517241379,2,11.11111111,0.0,0.0,9.0,1
0,3,107,0,1,0,1408,0.607476636,0.392523364,0,14.28571429,0.0,0.261904762,0.0,0
0,0,2,0,1,0,-1,1.0,0.0,0,0.0,0.0,0.0,0.0,1
0,5,98,31526,1,4,9754,0.857142857,0.142857143,0,36.36363636,0.0,0.285714286,4.0,0
0,6,616,689,1,7,6257,0.956168831,0.043831169,0,55.17241379,0.0,0.37037037,7.0,0
0,4,41,460464,0,12,4447,0.780487805,0.219512195,0,0.0,0.0,0.111111111,5.7,0
0,5,48,19217,1,10,4915,0.895833333,0.104166667,0,66.66666667,0.0,0.0,7.166666667,0
1,0,0,0,0,7,4934,0.0,0.0,0,0.0,0.0,0.0,7.0,1
0,2,0,0,0,0,797,0.0,0.0,0,0.0,0.0,0.0,0.0,1
0,5,0,148470,1,14,-1,0.0,0.0,0,0.0,0.233082707,0.0,7.230769231,0
0,3,185,82809,0,0,-1,0.989189189,0.010810811,0,0.0,0.0,0.0,0.0,0
0,3,206,2013263,0,0,4913,0.980582524,0.019417476,0,95.23809524,0.0,0.5,0.0,0
1,5,1,61657,0,6,-1,0.0,1.0,0,0.0,0.0,0.0,6.0,1
0,7,107,6810,1,9,4308,0.056074766,0.943925234,1,15.2173913,0.0,0.198019802,5.1111111110000005,0
1,0,9,0,0,4,3567,1.0,0.0,0,100.0,0.0,0.0,3.2,1
0,4,114,179423,0,12,7677,0.6228070179999999,0.377192982,0,0.0,0.0,0.0,8.0,0
1,10,1,1,0,56,8346,0.0,1.0,1,0.0,0.111111111,0.0,14.2,1
1,0,6,0,0,64,-1,0.5,0.5,4,0.0,0.388127854,0.0,14.30769231,1
0,2,180,433555,1,0,3821,0.7111111109999999,0.288888889,0,100.0,0.0,0.0,0.0,0
0,2,14,2516334,0,22,462,0.642857143,0.357142857,0,75.0,0.0625,0.0,22.0,1
0,3,174,238030,1,0,4884,0.959770115,0.040229885,0,50.0,0.0,0.0,0.0,0
0,4,7,117179,0,6,2380,0.571428571,0.428571429,0,100.0,0.0,1.0,4.5,0
0,10,152,8,1,14,8517,0.394736842,0.605263158,0,100.0,0.0,0.0,14.0,0
1,10,1,1,0,11,8348,0.0,1.0,2,0.0,0.0,0.0,7.5,1
1,0,31,0,0,5,6,0.612903226,0.387096774,0,0.0,0.0,0.0,4.0,1
1,0,51,5707171,0,15,3993,1.0,0.0,0,100.0,0.1710526319999999,0.0,8.5,1
1,0,51,5707171,1,17,3993,1.0,0.0,0,100.0,0.146341463,0.0,7.375,1
1,7,155,148,0,7,9638,0.44516129,0.55483871,0,35.0,0.02173913,0.093023256,3.2,0
0,3,205,2250,0,6,7155,0.887804878,0.112195122,0,77.64705882,0.119047619,0.739130435,4.25,0
1,5,21,0,0,7,5615,0.19047619,0.80952381,2,25.0,0.088235294,0.176470588,3.8,1
0,2,147,0,0,0,2570,0.081632653,0.918367347,0,66.66666667,0.0,0.6740740740000001,0.0,0
0,5,54,2763,1,0,7206,0.648148148,0.351851852,0,100.0,0.0,0.0,0.0,0
1,0,41,0,0,5,-1,0.951219512,0.048780488,0,66.66666667,0.068965517,0.5,5.0,1
0,5,228,531101,1,0,9040,0.947368421,0.052631579,0,23.07692308,0.0,0.0,0.0,0
0,5,37,42531,1,8,5397,0.72972973,0.27027027,0,40.0,0.0,0.1,4.625,0
1,0,0,0,0,9,1547,0.0,0.0,0,0.0,0.060606061,0.0,6.8,1
0,5,56,1163,0,9,-1,0.8035714290000001,0.196428571,0,83.33333333,0.047619048,0.181818182,5.5,0
1,1,31,7627796,0,10,1871,0.870967742,0.129032258,0,100.0,0.0,0.0,4.555555556,1
1,3,0,1382310,1,7,7741,0.0,0.0,1,0.0,0.0,0.0,5.25,1
1,2,150,2488533,0,10,-1,0.9,0.1,0,100.0,0.0,0.0,5.2,1
1,10,1,1,0,33,8347,0.0,1.0,1,0.0,0.085365854,0.0,8.666666667000001,1
1,5,77,2188,0,10,7618,0.61038961,0.38961039,0,81.48148148,0.0,0.033333333,4.166666667,0
0,2,129,874125,0,0,1984,0.852713178,0.1472868219999999,0,57.14285714,0.0,0.0,0.0,0
1,7,289,12,0,10,7133,0.906574394,0.093425606,0,64.0,0.085106383,0.5555555560000001,6.0,0
0,7,188,1294,1,10,5509,0.957446809,0.042553191,0,20.0,0.0,0.75,5.8,0
1,2,26,7346260,2,11,2101,1.0,0.0,0,100.0,0.0,0.0,5.0,1
1,2,31,1211946,0,32,1016,0.032258065,0.967741935,0,0.0,0.221153846,0.1,12.8,1
0,5,99,178835,1,0,8340,0.8787878790000001,0.121212121,0,46.15384615,0.0,0.583333333,0.0,0
1,0,28,0,0,4,-1,0.964285714,0.035714286,0,0.0,0.0,0.0,4.0,1
0,3,16,6179184,1,8,4763,0.5,0.5,0,40.0,0.0,0.25,6.5,0
1,5,39,122722,1,5,-1,0.948717949,0.051282051,0,75.0,0.0,0.0,4.0,0
1,0,0,0,0,0,118,0.0,0.0,0,0.0,0.0,0.0,0.0,1
0,5,76,2188,0,10,7618,0.578947368,0.421052632,0,64.28571429,0.0,0.0625,8.0,0
1,8,97,6951049,0,9,7449,0.618556701,0.381443299,0,0.0,0.115384615,0.054054054,5.4,0
0,5,393,16938,1,0,7453,0.959287532,0.040712468,0,50.0,0.0,0.125,0.0,0
1,6,377,2772,1,13,11021,0.986737401,0.013262599,0,91.80327869,0.0,0.2,5.9,0
1,0,4,0,0,6,-1,0.75,0.25,0,0.0,0.192982456,1.0,5.0,1
1,8,74,310,1,8,5371,0.7027027029999999,0.297297297,0,5.263157895,0.134831461,0.318181818,5.5,0
0,3,42,4702582,1,0,3787,0.5476190479999999,0.452380952,0,45.83333333,0.0,0.052631579,0.0,0
0,3,18,3516548,0,18,3828,0.444444444,0.5555555560000001,0,42.85714286,0.076923077,0.3,11.0,0
1,0,25,0,0,22,-1,0.16,0.84,3,30.76923077,0.174757282,0.428571429,7.333333333,1
1,0,124,0,0,32,254,0.951612903,0.048387097,3,88.0,0.208333333,0.0,8.375,1
0,5,30,164898,0,11,2375,0.3666666670000001,0.6333333329999999,0,46.66666667,0.0,0.736842105,7.333333333,0
1,7,463,8530,0,4,9268,0.995680346,0.004319654,0,100.0,0.125,1.0,4.0,0
1,7,271,12,0,8,7130,0.948339483,0.051660517,0,79.10447761,0.0,0.214285714,6.333333333,0
0,4,110,975738,1,9,8706,0.645454545,0.354545455,0,0.0,0.0,0.153846154,5.0,0
0,8,1041,548,1,10,7795,0.251681076,0.7483189240000001,2,71.42857143,0.099099099,0.0,6.6363636360000005,0
0,5,69,130357,1,8,5974,0.971014493,0.028985507,0,0.0,0.0,0.0,5.2,0
0,4,0,492031,1,10,8569,0.0,0.0,0,0.0,0.016949153,0.0,6.538461538,0
1,6,33,1468,1,8,5904,0.0,1.0,0,0.0,0.0,0.0,4.5,0
1,5,240,67893,1,7,6705,0.6958333329999999,0.304166667,0,100.0,0.050847458,0.0,4.833333333,0
0,2,21,825424,1,0,2415,0.80952381,0.19047619,0,100.0,0.0,0.5,0.0,0
0,5,56,52443,1,10,7336,0.982142857,0.017857143,0,96.77419355,0.0,0.0,6.142857143,0
0,5,75,1613,1,14,6111,0.493333333,0.5066666670000001,0,42.85714286,0.0,0.0,5.0,0
1,6,9,22211,0,3,1338,0.8888888890000001,0.111111111,0,0.0,0.216216216,0.0,3.0,1
1,0,4,5828815,1,17,4004,1.0,0.0,0,100.0,0.170542636,0.0,8.142857142999999,1
1,4,130,8902890,0,10,-1,0.884615385,0.115384615,0,21.42857143,0.0,0.133333333,4.666666667,1
0,2,229,213573,1,0,-1,0.873362445,0.126637555,0,87.5,0.0,0.0,0.0,0
0,4,47,569663,1,0,2298,0.446808511,0.553191489,0,30.303030300000003,0.0,0.384615385,0.0,0
0,3,48,2721076,1,11,2135,0.583333333,0.4166666670000001,0,58.62068966,0.0,0.05,6.4,0
0,5,56,21833,0,9,9794,0.25,0.75,0,50.0,0.055045872,0.095238095,5.714285714,0
1,5,6,2404,1,7,12795,1.0,0.0,0,0.0,0.14084507,0.0,5.571428571,0
1,2,3,0,1,15,4897,0.666666667,0.333333333,0,0.0,0.044776119,1.0,6.0,0
1,5,7,0,0,0,7296,0.428571429,0.571428571,0,0.0,0.137931034,0.0,0.0,1
1,2,53,601002,1,10,4917,0.867924528,0.132075472,0,50.0,0.033333333,0.0,6.75,0
1,4,26,0,0,8,6070,0.538461538,0.461538462,2,60.0,0.093023256,0.0,4.666666667,1
1,0,24,0,1,33,-1,1.0,0.0,0,100.0,0.163522013,0.0,13.0,1
1,0,124,0,0,32,244,0.951612903,0.048387097,3,88.0,0.197916667,0.0,8.375,1
0,4,55,260070,1,0,3268,0.945454545,0.054545455,0,96.07843137,0.0,0.333333333,0.0,0
1,0,13,0,1,32,2842,0.7692307690000001,0.230769231,0,0.0,0.154545455,0.0,10.42857143,1
1,2,73,262805,0,7,6932,0.630136986,0.369863014,0,20.0,0.0,0.037037037,4.181818182,1
1,5,22,0,0,0,5615,0.227272727,0.772727273,0,100.0,0.290909091,0.0,0.0,1
1,3,31,6845579,1,10,6977,0.64516129,0.35483871,2,0.0,0.0,0.0,5.0,1
1,4,2,132459,1,4,2290,0.0,1.0,0,0.0,0.038461538,0.0,4.0,1
1,0,103,728078,0,5,7050,0.932038835,0.067961165,1,0.0,0.0,0.285714286,4.0,1
0,2,131,0,1,4,-1,0.977099237,0.022900763,0,66.66666667,0.0,0.333333333,4.0,0
0,7,232,550535,0,9,5228,0.982758621,0.0172413789999999,0,0.0,0.0,0.25,6.333333333,0
1,0,28,0,0,11,5565,0.321428571,0.6785714290000001,0,0.0,0.0,0.105263158,6.285714286,1
0,5,190,988,1,7,7587,0.994736842,0.005263158,0,95.45454545,0.0,0.0,6.0,0
1,0,4,0,0,5,-1,1.0,0.0,1,0.0,0.0,0.0,4.0,1
0,10,52,2,1,11,5636,0.557692308,0.442307692,0,0.0,0.046511628,0.0,5.666666667,0
1,0,47,0,0,0,-1,1.0,0.0,0,100.0,0.186440678,0.0,0.0,1
1,2,12,4189860,0,32,2996,0.916666667,0.083333333,0,0.0,0.215053763,0.0,13.4,1
1,0,31,0,0,17,-1,0.483870968,0.516129032,1,0.0,0.373493976,0.4375,10.38461538,1
1,7,413,1695,1,11,7559,0.803874092,0.196125908,0,60.41666667,0.107142857,0.5555555560000001,8.333333332999999,0
0,3,0,512817,1,8,5749,0.0,0.0,0,0.0,0.0,0.0,4.571428571,0
1,0,13,8509505,0,8,431,0.846153846,0.153846154,0,0.0,0.0,0.0,4.285714286,1
1,2,145,1518277,1,6,9018,0.951724138,0.048275862,1,42.85714286,0.0,0.142857143,3.714285714,1
1,1,0,0,0,5,7767,0.0,0.0,0,0.0,0.0,0.0,4.333333333,1
1,0,3,0,0,8,11,1.0,0.0,0,0.0,0.0845070419999999,0.0,6.0,1
1,2,58,377916,0,0,1448,0.948275862,0.051724138,0,0.0,0.115384615,0.666666667,0.0,0
1,2,33,4669,0,5,1546,0.272727273,0.727272727,1,4.347826087,0.054545455,0.125,4.0,1
1,3,0,4769456,0,5,4623,0.0,0.0,0,0.0,0.0,0.0,4.5,1
0,3,184,5512197,0,0,-1,0.97826087,0.02173913,0,25.0,0.0,0.25,0.0,0
1,1,4,0,0,3,361,0.25,0.75,0,0.0,0.177777778,0.0,3.0,1
0,6,55,1639,1,5,2390,0.818181818,0.181818182,0,72.22222222,0.0,0.3,4.0,0
1,6,0,3518,1,9,12766,0.0,0.0,0,0.0,0.093333333,0.0,5.375,0
0,4,190,62321,1,11,-1,0.968421053,0.031578947,1,81.48148148,0.0,0.166666667,8.5,0
1,1,11,0,1,10,90,0.727272727,0.272727273,1,100.0,0.0,0.0,4.857142857,1
1,0,4,0,0,7,845,0.0,1.0,0,0.0,0.0,0.5,5.5,1
0,0,15,0,0,0,379,0.666666667,0.333333333,0,0.0,0.0,0.4,0.0,1
1,5,3,83378,0,0,2295,1.0,0.0,0,0.0,0.0,0.0,0.0,1
0,3,42,0,0,0,4489,0.928571429,0.071428571,1,0.0,0.0,0.0,0.0,1
1,0,664,0,0,64,4759,0.978915663,0.021084337,3,57.89473684,0.27739726,0.142857143,10.86956522,1
1,0,9,0,0,11,1905,1.0,0.0,2,0.0,0.007092199,0.0,6.5,1
0,0,46,0,1,0,3370,0.913043478,0.086956522,0,0.0,0.0,0.0,0.0,0
0,7,72,284,1,8,5053,0.7361111109999999,0.263888889,0,94.11764706,0.195652174,0.0,3.8,0
1,0,7,0,0,29,-1,1.0,0.0,2,0.0,0.160377358,0.0,6.64,1
0,1,36,0,1,0,-1,0.083333333,0.916666667,0,50.0,0.0,0.0,0.0,0
1,4,5,0,0,15,2660,1.0,0.0,1,100.0,0.179775281,0.0,6.666666667,1
0,5,191,315877,0,10,8907,0.947643979,0.052356021,0,63.15789474,0.0,0.6,9.333333333,0
0,5,146,0,1,8,-1,0.8904109590000001,0.109589041,0,100.0,0.0,0.0,7.0,0
0,5,220,2674,0,9,8186,0.668181818,0.331818182,1,69.76744186,0.056603774,0.04109589,4.285714286,0
0,1,23,3786388,1,0,3198,0.52173913,0.47826087,0,75.0,0.0,0.0,0.0,0
1,5,21,0,0,15,5616,0.19047619,0.80952381,0,25.0,0.21875,0.176470588,9.5,1
1,4,20,22640,0,17,8872,0.8,0.2,0,81.81818182,0.0,0.0,7.166666667,0
1,4,232,100014,0,28,2758,0.8491379309999999,0.150862069,0,0.0,0.078431373,0.171428571,10.66666667,0
0,3,344,0,1,0,8766,0.200581395,0.799418605,0,11.70731707,0.0,0.058181818,0.0,0
0,6,246,684,1,7,6260,0.8821138209999999,0.117886179,0,51.61290323,0.0,0.103448276,7.0,0
0,1,210,2122076,1,0,-1,0.995238095,0.004761905,0,100.0,0.0,0.0,0.0,0
0,2,90,307524,1,0,3195,0.211111111,0.7888888890000001,0,0.0,0.0,0.042253521,0.0,0
1,0,304,0,0,18,9,0.986842105,0.013157895,0,98.41897233,0.198019802,0.5,7.625,1
0,2,33,7477432,0,10,-2,0.636363636,0.363636364,0,100.0,0.205128205,0.166666667,6.0,0
1,1,7,0,1,13,-1,1.0,0.0,1,0.0,0.0,0.0,6.0,1
1,0,51,5707171,1,17,3992,1.0,0.0,0,100.0,0.1693548389999999,0.0,7.375,1
0,4,35,271832,1,9,8604,1.0,0.0,0,0.0,0.0,0.0,5.666666667,0
0,5,28,240656,0,61,8591,0.285714286,0.7142857140000001,2,11.11111111,0.242937853,0.3,19.85714286,1
0,5,291,0,0,0,7298,0.4604811,0.5395189,0,56.27530364,0.0,0.579617834,0.0,0
1,0,3,0,1,8,13,1.0,0.0,0,0.0,0.08,0.0,6.0,1
1,3,23,0,0,5,3570,0.304347826,0.695652174,0,60.0,0.0,0.125,4.0,1
1,5,214,0,0,7,7309,0.214953271,0.785046729,0,19.51219512,0.079545455,0.488095238,4.625,1
0,2,105,140193,1,0,2485,0.942857143,0.057142857,0,91.66666667,0.0,0.0,0.0,0
0,5,100,18753,0,7,9766,0.99,0.01,0,100.0,0.076923077,0.0,6.666666667,0
0,4,132,13917,1,8,2742,0.931818182,0.0681818179999999,0,22.22222222,0.0,0.0,7.2,0
1,5,642,181546,1,13,6634,0.672897196,0.327102804,0,2.222222222,0.0,0.119047619,10.0,0
1,6,132,435135,1,9,3841,0.659090909,0.340909091,0,98.48484848,0.0,0.044444444,4.125,0
0,0,28,0,0,0,4205,1.0,0.0,0,100.0,0.0,0.0,0.0,1
0,5,219,845679,1,7,4299,0.6529680370000001,0.3470319629999999,0,42.85714286,0.087719298,0.210526316,5.4,0
0,4,61,2703192,1,0,8487,0.655737705,0.344262295,0,45.45454545,0.0,0.047619048,0.0,0
1,0,1,0,0,9,2421,1.0,0.0,0,0.0,0.018181818,0.0,5.4,1
1,1,0,81401,0,9,1819,0.0,0.0,0,0.0,0.133333333,0.0,9.0,1
1,3,11,4365,0,10,1953,0.090909091,0.909090909,0,0.0,0.060606061,0.0,10.0,1
1,3,3,407034,1,11,5314,0.666666667,0.333333333,0,100.0,0.0,0.0,7.666666667,0
1,2,5,0,0,8,7817,1.0,0.0,0,0.0,0.0,0.0,6.5,1
1,2,23,0,0,0,804,1.0,0.0,0,100.0,0.083333333,0.0,0.0,1
1,0,4,0,1,43,870,0.0,1.0,1,0.0,0.222972973,0.0,7.066666667000001,1
1,3,1,17964,1,7,7083,0.0,1.0,0,0.0,0.0,0.0,6.0,1
0,3,119,0,0,0,-1,0.932773109,0.067226891,0,33.33333333,0.105263158,0.0,0.0,0
1,5,0,0,0,8,5627,0.0,0.0,0,0.0,0.104651163,0.0,8.0,1
0,5,77,2190,0,11,7616,0.597402597,0.402597403,0,65.625,0.0,0.064516129,6.25,0
0,2,56,2660343,1,4,2122,0.928571429,0.071428571,0,75.0,0.0,0.75,3.5,1
1,0,51,5707171,1,17,3992,1.0,0.0,0,100.0,0.153225806,0.0,7.375,1
1,4,340,32633,0,5,7119,0.4941176470000001,0.505882353,0,81.94444444,0.040816327,0.069767442,3.25,0
1,10,1,1,0,17,8348,0.0,1.0,2,0.0,0.041666667,0.0,10.5,1
1,6,19,6032,0,22,5660,0.421052632,0.578947368,0,100.0,0.201219512,0.0,6.0,1
0,5,110,3204,0,10,6168,0.9,0.1,0,21.42857143,0.038961039,0.363636364,6.428571429,0
1,0,32,0,0,10,759,0.40625,0.59375,3,5.263157895,0.0,0.421052632,4.777777778,1
1,0,12,842411,0,4,1736,0.833333333,0.166666667,0,0.0,0.0,0.0,3.5,1
0,0,29,6428932,1,0,2402,1.0,0.0,0,100.0,0.0,0.0,0.0,1
1,5,14,0,0,0,7295,0.071428571,0.928571429,0,14.28571429,0.023255814,0.846153846,0.0,1
0,3,0,0,1,0,1876,0.0,0.0,0,0.0,0.0,0.0,0.0,0
1,0,3,0,1,15,1407,0.666666667,0.333333333,1,0.0,0.057971014,0.0,5.5,1
1,1,0,6139067,0,0,2642,0.0,0.0,0,0.0,0.0,0.0,0.0,1
1,5,6,566894,1,8,8915,0.0,1.0,0,0.0,0.025,0.0,5.875,0
1,10,10,1,0,31,8346,0.0,1.0,1,0.0,0.142857143,0.0,8.2,1
0,3,80,215794,1,0,-1,0.975,0.025,0,50.0,0.0,1.5,0.0,0
0,3,152,105280,1,0,-1,0.375,0.625,0,9.375,0.0,0.726315789,0.0,0
1,5,68,13712,1,9,3928,0.661764706,0.338235294,0,100.0,0.0,0.0,6.333333333,0
1,1,0,0,0,4,6715,0.0,0.0,0,0.0,0.0,0.0,4.0,1
0,5,255,14411,0,8,6072,0.639215686,0.360784314,0,10.71428571,0.0,0.086956522,6.0,0
0,3,145,953722,1,0,-1,0.972413793,0.027586207,0,100.0,0.0,0.0,0.0,0
1,0,4,0,0,28,1834,1.0,0.0,0,100.0,0.119047619,0.0,28.0,1
0,7,0,5269,1,11,6828,0.0,0.0,0,0.0,0.0,0.0,6.384615385,0
0,5,13,519609,0,8,5640,0.7692307690000001,0.230769231,1,0.0,0.0,1.0,5.875,0
0,6,56,814,0,7,8050,0.6785714290000001,0.321428571,0,18.75,0.092592593,0.611111111,5.4,0
1,0,2,0,0,5,5657,1.0,0.0,1,0.0,0.0,0.0,5.0,1
1,6,244,2014,1,8,7872,0.725409836,0.274590164,1,8.510638298,0.123076923,0.179104478,4.571428571,0
0,3,221,3276486,1,0,-1,0.990950226,0.009049774,0,100.0,0.0,0.0,0.0,0
0,4,205,36441,1,0,-1,0.824390244,0.175609756,0,40.0,0.0,0.083333333,0.0,0
1,2,21,4641,0,0,1535,0.857142857,0.142857143,0,0.0,0.1578947369999999,0.0,0.0,1
0,6,175,12516,1,10,8146,0.64,0.36,0,44.44444444,0.0,0.142857143,6.142857143,0
1,2,103,3782353,0,0,7021,0.932038835,0.067961165,0,0.0,0.0,0.285714286,0.0,1
1,6,0,6293,0,8,9229,0.0,0.0,0,0.0,0.090909091,0.0,4.25,0
1,3,1,18105,0,0,7087,0.0,1.0,0,0.0,0.026315789,0.0,0.0,1
0,7,60,0,0,0,5232,0.983333333,0.016666667,0,100.0,0.0,0.0,0.0,1
0,2,28,0,1,0,-1,0.571428571,0.428571429,0,12.5,0.0,0.0,0.0,0
0,5,34,4168,1,5,9237,0.852941176,0.147058824,0,100.0,0.0,0.0,5.0,0
0,0,7,0,0,40,731,0.571428571,0.428571429,0,0.0,0.104477612,0.0,40.0,1
0,5,27,52179,1,5,7441,0.8888888890000001,0.111111111,1,25.0,0.19047619,0.0,3.5,0
1,7,0,1000,1,13,12125,0.0,0.0,0,0.0,0.0081300809999999,0.0,3.47826087,0
1,4,3,3274515,0,0,7861,1.0,0.0,0,0.0,0.0,0.0,0.0,1
0,5,0,37568,1,10,-1,0.0,0.0,0,0.0,0.0,0.0,8.1,0
1,0,33,0,0,7,31,0.03030303,0.96969697,1,0.0,0.018518519,0.21875,5.25,1
1,5,1,155300,1,10,8907,1.0,0.0,0,0.0,0.075,0.0,5.25,0
0,5,0,7508,0,9,7574,0.0,0.0,0,0.0,0.0,0.0,6.4,0
0,3,108,0,1,0,5547,0.046296296,0.953703704,0,0.0,0.0,0.019417476,0.0,0
1,0,18,0,0,4,2,0.5555555560000001,0.444444444,0,25.0,0.205128205,0.625,4.0,1
1,3,503,1843206,0,6,2032,0.011928429,0.988071571,0,4.166666667,0.0,0.016096579,6.0,1
0,4,29,780517,0,9,4654,0.310344828,0.689655172,0,42.85714286,0.023255814,0.05,4.666666667,0
1,6,8,22211,0,0,1338,1.0,0.0,0,0.0,0.071428571,0.0,0.0,1
1,3,99,113335,1,0,6863,0.8787878790000001,0.121212121,0,40.0,0.064516129,0.083333333,0.0,0
0,6,168,12516,1,4,8147,0.636904762,0.363095238,0,57.14285714,0.0,0.147540984,3.0,0
1,5,16,12395,0,11,6079,0.25,0.75,0,0.0,0.0,0.916666667,11.0,1
0,10,148,8,1,10,8516,0.364864865,0.635135135,0,100.0,0.0,0.0,10.0,0
0,6,91,2595,1,6,8046,0.912087912,0.087912088,0,70.0,0.0,0.0,3.25,0
1,0,4,0,0,3,-1,1.0,0.0,0,100.0,0.0,0.0,3.0,1
0,6,2,710503,0,16,1079,1.0,0.0,0,0.0,0.0,0.0,5.625,1
1,2,30,0,0,32,5767,0.966666667,0.033333333,0,100.0,0.311688312,0.0,14.66666667,1
1,0,30,0,0,15,-1,1.0,0.0,4,100.0,0.1363636359999999,0.0,4.8,1
0,2,76,140970,1,8,1364,0.947368421,0.052631579,0,99.09090909,0.0,0.0,5.2,0
1,0,58,4514903,0,2,819,0.844827586,0.155172414,0,58.82352941,0.0,0.222222222,2.0,1
0,6,356,2442573,1,4,-1,0.893258427,0.106741573,1,93.93939394,0.032258065,0.026315789,2.333333333,0
1,0,51,5697976,0,15,3992,1.0,0.0,0,100.0,0.092105263,0.0,8.5,1
0,5,0,21,0,22,9338,0.0,0.0,0,0.0,0.1372549019999999,0.0,10.0,1
0,7,298,122,1,9,9284,0.788590604,0.211409396,0,73.68421053,0.0,0.079365079,4.0,0
0,3,19,122153,1,7,-2,0.894736842,0.105263158,0,50.0,0.0,0.0,4.8,0
1,0,4,5828815,0,17,4004,1.0,0.0,0,100.0,0.112,0.0,8.142857142999999,1
0,4,76,1508161,1,12,3047,0.434210526,0.565789474,0,21.42857143,0.078947368,0.139534884,5.625,0
0,0,54,0,1,0,1597,0.611111111,0.388888889,0,33.33333333,0.0,0.095238095,0.0,0
1,5,81,5290837,1,8,7420,0.901234568,0.098765432,0,38.46153846,0.0,0.0,5.25,0
0,5,82,2190,0,10,7616,0.609756098,0.390243902,0,80.64516129,0.0,0.03125,6.666666667,0
0,6,537,5030,1,6,8017,0.901303538,0.098696462,0,23.07692308,0.0,0.339622642,6.0,0
1,0,21,0,0,0,317,0.666666667,0.333333333,0,0.0,0.065217391,0.0,0.0,1
1,2,3,4800627,0,45,-2,1.0,0.0,0,0.0,0.3935483870000001,0.0,9.076923077,1
0,2,79,6075777,1,0,4177,0.8607594940000001,0.139240506,0,0.0,0.0,0.0,0.0,0
0,5,41,965,0,3,7582,0.243902439,0.7560975609999999,0,0.0,0.0,0.64516129,3.0,0
1,0,103,0,1,17,6831,0.932038835,0.067961165,0,0.0,0.033898305,0.285714286,17.0,1
1,2,31,1211946,0,32,1016,0.032258065,0.967741935,0,0.0,0.234042553,0.1,18.33333333,1
1,1,0,0,0,2,5863,0.0,0.0,1,0.0,0.0,0.0,2.0,1
1,4,95,13900,0,0,3659,0.978947368,0.021052632,0,100.0,0.130434783,0.0,0.0,0
1,5,18,0,0,6,5626,0.5555555560000001,0.444444444,0,25.0,0.257575758,0.625,5.0,1
1,0,4,0,1,15,2618,1.0,0.0,4,100.0,0.139240506,0.0,4.8,1
0,1,156,8154406,0,0,-1,1.0,0.0,0,100.0,0.0,0.0,0.0,0
0,2,15,9524095,1,0,1024,0.666666667,0.333333333,0,75.0,0.0,0.0,0.0,0
1,0,51,5707171,1,17,3993,1.0,0.0,0,100.0,0.195121951,0.0,7.375,1
1,1,31,7645052,0,10,1872,0.870967742,0.129032258,0,100.0,0.0,0.0,4.555555556,1
1,1,11,0,0,32,-1,1.0,0.0,3,0.0,0.152173913,0.0,9.333333333,1
0,5,224,622,0,4,6432,0.928571429,0.071428571,0,76.11940299,0.0,0.25,4.0,0
0,5,335,18440,1,13,9047,0.979104478,0.020895522,0,14.28571429,0.010752688,0.142857143,5.0,0
1,0,0,0,1,0,5205,0.0,0.0,0,0.0,0.0,0.0,0.0,1
1,10,1,1,0,16,8346,0.0,1.0,2,0.0,0.0,0.0,10.0,1
0,2,13,1123024,1,0,3417,0.384615385,0.615384615,0,45.45454545,0.0,0.625,0.0,0
0,4,570,2881378,1,8,-1,0.994736842,0.005263158,0,0.0,0.0,0.0,5.375,0
1,0,18,0,1,4,1,0.8888888890000001,0.111111111,0,50.0,0.0,0.0,2.6,1
1,2,0,0,1,9,418,0.0,0.0,0,0.0,0.0,0.0,6.0,0
1,4,8,0,1,19,3726,1.0,0.0,2,0.0,0.0,0.0,5.833333333,1
0,7,247,2068,1,0,9437,0.809716599,0.190283401,0,50.0,0.0,0.127659574,0.0,0
1,0,16,0,1,11,3083,1.0,0.0,0,100.0,0.0,0.0,5.166666667,1
0,4,246,3598004,1,0,7149,0.987804878,0.012195122,0,100.0,0.0,0.0,0.0,0
1,2,5,0,1,64,4872,0.6,0.4,2,0.0,0.425531915,0.0,14.84615385,1
0,3,128,376474,1,0,1891,0.34375,0.65625,0,70.0,0.0,0.05952381,0.0,0
1,0,0,0,1,32,5826,0.0,0.0,0,0.0,0.282352941,0.0,13.0,1
0,4,37,397287,1,0,7456,0.540540541,0.459459459,0,12.5,0.0,0.058823529,0.0,0
1,4,140,33109,0,11,7121,0.792857143,0.207142857,0,76.92307692,0.033333333,0.172413793,6.0,0
1,1,12,943419,0,0,7252,0.0,1.0,0,0.0,0.0,0.583333333,0.0,1
0,0,131,0,0,7,4429,0.992366412,0.007633588,0,85.71428571,0.16,0.0,7.0,1
0,0,51,0,0,0,-1,0.980392157,0.019607843,0,87.5,0.0,1.0,0.0,1
1,3,0,6143932,0,8,2328,0.0,0.0,0,0.0,0.029411765,0.0,4.25,1
0,2,0,0,1,0,2525,0.0,0.0,0,0.0,0.0,0.0,0.0,0
0,4,30,474965,0,0,-1,0.833333333,0.166666667,0,91.66666667,0.0,0.0,0.0,0
0,4,154,129173,1,0,1944,0.74025974,0.25974026,0,56.25,0.0,0.05,0.0,0
0,7,99,628,1,9,7480,0.8787878790000001,0.121212121,0,71.79487179,0.0,0.333333333,7.0,0
1,6,0,889,0,4,5658,0.0,0.0,0,0.0,0.0,0.0,3.666666667,1
0,1,16,44822,0,7,805,0.5,0.5,0,0.0,0.320512821,0.0,3.285714286,1
1,4,16,0,1,9,3848,0.9375,0.0625,0,100.0,0.0,0.0,6.0,1
0,2,28,630249,1,7,4309,0.214285714,0.7857142859999999,0,24.13793103,0.0,0.681818182,6.5,0
1,0,278,0,1,10,759,0.115107914,0.8848920859999999,3,4.04040404,0.0,0.048780488,5.0,1
1,2,181,1483842,0,25,4140,0.972375691,0.027624309,0,90.0,0.028985507,0.4,7.428571429,1
1,5,22,0,0,5,5627,0.181818182,0.818181818,2,25.0,0.056603774,0.277777778,5.0,1
1,0,31,0,0,15,2198,0.548387097,0.451612903,0,0.0,0.306748466,0.428571429,9.538461538,1
0,1,2,686549,0,9,1355,0.5,0.5,0,50.0,0.0,0.0,9.0,1
0,8,81,3357138,0,7,7445,0.395061728,0.604938272,0,86.36363636,0.013888889,0.0,4.714285714,0
1,7,0,1033,0,8,-1,0.0,0.0,0,0.0,0.109090909,0.0,4.0,0
0,6,113,2572,1,4,8044,0.92920354,0.07079646,0,50.0,0.0,0.0,3.5,0
0,5,75,831425,1,0,7912,0.666666667,0.333333333,1,40.0,0.0,0.12,0.0,0
0,4,83,78688,1,0,6437,0.855421687,0.144578313,0,30.0,0.0,0.25,0.0,0
0,4,72,102768,1,0,6954,0.5555555560000001,0.444444444,0,14.28571429,0.0,0.21875,0.0,0
1,1,146,0,0,32,3557,0.267123288,0.732876712,0,26.92307692,0.296875,0.028037383,19.5,1
1,1,1,0,1,9,5062,1.0,0.0,4,0.0,0.0,0.0,5.1,1
1,1,87,0,0,6,7966,0.988505747,0.011494253,0,100.0,0.114285714,0.0,5.0,1
0,6,182,12364,1,12,8145,0.67032967,0.32967033,0,66.66666667,0.0,0.15,7.285714286,0
1,0,4,0,0,10,1852,1.0,0.0,1,100.0,0.061728395,0.0,6.625,1
0,3,132,0,1,0,4839,0.8787878790000001,0.121212121,0,23.07692308,0.0,0.1875,0.0,0
0,0,45,0,0,0,1154,1.0,0.0,0,0.0,0.1578947369999999,0.0,0.0,1
0,0,34,0,0,0,1464,0.558823529,0.441176471,0,71.42857143,0.0,0.066666667,0.0,1
0,5,127,223826,1,0,5807,0.8188976379999999,0.181102362,0,11.76470588,0.0,0.347826087,0.0,0
1,0,31,0,1,5,-1,0.032258065,0.967741935,0,0.0,0.0,0.1,5.0,1
1,6,37,469408,0,5,-1,0.540540541,0.459459459,0,0.0,0.047619048,0.470588235,5.0,1
0,1,0,0,0,32,359,0.0,0.0,1,0.0,0.258426966,0.0,10.6,1
1,2,55,0,1,32,2585,0.636363636,0.363636364,2,44.44444444,0.256097561,0.1,10.8,1
1,0,0,0,0,4,3608,0.0,0.0,0,0.0,0.026315789,0.0,3.5,1
0,3,53,254648,1,0,7061,0.679245283,0.320754717,0,5.8823529410000015,0.08,0.470588235,0.0,0
1,2,0,0,1,7,6302,0.0,0.0,2,0.0,0.0,0.0,4.333333333,1
1,4,19,0,0,34,8019,0.736842105,0.263157895,1,100.0,0.04964539,0.0,7.636363636,1
1,0,64,0,0,32,3205,0.078125,0.921875,0,27.27272727,0.229885057,0.118644068,10.8,1
1,3,7,2070798,0,383,4011,0.571428571,0.428571429,1,0.0,0.122596154,0.0,194.5,1
1,2,1,48274,0,9,-1,1.0,0.0,0,0.0,0.0862068969999999,0.0,5.25,1
1,8,5,114,1,33,5158,0.4,0.6,0,0.0,0.041666667,0.666666667,6.4,0
0,0,141,0,0,0,4870,0.914893617,0.085106383,1,79.48717949,0.0,0.166666667,0.0,1
0,5,76,189868,1,0,3685,0.802631579,0.197368421,0,12.5,0.0,0.533333333,0.0,0
0,2,300,334510,0,0,954,0.993333333,0.0066666669999999,0,96.55172414,0.0,1.0,0.0,0
1,0,0,0,1,10,1083,0.0,0.0,0,0.0,0.0,0.0,4.625,1
1,4,0,0,0,10,4886,0.0,0.0,0,0.0,0.0,0.0,5.5,1
1,3,1,0,0,0,7087,0.0,1.0,0,0.0,0.0,0.0,0.0,1
1,0,0,0,0,2,2729,0.0,0.0,0,0.0,0.0,0.0,2.0,1
1,0,20,0,0,22,168,1.0,0.0,0,0.0,0.152380952,0.0,18.25,1
1,2,87,0,1,8,994,0.505747126,0.494252874,1,37.5,0.0,0.0,7.0,1
1,1,1,0,1,75,-2,1.0,0.0,0,0.0,0.236363636,0.0,40.5,1
1,5,14,0,0,0,7295,0.071428571,0.928571429,0,14.28571429,0.03030303,0.230769231,0.0,1
1,5,117,10654,1,10,8970,0.982905983,0.017094017,0,95.0,0.016666667,0.0,6.6,0
1,0,0,4299359,1,0,70,0.0,0.0,0,0.0,0.076923077,0.0,0.0,1
0,0,38,0,1,0,1080,0.973684211,0.026315789,0,50.0,0.0,1.0,0.0,1
1,0,0,0,0,3,5495,0.0,0.0,0,0.0,0.0,0.0,2.5,1
0,9,166,91,0,10,4673,0.686746988,0.313253012,0,98.61111111,0.0,0.153846154,7.333333333,0
1,2,0,0,0,8,4397,0.0,0.0,2,0.0,0.011363636,0.0,5.666666667,1
0,4,32,332800,0,7,2772,0.59375,0.40625,0,81.25,0.0,0.0,6.0,0
0,4,175,3245904,0,7,-1,0.514285714,0.485714286,1,22.22222222,0.0,0.129411765,7.0,0
0,4,0,811407,1,5,4078,0.0,0.0,0,0.0,0.057142857,0.0,3.5,0
1,3,63,1137979,0,8,3605,0.238095238,0.761904762,1,16.66666667,0.0,0.145833333,7.5,1
0,3,629,2336,0,6,7160,0.923688394,0.0763116059999999,0,73.33333333,0.097560976,0.645833333,4.0,0
0,5,145,13480,1,11,-1,0.972413793,0.027586207,0,76.47058824,0.0,0.0,7.8,0
1,0,0,0,0,12,12,0.0,0.0,0,0.0,0.206896552,0.0,6.0,1
1,0,19,5039553,0,19,2204,0.736842105,0.263157895,0,0.0,0.03968254,0.0,7.307692307999999,1
0,4,30,1181420,1,0,2271,0.6,0.4,0,62.5,0.0,0.25,0.0,0
0,4,59,31388,1,0,-1,0.86440678,0.13559322,0,42.85714286,0.0,0.25,0.0,0
1,0,0,0,0,32,3080,0.0,0.0,0,0.0,0.301886792,0.0,4.857142857,1
1,0,7,0,1,9,5088,0.285714286,0.7142857140000001,0,100.0,0.0,0.0,5.666666667,1
1,0,18,0,1,5,3822,1.0,0.0,1,100.0,0.025641026,0.0,4.333333333,1
1,2,1,0,0,14,4019,1.0,0.0,0,0.0,0.0,0.0,7.5,1
0,3,125,255151,1,6,-1,0.856,0.144,0,37.93103448,0.075,0.0,4.5,0
0,5,145,155617,1,11,7846,0.2,0.8,0,29.41176471,0.0,0.327586207,7.5,0
0,3,127,985551,1,0,3887,0.984251969,0.015748031,0,100.0,0.0,0.0,0.0,0
1,0,0,0,0,0,261,0.0,0.0,0,0.0,0.0,0.0,0.0,1
0,4,125,116234,1,0,-1,0.928,0.072,0,68.42105263,0.0,0.0,0.0,0
1,2,1,4641,0,10,1535,1.0,0.0,0,0.0,0.04109589,0.0,7.2,1
0,4,0,726703,1,2,3291,0.0,0.0,0,0.0,0.0,0.0,2.0,0
0,4,104,303318,0,7,2358,0.971153846,0.028846154,0,95.34883721,0.0,0.666666667,4.0,0
0,5,86,109101,1,11,5636,0.802325581,0.197674419,0,37.5,0.0,0.0,7.5,0
0,4,84,40203,1,0,-1,0.892857143,0.107142857,0,92.72727273,0.04,0.222222222,0.0,0
1,0,0,0,1,10,1639,0.0,0.0,3,0.0,0.054054054,0.0,5.428571429,1
0,5,1,76908,0,5,10262,1.0,0.0,0,0.0,0.132075472,0.0,3.428571429,0
1,5,14,0,0,0,7295,0.071428571,0.928571429,0,14.28571429,0.028571429,0.846153846,0.0,1
0,5,20,0,0,0,7531,0.5,0.5,0,0.0,0.0,0.1,0.0,1
1,0,4,0,1,7,1905,1.0,0.0,3,100.0,0.0,0.0,4.714285714,1
1,7,0,632751,0,13,2521,0.0,0.0,0,0.0,0.104166667,0.0,7.25,1
0,8,237,944,1,11,8756,0.949367089,0.050632911,0,50.0,0.083333333,0.333333333,4.75,0
1,0,33,9795924,0,7,82,0.8787878790000001,0.121212121,0,100.0,0.0,0.0,4.714285714,1
0,1,0,0,0,0,-1,0.0,0.0,0,0.0,0.0,0.0,0.0,1
0,4,171,347090,1,0,-1,0.8830409359999999,0.116959064,0,33.33333333,0.0,0.25,0.0,0
0,1,1,0,0,0,-1,0.0,1.0,0,0.0,0.0,0.0,0.0,1
1,3,7,784159,0,29,-1,1.0,0.0,1,0.0,0.209876543,0.0,8.133333333,1
1,2,58,0,0,5,-1,0.637931034,0.362068966,1,60.0,0.0,0.0,2.666666667,1
0,5,295,20773,1,7,8188,0.955932203,0.044067797,0,73.33333333,0.0,0.076923077,4.5,0
1,2,59,0,1,10,-1,0.86440678,0.13559322,0,0.0,0.0,0.5,5.0,1
1,0,53,0,1,16,1681,0.698113208,0.301886792,3,20.0,0.0,0.1875,7.166666667,1
0,5,211,4087,1,9,7838,0.928909953,0.071090047,0,33.33333333,0.0,0.0,6.0,0
1,5,4,715511,1,9,3150,1.0,0.0,1,100.0,0.16,0.0,4.777777778,0
0,5,166,192737,1,13,2194,0.325301205,0.674698795,0,89.05472637,0.007751938,0.053571429,5.176470588,0
0,10,25,63,0,9,7491,0.52,0.48,0,0.0,0.0,0.0,9.0,0
1,2,4,0,0,6,-1,1.0,0.0,0,100.0,0.029411765,0.0,4.25,1
1,0,73,5008870,1,32,152,0.8904109590000001,0.109589041,0,87.80487805,0.325,0.375,14.0,1
0,7,156,1315,1,8,5133,0.6794871790000001,0.320512821,0,80.0,0.012195122,0.22,4.181818182,0
1,2,9,0,0,8,-1,1.0,0.0,2,0.0,0.023529412,0.0,5.090909091,1
0,4,101,263599,1,0,8416,0.6435643560000001,0.356435644,0,58.49056604,0.0,0.166666667,0.0,0
1,0,4,0,0,17,274,1.0,0.0,0,100.0,0.047169811,0.0,10.14285714,1
1,0,33,0,1,32,2105,0.787878788,0.212121212,0,71.42857143,0.198019802,0.0,13.0,1
0,4,108,1490065,1,0,8360,0.435185185,0.564814815,0,79.16666667,0.0,0.049180328,0.0,0
1,4,0,2299843,0,4,7847,0.0,0.0,0,0.0,0.11627907,0.0,3.5,1
0,3,137,1191539,1,0,-1,0.8759124090000001,0.124087591,0,60.86956522,0.0,0.176470588,0.0,0
1,0,19,0,0,0,-1,1.0,0.0,0,100.0,0.0,0.0,0.0,1
0,4,30,227305,1,0,4366,0.466666667,0.533333333,0,40.0,0.0,0.0625,0.0,0
1,0,46,0,0,31,133,0.913043478,0.086956522,0,100.0,0.048192771,0.0,7.285714286,1
0,7,149,12,0,8,7130,0.953020134,0.046979866,1,58.82352941,0.0,0.428571429,6.5,0
0,4,87,179929,0,0,4544,0.7356321840000001,0.264367816,0,69.23076923,0.0,0.0,0.0,0
1,2,14,0,0,7,7463,0.857142857,0.142857143,0,0.0,0.0375,0.0,4.428571429,0
0,5,139,7022,1,10,9104,0.920863309,0.079136691,0,53.33333333,0.0,0.454545455,4.833333333,0
1,7,0,1001,0,15,12126,0.0,0.0,0,0.0,0.0,0.0,6.666666667,0
0,5,335,54048,1,10,7230,0.865671642,0.134328358,0,58.51063829999999,0.0,0.622222222,5.8,0
1,0,10,0,1,9,736,0.9,0.1,0,0.0,0.45751634,0.0,4.173913043,1
1,0,51,5697976,1,17,3992,1.0,0.0,0,100.0,0.129032258,0.0,7.375,1
1,6,255,600,1,10,7835,0.764705882,0.235294118,0,25.0,0.035714286,0.283333333,7.333333333,0
1,5,16,0,0,0,7295,0.1875,0.8125,1,14.28571429,0.0,0.846153846,0.0,1
0,4,59,10459499,1,0,-1,0.796610169,0.203389831,0,50.0,0.0,0.25,0.0,0
1,4,24,23368,1,11,7529,1.0,0.0,0,100.0,0.115384615,0.0,8.5,1
1,0,0,0,0,0,260,0.0,0.0,0,0.0,0.08,0.0,0.0,1
1,1,45,10213721,1,3,2114,0.6,0.4,1,83.33333333,0.076923077,0.222222222,3.0,1
0,3,101,4899762,1,0,4349,0.920792079,0.079207921,0,33.33333333,0.0,0.0,0.0,0
1,2,15,4429323,0,11,-1,0.666666667,0.333333333,1,0.0,0.089552239,0.2,5.857142857,1
1,3,8,4365,0,10,1953,0.125,0.875,0,0.0,0.242424242,0.0,10.0,1
0,5,211,4087,1,8,7838,0.928909953,0.071090047,0,0.0,0.0,0.0,5.666666667,0
0,6,0,21428,0,8,9256,0.0,0.0,0,0.0,0.086956522,0.0,4.166666667,0
1,0,4,0,0,0,-1,1.0,0.0,0,0.0,0.068965517,0.0,0.0,1
0,3,65,5116671,1,0,1770,0.7538461540000001,0.246153846,0,0.0,0.0,0.25,0.0,0
1,1,85,9421973,0,9,-1,0.105882353,0.8941176470000001,3,100.0,0.044117647,0.0,5.375,1
1,5,122,3883,0,18,8232,0.918032787,0.081967213,0,42.85714286,0.043478261,0.4,8.666666667000001,0
1,7,170,340,0,8,-1,0.994117647,0.005882353,0,100.0,0.111111111,0.0,5.0,0
1,3,6,309153,0,5,8922,0.5,0.5,0,0.0,0.0,0.0,4.0,1
1,5,4,7198651,0,0,5613,0.75,0.25,0,0.0,0.0845070419999999,0.0,0.0,1
0,5,16,10098991,0,0,7296,0.125,0.875,0,57.14285714,0.0,0.214285714,0.0,0
0,10,19,1,0,12,8346,0.6315789470000001,0.368421053,2,100.0,0.0,0.0,8.0,1
1,6,57,11493,0,7,922,0.912280702,0.087719298,0,20.0,0.0,0.0,7.0,1
0,4,31,9169065,1,3,-1,0.935483871,0.064516129,0,100.0,0.0,1.5,3.0,0
0,6,213,181,1,8,5883,0.929577465,0.070422535,0,91.4893617,0.0,0.0,4.2,0
1,2,166,0,0,0,4310,0.234939759,0.7650602409999999,0,29.24528302,0.0,0.212598425,0.0,1
0,5,233,26630,1,0,-1,0.978540773,0.021459227,0,63.63636364,0.0,0.0,0.0,0
1,0,51,5697976,0,15,3992,1.0,0.0,0,100.0,0.105263158,0.0,8.5,1
0,7,289,121,1,10,9285,0.78200692,0.21799308,0,73.68421053,0.0,0.079365079,5.2,0
0,5,268,14411,0,4,6073,0.6753731340000001,0.324626866,0,7.843137255,0.0,0.091954023,3.333333333,0
0,3,163,156067,1,0,8590,0.435582822,0.564417178,0,63.15789474,0.0,0.032608696,0.0,0
0,4,611,11085,1,0,8433,0.839607201,0.160392799,0,31.57894737,0.0,0.102040816,0.0,0
0,6,148,0,0,0,7772,0.209459459,0.7905405409999999,0,25.35211268,0.035714286,0.017094017,0.0,0
0,1,119,0,1,0,3459,0.924369748,0.075630252,0,54.54545455,0.0,0.5555555560000001,0.0,0
1,5,12,0,0,10,7802,0.083333333,0.916666667,2,0.0,0.0,0.454545455,5.285714286,1
1,8,0,0,0,0,5158,0.0,0.0,1,0.0,0.0,0.0,0.0,1
0,3,112,3482258,1,0,5065,0.9375,0.0625,0,66.66666667,0.0,0.428571429,0.0,0
1,2,23,0,0,300,804,1.0,0.0,0,100.0,0.131367292,0.0,53.83333333,1
0,4,439,179070,0,4,6474,0.977220957,0.022779043,0,98.40764331,0.081081081,0.3,3.5,0
0,4,0,1853177,1,8,6670,0.0,0.0,0,0.0,0.047619048,0.0,5.444444444,0
0,6,58,1750280,1,0,7126,0.844827586,0.155172414,0,83.33333333,0.038461538,0.111111111,0.0,0
1,0,51,5697976,0,17,3992,1.0,0.0,0,100.0,0.171875,0.0,7.375,1
0,7,427,12,0,6,7131,0.943793911,0.056206089,0,61.29032258,0.0,0.333333333,4.666666667,0
1,0,1,0,0,32,144,1.0,0.0,0,0.0,0.2625,0.0,10.6,1
0,2,174,3186945,0,0,2421,0.954022989,0.045977011,0,81.25,0.0,0.0,0.0,0
0,4,68,311774,1,9,-1,0.75,0.25,0,47.36842105,0.0,0.235294118,5.222222222,0
1,3,70,1578580,1,0,1137,0.528571429,0.471428571,0,31.57894737,0.0,0.060606061,0.0,0
1,2,1,5961020,1,0,2389,1.0,0.0,0,100.0,0.0,0.0,0.0,0
1,1,32,0,1,7,4396,0.125,0.875,0,6.666666667,0.0,0.5,5.25,1
1,0,1,0,0,25,-1,1.0,0.0,1,0.0,0.316326531,0.0,5.571428571,1
1,7,17,289,1,13,7423,0.0,1.0,0,0.0,0.0,0.0,6.428571429,0
1,2,22,0,1,7,2300,0.545454545,0.454545455,2,60.0,0.092307692,0.0,4.166666667,1
1,5,124,1303460,1,12,7371,0.7419354840000001,0.258064516,0,72.15189873,0.0,0.71875,6.0,0
1,6,264,606,1,10,7838,0.75,0.25,0,25.0,0.035087719,0.242424242,7.666666667,0
1,0,0,0,1,32,-1,0.0,0.0,0,0.0,0.311688312,0.0,17.33333333,1
1,0,33,0,1,32,2105,0.787878788,0.212121212,0,71.42857143,0.178217822,0.0,13.0,1
1,0,11,0,0,30,1015,1.0,0.0,1,100.0,0.265432099,0.0,8.466666667,1
1,0,3,0,1,9,1707,1.0,0.0,0,0.0,0.0,0.0,5.666666667,1
0,4,84,257184,1,0,2687,0.6190476189999999,0.380952381,0,0.0,0.0,0.0625,0.0,0
0,5,49,505901,0,12,-1,0.244897959,0.7551020409999999,0,30.95238095,0.0,0.567567568,7.857142857,0
0,2,36,355294,0,0,-1,0.583333333,0.4166666670000001,0,53.84615385,0.0,0.2,0.0,0
0,3,9,322560,0,12,7300,1.0,0.0,0,0.0,0.072727273,0.0,8.5,1
1,0,33,0,1,32,2105,0.787878788,0.212121212,0,71.42857143,0.148514851,0.0,13.0,1
1,2,1,0,0,9,2024,1.0,0.0,2,0.0,0.014705882,0.0,4.1,1
0,10,52,2,1,11,5636,0.557692308,0.442307692,0,0.0,0.069767442,0.0,5.666666667,0
0,1,377,0,1,0,-1,0.968169761,0.031830239,0,27.27272727,0.0,0.083333333,0.0,0
0,5,13,1743645,0,0,7298,0.230769231,0.7692307690000001,0,75.0,0.0,0.3,0.0,0
0,3,53,2007975,1,0,1829,0.830188679,0.169811321,0,0.0,0.0,0.333333333,0.0,0
0,8,207,2386367,0,0,7448,0.304347826,0.695652174,0,15.2,0.0,0.298611111,0.0,0
0,4,227,412706,1,0,5938,0.925110132,0.074889868,0,66.66666667,0.0,0.176470588,0.0,0
1,0,51,5707171,0,17,3993,1.0,0.0,0,100.0,0.144,0.0,8.142857142999999,1
1,0,19,0,1,24,1639,0.684210526,0.315789474,4,40.0,0.201219512,0.166666667,6.555555556,1
1,4,883,38097,1,11,7211,0.973952435,0.026047565,0,55.55555556,0.012048193,0.130434783,6.375,0
0,8,56,0,0,0,7449,0.196428571,0.8035714290000001,0,100.0,0.0,0.0,0.0,0
0,0,0,0,0,12,199,0.0,0.0,0,0.0,0.222222222,0.0,8.333333332999999,1
1,5,14,0,0,0,7295,0.071428571,0.928571429,0,14.28571429,0.1875,0.230769231,0.0,1
1,0,1,0,0,8,59,1.0,0.0,0,0.0,0.012987013,0.0,4.666666667,1
0,8,120,0,0,16,7448,0.625,0.375,0,100.0,0.091954023,0.0,5.333333333,0
1,5,14,0,0,0,7295,0.071428571,0.928571429,0,14.28571429,0.03030303,0.846153846,0.0,1
0,4,39,2199484,1,8,5555,1.0,0.0,0,100.0,0.0,0.0,5.5,0
1,5,39,0,0,7,7298,0.179487179,0.8205128209999999,0,15.38461538,0.126315789,0.25,4.625,1
0,3,212,1394111,1,0,7371,0.995283019,0.0047169809999999,0,75.0,0.0,0.0,0.0,0
1,2,455,0,0,7,5444,0.378021978,0.6219780220000001,0,37.40648379,0.081081081,0.038869258,5.0,0
0,6,87,1429,1,5,9328,0.8735632179999999,0.126436782,0,54.54545455,0.0,0.363636364,5.0,0
1,0,10,0,0,12,-2,0.6,0.4,0,50.0,0.0,0.25,5.6,1
1,7,145,812,0,11,12539,0.772413793,0.227586207,0,35.29411765,0.051546392,0.0,6.7,0
1,5,15,0,0,0,7296,0.0,1.0,0,0.0,0.117647059,0.0,0.0,1
0,6,59,724,0,12,9318,0.8813559320000001,0.118644068,0,50.0,0.0,0.285714286,6.0,0
1,3,8,4365,0,10,1953,0.125,0.875,0,0.0,0.151515152,0.0,10.0,1
0,0,36,0,1,0,-1,0.8888888890000001,0.111111111,0,0.0,0.0,0.0,0.0,0
0,4,154,210462,0,11,3263,0.415584416,0.5844155839999999,0,72.72727273,0.0,0.022222222,7.25,0
1,3,75,2272,0,11,7156,0.906666667,0.093333333,0,100.0,0.0862068969999999,0.0,7.666666667,0
0,2,131,32190,1,0,6640,0.06870229,0.93129771,0,75.67567568,0.0,0.024590164,0.0,0
1,1,32,0,0,9,3052,0.875,0.125,1,0.0,0.2625,0.25,5.55,1
1,2,190,196674,0,12,-2,0.915789474,0.084210526,0,90.56603774,0.307692308,0.125,8.0,0
1,5,96,2895,1,10,4491,0.9375,0.0625,0,72.72727273,0.0,0.0,5.6,0
1,0,51,5707171,1,17,3993,1.0,0.0,0,100.0,0.178861789,0.0,7.375,1
1,0,0,0,0,4,-2,0.0,0.0,0,0.0,0.0,0.0,3.5,1
1,2,1,0,0,8,1853,1.0,0.0,2,0.0,0.0161290319999999,0.0,4.714285714,1
0,3,48,0,1,0,-1,0.291666667,0.708333333,0,75.0,0.0,0.029411765,0.0,0
1,0,12,0,0,14,-1,0.333333333,0.666666667,1,0.0,0.059701493,0.375,9.25,1
1,0,503,0,1,40,798,0.011928429,0.988071571,0,4.166666667,0.237288136,0.016096579,8.7,1
1,8,0,385,0,7,7448,0.0,0.0,0,0.0,0.108433735,0.0,4.875,0
0,6,55,1652,1,14,2391,0.854545455,0.145454545,0,72.22222222,0.0,0.375,8.0,0
0,5,118,6171,1,10,6302,0.974576271,0.025423729,0,0.0,0.0,0.0,5.75,0
1,7,142,609,0,6,11556,1.0,0.0,0,100.0,0.241935484,0.0,3.875,0
0,5,11,23773,0,0,1891,0.636363636,0.363636364,0,0.0,0.0,0.0,0.0,0
0,1,12,0,0,0,817,0.75,0.25,0,100.0,0.0,0.0,0.0,0
1,8,177,23,0,9,10674,0.8813559320000001,0.118644068,0,67.85714286,0.0,0.142857143,7.666666667,0
1,6,6,0,0,5,8927,1.0,0.0,0,0.0,0.066666667,0.0,3.333333333,1
0,5,116,219997,1,0,-1,0.948275862,0.051724138,0,62.5,0.0,0.166666667,0.0,0
0,0,11,0,1,5,4165,0.636363636,0.363636364,0,0.0,0.0,1.0,5.0,1
1,0,16,0,1,8,4648,0.9375,0.0625,0,100.0,0.0,0.0,6.0,1
0,9,14,3536,0,7,-1,1.0,0.0,0,0.0,0.047619048,0.0,7.0,1
1,6,9,22211,0,8,1338,0.8888888890000001,0.111111111,0,0.0,0.047619048,0.0,6.0,1
1,0,37,0,0,5,-1,0.972972973,0.027027027,0,50.0,0.314285714,0.0,3.142857143,1
0,4,26,0,0,31,8019,0.115384615,0.884615385,0,0.0,0.071428571,0.0,8.7,1
1,1,24,0,0,0,7174,0.0,1.0,0,0.0,0.0,0.333333333,0.0,1
1,0,51,5707171,0,15,3993,1.0,0.0,0,100.0,0.065789474,0.0,8.5,1
1,5,21,0,0,4,5616,0.19047619,0.80952381,0,25.0,0.274509804,0.176470588,3.5,1
1,2,4,0,1,9,2022,1.0,0.0,0,100.0,0.0,0.0,6.75,1
0,6,219,689,1,7,6257,0.867579909,0.132420091,0,51.61290323,0.0,0.068965517,7.0,0
0,2,14,69514,0,0,-1,1.0,0.0,0,0.0,0.0,0.0,0.0,0
0,5,132,10724,1,11,7519,0.803030303,0.196969697,0,60.0,0.0,0.038461538,7.25,0
1,2,0,37229,0,32,959,0.0,0.0,3,0.0,0.28,0.0,9.285714286,1
1,5,269,62972,0,4,7623,0.423791822,0.576208178,0,0.64516129,0.125,0.664516129,4.0,0
0,1,18,2368887,0,10,5257,0.222222222,0.7777777779999999,0,84.61538462,0.0,0.142857143,7.625,0
1,1,104,9421973,0,8,-1,0.153846154,0.846153846,3,100.0,0.044776119,0.0,5.25,1
1,8,346,114,1,7,5157,0.988439306,0.011560694,0,96.15384615,0.044444444,0.75,6.666666667,0
1,0,5,0,1,64,1847,0.8,0.2,1,0.0,0.469026549,0.0,17.0,1
0,6,48,6798,0,9,5001,0.541666667,0.458333333,0,73.4375,0.109589041,0.318181818,4.888888889,0
1,5,21,0,0,7,5615,0.19047619,0.80952381,2,25.0,0.177419355,0.176470588,4.5,1
0,5,202,36113,1,0,-1,0.96039604,0.03960396,0,72.72727273,0.0,0.625,0.0,0
1,3,0,72947,0,12,-1,0.0,0.0,2,0.0,0.0,0.0,6.0,1
0,5,311,317,1,10,9186,0.778135048,0.221864952,0,1.470588235,0.0,0.0144927539999999,8.0,0
1,5,19,0,0,67,5612,0.6315789470000001,0.368421053,0,100.0,0.120805369,0.0,20.6,1
0,5,44,0,0,0,7298,0.204545455,0.795454545,0,21.42857143,0.1,0.2,0.0,0
0,10,111,8,1,9,8519,0.378378378,0.621621622,0,100.0,0.0,0.0,9.0,0
0,7,200,12,0,8,7134,0.96,0.04,0,63.63636364,0.0,0.5,6.333333333,0
1,2,12,0,0,6,4846,0.333333333,0.666666667,1,0.0,0.0,0.0,4.75,1
1,2,7,0,0,92,2614,0.571428571,0.428571429,0,0.0,0.118811881,0.0,57.66666667,1
1,3,0,2251515,0,9,597,0.0,0.0,2,0.0,0.123076923,0.0,5.4,1
0,5,137,6377,0,17,7805,0.510948905,0.489051095,0,8.571428571,0.0,0.044776119,6.555555556,0
1,1,96,1038201,0,5,3320,0.989583333,0.010416667,0,100.0,0.042553191,0.0,4.333333333,1
1,0,9,0,0,8,1792,1.0,0.0,0,0.0,0.035087719,0.0,6.5,1
1,0,200,0,0,0,-1,0.135,0.865,0,7.142857143,0.0,0.034682081,0.0,1
0,4,324,89130,1,10,8075,0.978395062,0.021604938,0,57.14285714,0.0,0.142857143,7.0,0
1,0,0,0,0,10,5375,0.0,0.0,0,0.0,0.103448276,0.0,6.5,1
1,10,1,1,0,24,8348,0.0,1.0,2,0.0,0.163636364,0.0,14.0,1
1,2,0,0,0,13,3032,0.0,0.0,0,0.0,0.0821917809999999,0.0,5.428571429,1
0,8,124,0,0,9,7446,0.612903226,0.387096774,0,100.0,0.095744681,0.041666667,4.545454545,0
1,1,4,0,1,15,3403,1.0,0.0,3,100.0,0.025806452,0.0,6.8125,1
1,2,84,2979260,0,64,1496,0.964285714,0.035714286,1,97.46835443,0.376237624,0.0,15.45454545,1
0,5,243,3741,1,11,5749,0.761316872,0.238683128,0,60.0,0.0,0.103448276,6.666666667,0
0,10,13,72,1,8,6472,0.384615385,0.615384615,0,100.0,0.0,0.0,5.333333333,0
0,3,10,4852003,1,0,8001,0.1,0.9,0,0.0,0.0,1.0,0.0,0
0,4,74,218434,1,0,3734,0.554054054,0.445945946,0,84.61538462,0.0,0.0,0.0,0
0,5,45,1139933,1,9,4174,0.688888889,0.311111111,0,58.82352941,0.101265823,0.285714286,5.571428571,0
0,6,120,690,1,8,9204,0.7666666670000001,0.233333333,0,24.24242424,0.0,0.357142857,7.0,0
0,2,27,0,1,0,-1,0.925925926,0.074074074,0,0.0,0.0,0.0,0.0,0
1,0,53,8794781,1,12,-1,1.0,0.0,0,0.0,0.0,0.0,7.5,1
1,2,42,0,1,10,2058,0.80952381,0.19047619,4,20.0,0.042372881,0.5,6.6363636360000005,1
0,7,600,12,0,10,7133,0.968333333,0.031666667,0,70.76923077,0.0,0.526315789,7.25,0
1,0,15,0,0,0,77,0.466666667,0.533333333,0,100.0,0.0,0.0,0.0,1
0,2,0,0,1,11,4235,0.0,0.0,0,0.0,0.0,0.0,7.0,0
1,0,8,63985,0,0,104,1.0,0.0,0,0.0,0.0,0.0,0.0,1
1,0,0,0,0,5,167,0.0,0.0,0,0.0,0.0,0.0,5.0,1
0,5,61,39203,1,11,5311,0.918032787,0.081967213,0,0.0,0.0,0.0,7.5,0
1,4,15,0,0,0,3100,0.066666667,0.933333333,1,50.0,0.0,0.071428571,0.0,1
0,2,18,0,1,5,4335,0.944444444,0.055555556,0,0.0,0.052631579,0.0,3.5,0
1,0,30,0,0,4,-1,0.7,0.3,0,0.0,0.0,0.5555555560000001,3.0,1
0,6,253,183,1,9,5885,0.916996047,0.0830039529999999,0,88.23529412,0.0,0.238095238,5.2,0
1,2,1,0,0,0,2837,0.0,1.0,0,0.0,0.0,1.0,0.0,1
1,1,23,0,1,43,4284,0.7826086959999999,0.217391304,2,20.0,0.153846154,0.0,11.63636364,1
0,9,0,24,0,21,-1,0.0,0.0,0,0.0,0.362745098,0.0,4.866666667,1
1,2,0,7115751,1,11,3339,0.0,0.0,1,0.0,0.030769231,0.0,7.0,1
0,1,161,0,1,0,-1,0.98136646,0.01863354,0,57.14285714,0.0,0.0,0.0,0
1,8,130,81,1,8,9684,0.684615385,0.315384615,1,78.57142857,0.0,0.024390244,6.0,0
1,3,10,0,1,7,6667,0.1,0.9,0,0.0,0.0,0.222222222,5.25,1
0,3,72,2091878,1,0,7701,0.8472222220000001,0.152777778,0,0.0,0.0,0.0,0.0,0
1,0,74,0,1,5,5088,0.297297297,0.7027027029999999,0,10.25641026,0.025,0.076923077,4.0,1
1,2,0,0,1,8,4966,0.0,0.0,2,0.0,0.0,0.0,5.75,1
1,3,6,0,0,13,4609,0.333333333,0.666666667,4,0.0,0.0,0.0,5.545454545,1
0,5,213,3990,1,11,7841,0.929577465,0.070422535,0,0.0,0.0,0.066666667,6.6,0
1,6,0,7857,1,10,9619,0.0,0.0,1,0.0,0.0,0.0,5.857142857,0
0,3,31,0,0,0,4492,0.903225806,0.096774194,1,0.0,0.0,0.0,0.0,1
1,1,9,0,0,8,4250,1.0,0.0,0,0.0,0.034482759,0.0,6.0,1
0,5,76,2202,1,16,7197,0.934210526,0.065789474,0,100.0,0.0,0.0,9.5,0
1,5,14,0,0,0,7295,0.071428571,0.928571429,0,14.28571429,0.022727273,0.846153846,0.0,1
0,2,0,428989,1,0,-1,0.0,0.0,0,0.0,0.0,0.0,0.0,0
1,3,14,2264501,0,18,4505,0.857142857,0.142857143,2,100.0,0.0,0.0,8.0,1
0,7,115,12,0,4,7133,0.947826087,0.052173913,0,53.84615385,0.0,0.5,3.333333333,0
0,3,938,684852,1,9,5379,0.986140725,0.013859275,0,91.22807018,0.0779220779999999,0.076923077,6.833333333,0
0,5,63,25822,1,13,5345,1.0,0.0,0,100.0,0.0,0.0,7.6,0
1,5,22,5528499,0,9,5616,0.181818182,0.818181818,1,25.0,0.04109589,0.166666667,4.75,1
1,1,12,943419,0,0,7253,0.0,1.0,0,0.0,0.08,0.583333333,0.0,1
1,3,100,2320,0,8,7159,0.85,0.15,0,73.80952381,0.177777778,0.533333333,5.0,0
0,5,92,3819,0,8,6512,0.336956522,0.663043478,0,0.0,0.0,0.032786885,5.5,0
0,1,32,239539,0,0,2078,0.9375,0.0625,0,100.0,0.107142857,2.0,0.0,1
1,1,12,0,0,6,-1,0.25,0.75,1,0.0,0.0,0.0,5.25,1
1,0,73,0,0,0,691,0.136986301,0.863013699,0,1.666666667,0.0,0.126984127,0.0,1
0,5,482,4967,1,8,9261,0.991701245,0.008298755,0,95.0,0.0,0.25,4.857142857,0
0,1,939,1245486,1,0,1072,0.534611289,0.465388711,1,0.0,0.0,1.922196796,0.0,0
0,0,108,0,1,0,1138,0.5,0.5,0,95.45454545,0.0,0.0,0.0,0
0,5,0,2723,1,9,9227,0.0,0.0,1,0.0,0.010752688,0.0,5.181818182,0
1,0,0,0,1,0,229,0.0,0.0,0,0.0,0.0,0.0,0.0,1
1,0,12,0,0,0,-1,0.166666667,0.833333333,0,0.0,0.0,0.5,0.0,1
1,0,57,0,1,32,254,1.0,0.0,3,100.0,0.164835165,0.0,10.0,1
1,5,14,0,0,0,7295,0.071428571,0.928571429,0,14.28571429,0.029411765,0.230769231,0.0,1
0,5,155,316,1,6,9184,0.55483871,0.44516129,0,1.470588235,0.0,0.028985507,6.0,0
1,2,43,1510715,0,40,134,0.627906977,0.372093023,0,58.33333333,0.120879121,0.3125,9.666666667,1
1,0,0,9894188,0,7,3129,0.0,0.0,0,0.0,0.0,0.0,5.5,1
1,0,98,0,1,5,1850,0.112244898,0.8877551020000001,0,3.333333333,0.0,0.931034483,5.0,1
0,3,335,180784,1,5,1596,0.958208955,0.041791045,0,20.0,0.0,0.0,4.5,0
0,7,39,0,0,0,5232,0.897435897,0.102564103,0,0.0,0.043478261,0.25,0.0,0
0,2,50,7223668,1,0,6091,0.7,0.3,0,83.33333333,0.0,0.2,0.0,0
1,0,0,0,0,10,6615,0.0,0.0,0,0.0,0.0,0.0,9.0,1
1,0,4,0,0,5,-1,1.0,0.0,0,100.0,0.0,0.0,4.8,1
0,3,46,3137054,1,7,8869,0.869565217,0.130434783,0,76.92307692,0.0,0.0,7.0,0
0,4,31,110473,1,6,3724,0.806451613,0.193548387,0,100.0,0.0,0.333333333,5.0,0
0,4,111,2203390,1,10,6989,0.972972973,0.027027027,0,90.0,0.0,0.333333333,10.0,0
0,6,384,8134,0,5,1773,0.979166667,0.020833333,0,79.16666667,0.0,0.625,5.0,0
0,4,49,1084759,1,6,2494,0.224489796,0.775510204,0,16.66666667,0.079545455,0.052631579,3.818181818,0
1,3,0,0,1,17,8733,0.0,0.0,0,0.0,0.091954023,0.0,8.714285713999999,0
0,0,8,0,1,9,4377,0.875,0.125,0,0.0,0.0,0.0,9.0,1
0,4,38,7574859,1,0,1882,0.105263158,0.894736842,0,28.57142857,0.0,0.058823529,0.0,0
1,3,1,18263,0,0,7086,0.0,1.0,0,0.0,0.025,0.0,0.0,1
0,5,119,4191233,1,0,6232,0.941176471,0.058823529,0,50.0,0.0,0.142857143,0.0,0
0,10,30,1,0,16,8349,0.7666666670000001,0.233333333,2,100.0,0.0,0.0,10.0,1
0,5,67,2709,1,8,1925,0.865671642,0.134328358,0,33.33333333,0.0,0.0,5.428571429,0
1,6,52,154327,1,12,10127,0.846153846,0.153846154,0,83.33333333,0.078947368,0.0,7.0,0
1,0,4,5828815,0,17,4003,1.0,0.0,0,100.0,0.15625,0.0,7.375,1
1,0,0,0,0,9,3630,0.0,0.0,0,0.0,0.049180328,0.0,5.833333333,1
0,5,22,29784,0,9,-1,0.545454545,0.454545455,0,66.66666667,0.096385542,0.0,4.727272727,0
1,4,26,0,0,46,8019,0.115384615,0.884615385,0,0.0,0.117647059,0.0,9.833333333,1
1,0,50,0,2,31,-1,1.0,0.0,0,0.0,0.025,0.0,14.72727273,1
0,5,159,3491656,1,0,-1,0.880503145,0.119496855,0,0.0,0.0,0.052631579,0.0,0
0,3,101,0,1,0,3621,0.841584158,0.158415842,0,0.0,0.0,0.625,0.0,0
1,10,55,8,1,13,8519,0.563636364,0.436363636,0,75.0,0.0,0.0,13.0,0
0,6,179,13756,1,10,12561,0.87150838,0.12849162,0,28.57142857,0.0,0.47826087,5.285714286,0
0,1,60,0,1,0,1385,0.833333333,0.166666667,0,11.11111111,0.0,0.6,0.0,0
1,6,382,38929,0,12,-1,0.965968586,0.034031414,0,72.72727273,0.0,0.692307692,6.214285714,0
1,0,0,0,0,13,1426,0.0,0.0,0,0.0,0.188679245,0.0,8.666666667000001,1
1,0,63,0,0,10,-1,0.301587302,0.6984126979999999,0,18.18181818,0.023255814,0.045454545,5.666666667,1
0,2,57,1529081,0,9,2146,0.894736842,0.105263158,0,83.33333333,0.0,0.0,6.0,0
1,4,11,128623,0,54,6752,0.909090909,0.090909091,0,0.0,0.060810811,1.0,8.461538462,1
0,3,21,115241,1,0,2379,0.7142857140000001,0.285714286,0,0.0,0.041666667,0.333333333,0.0,0
0,8,31,0,0,0,5159,0.483870968,0.516129032,0,0.0,0.0,0.625,0.0,0
0,3,61,7449250,1,0,2790,0.786885246,0.213114754,0,0.0,0.0,0.153846154,0.0,0
0,6,8,2419,1,8,6246,0.5,0.5,0,66.66666667,0.0,0.5,5.3,0
1,2,282,1333,0,32,9115,0.021276596,0.978723404,0,1.369863014,0.291666667,0.097826087,14.0,1
0,5,87,2243,1,10,7199,0.942528736,0.057471264,0,100.0,0.0,0.0,6.75,0
1,5,1,20083,0,5,-1,1.0,0.0,0,0.0,0.055555556,0.0,5.0,1
0,5,112,10724,1,10,7520,0.767857143,0.232142857,0,41.17647059,0.0,0.038461538,7.333333333,0
0,4,63,530145,1,6,7768,0.666666667,0.333333333,0,15.38461538,0.0,0.142857143,6.0,0
1,3,6,0,0,13,4609,0.333333333,0.666666667,4,0.0,0.0,0.0,4.785714286,1
0,6,0,6032,0,19,5660,0.0,0.0,0,0.0,0.142857143,0.0,5.055555556,1
0,3,161,2336,0,7,7159,0.97515528,0.02484472,0,100.0,0.0,1.0,4.333333333,0
1,0,85,0,0,2,-1,0.141176471,0.858823529,0,41.66666667,0.0,0.04109589,2.0,1
1,0,4,5828815,0,15,4003,1.0,0.0,0,100.0,0.15942029,0.0,8.5,1
0,4,44,276207,0,9,6974,0.659090909,0.340909091,0,100.0,0.022727273,0.0,6.666666667,0
1,7,50,1006,1,13,12122,0.88,0.12,0,33.33333333,0.032258065,0.0,5.933333332999999,0
0,5,47,0,0,0,7298,0.127659574,0.872340426,0,18.18181818,0.0,0.341463415,0.0,0
1,0,59,0,1,32,243,1.0,0.0,3,100.0,0.21,0.0,8.375,1
0,3,30,0,1,0,7356,0.5,0.5,0,43.75,0.0,0.2,0.0,0
0,2,85,5241816,1,0,1960,0.752941176,0.247058824,0,44.44444444,0.0,0.428571429,0.0,0
1,5,22,0,0,7,5615,0.181818182,0.818181818,3,25.0,0.051724138,0.166666667,4.5,1
0,4,51,0,1,9,3751,0.941176471,0.058823529,0,85.71428571,0.0,0.333333333,5.5,0
0,2,59,494317,1,0,-1,0.576271186,0.423728814,0,69.76744186,0.0,0.32,0.0,0
1,0,37,1961063,0,32,1669,0.0,1.0,0,0.0,0.285714286,0.027027027,8.666666667000001,1
1,0,51,5697976,0,17,3992,1.0,0.0,0,100.0,0.173913043,0.0,8.142857142999999,1
1,0,88,0,1,32,2047,0.897727273,0.102272727,3,85.71428571,0.186915888,0.5555555560000001,9.0,1
1,7,489,12,0,9,7129,0.90593047,0.09406953,0,71.77914109999998,0.0,0.586956522,5.0,0
0,4,124,9868,1,11,4093,0.991935484,0.0080645159999999,0,100.0,0.0,1.0,8.75,0
1,0,0,0,1,0,7,0.0,0.0,1,0.0,0.0,0.0,0.0,1
1,5,52,44417,1,11,-2,0.942307692,0.057692308,0,94.73684211,0.039215686,0.0,8.333333332999999,0
0,5,9,32,0,43,7765,0.0,1.0,0,0.0,0.03030303,0.0,16.83333333,1
1,0,38,0,0,40,253,0.7894736840000001,0.210526316,0,0.0,0.112359551,0.5,9.666666667,1
0,7,97,1310,1,8,5132,0.515463918,0.484536082,0,59.52380952,0.0,0.170212766,5.333333333,0
0,0,441,6050809,0,0,-1,0.963718821,0.036281179,0,99.12536443,0.047619048,0.0625,0.0,0
1,1,0,0,1,2,7040,0.0,0.0,0,0.0,0.043478261,0.0,2.0,1
0,4,22,559318,0,0,5720,1.0,0.0,0,0.0,0.076923077,0.0,0.0,1
0,5,197,93350,1,11,-1,0.7005076140000001,0.299492386,0,22.72727273,0.0,0.305084746,7.666666667,0
0,1,0,903479,1,0,5909,0.0,0.0,0,0.0,0.0,0.0,0.0,0
0,4,153,25176,0,9,1478,0.947712418,0.052287582,0,57.89473684,0.0,0.125,5.75,0
0,0,36,6322841,1,0,171,0.5277777779999999,0.472222222,0,42.85714286,0.054054054,0.117647059,0.0,1
1,0,139,0,1,7,-1,0.863309353,0.136690647,2,88.57142857,0.0,0.0,5.0,1
1,5,116,899,0,6,6605,0.879310345,0.120689655,0,0.0,0.0,0.214285714,4.0,1
1,4,0,3100263,0,149,3378,0.0,0.0,0,0.0,0.181102362,0.0,35.16666667,1
1,0,99,0,1,7,70,0.212121212,0.787878788,1,14.28571429,0.0,0.115384615,5.333333333,1
1,0,41,0,0,6,-1,0.390243902,0.609756098,1,12.5,0.0,0.2,6.0,1
1,2,333,709661,1,7,6156,0.885885886,0.114114114,0,61.53846154,0.0,0.026315789,5.0,0
0,4,1361,241138,1,7,2738,0.997795738,0.002204262,0,90.47619048,0.041666667,0.333333333,3.0,0
1,4,19,0,0,40,8018,0.736842105,0.263157895,0,100.0,0.0625,0.0,7.416666667,1
1,0,59,0,1,32,254,1.0,0.0,3,100.0,0.2,0.0,8.375,1
0,7,533,12,0,12,7131,0.943714822,0.056285178,0,75.40983607,0.0,0.233333333,7.333333333,0
1,0,25,0,0,42,41,0.84,0.16,0,0.0,0.027522936,0.0,9.571428571,1
1,3,24,4166420,0,5,3718,0.5,0.5,0,62.5,0.022727273,0.166666667,4.333333333,1
1,2,45,4669,0,0,1546,0.466666667,0.533333333,0,0.0,0.075,0.083333333,0.0,1
1,3,164,2320,0,6,7159,0.896341463,0.103658537,0,74.0,0.139534884,0.647058824,4.5,0
0,3,297,477855,1,4,-1,0.966329966,0.033670034,0,86.2745098,0.0,0.5,3.333333333,0
1,5,83,0,0,4,5613,0.469879518,0.5301204820000001,0,56.92307692,0.0,0.363636364,4.0,1
1,0,0,2201073,0,4,2139,0.0,0.0,0,0.0,0.0,0.0,4.0,1
1,0,24,0,0,6,-1,0.458333333,0.541666667,0,100.0,0.052631579,0.0,4.0,1
1,2,10,0,0,0,7765,0.9,0.1,0,100.0,0.0,0.0,0.0,1
1,0,0,2745991,0,0,784,0.0,0.0,0,0.0,0.0,0.0,0.0,1
1,1,0,0,0,8,1198,0.0,0.0,0,0.0,0.0,0.0,8.0,1
0,6,88,621,1,0,8153,0.8636363640000001,0.1363636359999999,0,20.0,0.0,0.083333333,0.0,0
0,1,118,2030898,0,10,2157,0.855932203,0.144067797,2,0.0,0.0,0.529411765,6.555555556,0
0,6,32,6711,0,10,5000,0.8125,0.1875,0,50.0,0.0,0.0,5.8,0
0,3,90,628506,0,0,7962,0.944444444,0.055555556,0,100.0,0.0,0.0,0.0,0
0,5,13,6496,0,0,5445,0.692307692,0.307692308,0,0.0,0.0,0.0,0.0,0
0,6,322,660,1,6,6858,0.8447204970000001,0.155279503,0,17.85714286,0.02,0.04,4.0,0
1,2,1,8152853,0,5,4562,1.0,0.0,0,0.0,0.0,0.0,4.666666667,1
1,2,19,4639,0,5,1547,0.315789474,0.684210526,1,80.0,0.069767442,0.0,4.0,1
0,5,76,78856,0,12,-1,0.973684211,0.026315789,0,50.0,0.0,1.0,8.5,0
0,5,125,379,1,10,5046,0.944,0.056,0,91.52542373,0.0,0.142857143,6.25,0
1,0,4,0,0,143,3815,0.25,0.75,0,0.0,0.169950739,1.0,36.3,1
1,5,94,2873,1,13,4487,0.936170213,0.063829787,0,70.0,0.0,0.0,8.0,0
1,0,10,0,0,0,1298,0.1,0.9,0,0.0,0.0,0.5555555560000001,0.0,1
0,2,137,0,1,0,-1,0.7956204379999999,0.204379562,0,10.0,0.0,0.0,0.0,0
1,2,3,326702,0,32,-1,1.0,0.0,0,0.0,0.258426966,0.0,14.66666667,1
1,0,12,0,0,13,118,0.333333333,0.666666667,2,0.0,0.0,1.0,6.0,1
1,7,15,0,0,0,6342,0.8666666670000001,0.133333333,0,0.0,0.0,0.0,0.0,1
1,2,0,0,0,2,3360,0.0,0.0,0,0.0,0.0,0.0,2.0,1
1,2,7,7232787,0,7,7967,1.0,0.0,0,0.0,0.0,0.0,5.666666667,1
1,4,11,0,0,33,8018,0.272727273,0.727272727,0,0.0,0.183673469,0.0,9.416666667,1
0,0,0,0,0,5,4216,0.0,0.0,3,0.0,0.0,0.0,3.0,1
0,7,146,13,0,3,9320,0.698630137,0.301369863,0,0.0,0.0,0.090909091,1.666666667,0
0,4,98,137827,1,0,4316,0.591836735,0.408163265,0,21.42857143,0.0,0.075,0.0,0
1,0,50,0,1,10,1841,0.12,0.88,0,0.0,0.0,0.0,8.5,1
0,4,295,548264,1,0,7810,0.925423729,0.074576271,0,10.0,0.0,0.090909091,0.0,0
1,2,41,8865136,0,74,419,0.365853659,0.634146341,0,66.66666667,0.242424242,0.076923077,22.7,1
0,2,60,2639880,0,0,-1,0.966666667,0.033333333,0,60.0,0.1,1.0,0.0,0
1,0,0,0,0,5,-1,0.0,0.0,0,0.0,0.0,0.0,5.0,1
0,5,71,34738,1,9,5826,0.915492958,0.0845070419999999,0,0.0,0.0806451609999999,0.166666667,5.166666667,0
1,4,60,93600,1,11,-1,1.0,0.0,0,100.0,0.068965517,0.0,7.25,0
1,8,85,73,0,10,9802,0.458823529,0.541176471,0,100.0,0.115942029,0.0,4.75,0
0,4,19,310424,0,91,3768,0.894736842,0.105263158,1,33.33333333,0.06918239,1.0,18.83333333,1
0,5,178,27711,1,7,8355,0.97752809,0.02247191,0,100.0,0.0,0.0,5.75,0
0,5,6,219006,1,6,8618,1.0,0.0,0,0.0,0.0,0.0,4.666666667,0
1,0,0,10469481,0,11,1238,0.0,0.0,0,0.0,0.0,0.0,5.666666667,1
0,1,13,0,0,0,251,0.692307692,0.307692308,0,100.0,0.055555556,0.0,0.0,0
1,4,192,32633,0,11,7119,0.739583333,0.260416667,0,65.78947368,0.116504854,0.46,6.888888889,0
1,0,19,0,0,7,-1,1.0,0.0,5,100.0,0.0,0.0,4.818181818,1
1,0,12,10288277,0,11,-1,0.166666667,0.833333333,1,100.0,0.018518519,0.0,4.833333333,1
0,5,166,14374,1,4,5908,0.879518072,0.120481928,0,32.14285714,0.025641026,0.1,2.333333333,0
1,0,51,5697976,0,17,3992,1.0,0.0,0,100.0,0.203389831,0.0,8.142857142999999,1
1,0,30,0,0,9,384,0.566666667,0.433333333,2,50.0,0.081395349,0.076923077,5.090909091,1
0,2,2,8156339,0,6,6494,0.0,1.0,0,91.30434783,0.128205128,0.0,4.333333333,0
0,5,151,1492,1,9,7721,0.7350993379999999,0.264900662,0,25.0,0.0,0.075,7.0,0
0,0,0,10745722,0,0,-1,0.0,0.0,0,0.0,0.0,0.0,0.0,0
0,10,52,2,1,6,5639,0.557692308,0.442307692,0,0.0,0.069767442,0.0,3.75,0
0,6,227,181,1,9,5884,0.929515419,0.0704845809999999,0,88.88888889,0.0,0.125,6.0,0
0,0,14,0,1,0,2303,0.571428571,0.428571429,0,57.14285714,0.0,0.0,0.0,1
0,2,43,0,1,0,-1,0.511627907,0.488372093,0,17.64705882,0.0,0.380952381,0.0,0
1,3,0,5918826,0,3,-1,0.0,0.0,0,0.0,0.117647059,0.0,3.0,1
0,0,42,2400373,1,7,7477,0.595238095,0.404761905,0,36.36363636,0.0,0.117647059,5.0,1
0,2,84,1719769,1,0,6483,0.880952381,0.119047619,0,12.5,0.0,0.5,0.0,0
1,2,0,8848199,1,11,-1,0.0,0.0,0,0.0,0.0,0.0,11.0,0
1,0,0,0,1,5,3934,0.0,0.0,0,0.0,0.0,0.0,5.0,1
0,8,26,0,0,0,5160,0.846153846,0.153846154,0,0.0,0.0,0.0,0.0,0
0,4,20,3232633,1,11,8252,0.7,0.3,0,75.0,0.0,0.0,11.0,0
1,6,50,348,0,9,7986,0.48,0.52,0,83.33333333,0.0,0.115384615,7.666666667,0
0,3,16,5471468,1,10,2273,0.5,0.5,0,44.44444444,0.0,0.375,6.333333333,0
1,0,4,0,1,13,-1,1.0,0.0,0,100.0,0.0,0.0,13.0,1
0,8,66,702523,0,1,5158,0.787878788,0.212121212,0,74.07407407,0.0,0.0,1.0,0
0,4,0,117625,1,10,10055,0.0,0.0,0,0.0,0.0,0.0,8.333333332999999,0
0,8,53,1103,1,8,9111,0.773584906,0.226415094,0,38.46153846,0.16,0.583333333,4.875,0
0,5,62,11021,0,7,7830,1.0,0.0,0,100.0,0.0,0.0,4.8,0
1,3,167,2336,0,8,7160,0.886227545,0.113772455,0,75.80645161,0.177777778,0.894736842,5.0,0
0,1,18,426788,0,0,-1,0.277777778,0.7222222220000001,0,100.0,0.0,0.0,0.0,1
1,3,1,17964,0,200,7083,0.0,1.0,0,0.0,0.145522388,0.0,32.42857143,1
0,3,90,3257689,1,0,1424,0.7444444440000001,0.255555556,0,22.22222222,0.0,0.043478261,0.0,0
1,0,22,0,0,64,340,0.954545455,0.045454545,3,100.0,0.336633663,0.0,14.33333333,1
0,2,22,200600,1,2,-1,0.318181818,0.681818182,0,26.66666667,0.0,0.0,2.0,0
0,7,163,148,0,8,9635,0.386503067,0.613496933,0,15.38461538,0.28358209,0.15,4.375,0
1,3,12,0,0,7,-1,0.916666667,0.083333333,1,100.0,0.012987013,0.0,4.444444444,1
0,4,293,486123,1,0,6919,0.863481229,0.1365187709999999,0,0.0,0.0,0.05,0.0,0
1,5,0,40917,0,10,-1,0.0,0.0,0,0.0,0.184615385,0.0,5.333333333,0
0,4,124,265564,0,7,7276,0.959677419,0.040322581,0,80.0,0.0,0.4,5.5,0
1,0,6,10517682,0,3,6362,1.0,0.0,1,0.0,0.0,0.0,3.0,1
0,1,41,507771,0,6,1899,0.8292682929999999,0.1707317069999999,1,0.0,0.047619048,0.142857143,3.4,1
0,5,145,3951236,0,0,6325,0.227586207,0.772413793,0,6.451612902999999,0.0,0.1607142859999999,0.0,0
0,3,90,711870,1,5,-1,0.9,0.1,0,20.0,0.0,0.111111111,4.4,0
1,0,4,5816617,0,17,4003,1.0,0.0,0,100.0,0.2,0.0,7.375,1
1,6,29,19748,0,5,-1,0.931034483,0.068965517,0,0.0,0.111111111,1.0,5.0,1
1,10,10,1,0,33,8348,0.0,1.0,1,0.0,0.071428571,0.0,7.571428571,1
1,0,13,0,0,18,-1,0.923076923,0.076923077,0,100.0,0.35,0.0,5.8,1
0,2,113,0,1,0,7970,0.690265487,0.309734513,0,35.0,0.0,0.228571429,0.0,0
1,0,8,0,1,6,385,0.875,0.125,0,50.0,0.0,1.0,4.5,1
1,0,7,0,0,17,3851,0.285714286,0.7142857140000001,2,0.0,0.0,0.8,9.0,1
1,0,3,7778505,0,7,562,1.0,0.0,1,0.0,0.0,0.0,4.5,1
0,5,39,5474,1,8,3515,0.641025641,0.358974359,0,64.28571429,0.0,0.5,5.6,0
0,10,1,1,0,8,8348,0.0,1.0,2,0.0,0.0,0.0,4.666666667,1
0,3,36,3126876,1,12,5588,1.0,0.0,0,0.0,0.0,0.0,8.0,0
0,5,9,32,0,80,7765,0.0,1.0,0,0.0,0.045454545,0.0,20.6,1
1,3,7,312295,0,4,-1,1.0,0.0,0,0.0,0.026315789,0.0,3.5,1
0,8,268,1380,1,3,4172,0.962686567,0.037313433,0,30.76923077,0.0,0.1,3.0,0
1,6,48,14323,1,9,6882,0.770833333,0.229166667,0,18.18181818,0.0,0.0,6.0,0
1,0,4,5816617,0,17,4003,1.0,0.0,0,100.0,0.159663866,0.0,7.375,1
1,0,13,0,1,6,-1,0.846153846,0.153846154,0,0.0,0.085714286,0.0,4.5,1
0,6,42,1110,0,10,12710,0.904761905,0.095238095,1,20.0,0.052631579,0.75,6.25,0
0,2,98,3114343,1,0,3744,0.653061224,0.346938776,0,0.0,0.0,0.470588235,0.0,0
0,2,34,472704,1,0,-1,0.882352941,0.117647059,0,33.33333333,0.0,0.0,0.0,0
1,5,21,0,0,17,5626,0.19047619,0.80952381,0,25.0,0.153846154,0.294117647,7.666666667,1
0,0,4,0,0,13,-1,1.0,0.0,0,100.0,0.0,0.0,13.0,1
0,4,65,216550,1,4,8896,0.876923077,0.123076923,0,87.27272727,0.0,0.75,2.666666667,0
1,5,0,365546,0,12,-1,0.0,0.0,0,0.0,0.04,0.0,5.833333333,0
1,8,52,50,0,11,12207,0.596153846,0.403846154,0,57.14285714,0.161290323,0.095238095,3.75,0
1,4,62,774723,1,10,3746,0.838709677,0.161290323,0,86.36363636,0.0,0.1,8.333333332999999,0
1,10,30,1,0,54,8347,0.333333333,0.666666667,1,0.0,0.070707071,0.0,11.66666667,1
1,5,105,25271,1,9,6244,0.352380952,0.6476190479999999,1,6.666666667,0.0,0.279411765,7.333333333,0
0,7,399,12,0,10,7133,0.92481203,0.07518797,0,61.53846154,0.051948052,0.6,6.571428571,0
0,4,122,744234,1,0,8268,0.852459016,0.147540984,0,23.52941176,0.0,0.0,0.0,0
1,6,0,6293,0,8,9229,0.0,0.0,0,0.0,0.095238095,0.0,5.666666667,0
1,4,196,17173,0,3,2128,0.596938776,0.403061224,0,66.66666667,0.0,0.037974684,3.0,0
1,0,51,5697976,0,17,3992,1.0,0.0,0,100.0,0.222222222,0.0,8.142857142999999,1
0,6,93,689,0,11,6256,0.956989247,0.043010753,0,93.93939394,0.05952381,0.0,5.857142857,0
1,1,0,0,0,10,3386,0.0,0.0,0,0.0,0.234042553,0.0,3.5,1
1,0,10,0,0,16,62,0.6,0.4,0,50.0,0.019230769,0.25,6.75,1
0,0,0,0,0,6,177,0.0,0.0,0,0.0,0.03030303,0.0,6.0,1
0,0,192,0,1,10,204,1.0,0.0,0,100.0,0.0,0.0,6.2,1
0,5,191,48247,1,0,3738,0.732984293,0.267015707,0,6.25,0.0,0.647058824,0.0,0
0,5,107,156997,1,7,6686,0.8224299070000001,0.177570093,0,20.0,0.0,0.473684211,7.0,0
0,4,175,143585,1,0,6311,0.902857143,0.097142857,0,70.0,0.0,0.235294118,0.0,0
0,5,20,67332,1,0,5307,0.45,0.55,0,46.66666667,0.0,0.181818182,0.0,0
1,0,1,0,0,9,339,1.0,0.0,2,0.0,0.0,0.0,6.0,1
1,2,0,0,1,6,6302,0.0,0.0,1,0.0,0.0,0.0,4.0,1
0,6,78,16979,0,9,5184,0.897435897,0.102564103,0,20.0,0.0,0.75,9.0,0
0,4,0,5550906,1,11,7448,0.0,0.0,0,0.0,0.035714286,0.0,5.0,0
1,5,14,0,0,0,7295,0.071428571,0.928571429,0,14.28571429,0.121212121,0.846153846,0.0,1
0,4,13,596328,1,0,6108,0.7692307690000001,0.230769231,0,0.0,0.0,0.0,0.0,0
0,3,124,400156,1,0,3102,0.556451613,0.443548387,0,0.0,0.0,0.0,0.0,0
1,0,26,0,0,40,2668,1.0,0.0,3,100.0,0.27607362,0.0,9.846153846,1
1,0,17,0,0,43,495,0.529411765,0.470588235,2,50.0,0.186440678,0.125,10.21428571,1
1,2,147,0,0,9,5443,0.156462585,0.843537415,0,11.95652174,0.095238095,0.024193548,4.222222222,0
0,3,44,0,1,0,3306,0.931818182,0.0681818179999999,0,0.0,0.0,0.0,0.0,0
1,3,1,18105,0,0,7087,0.0,1.0,0,0.0,0.0,0.0,0.0,1
0,7,167,2417,1,7,9714,0.479041916,0.520958084,0,12.76595745,0.0,0.218390805,4.75,0
0,7,378,13,0,9,7134,0.886243386,0.113756614,0,66.92307692,0.0,0.395348837,5.333333333,0
0,1,19,4459552,0,11,2761,0.894736842,0.105263158,0,100.0,0.0,0.0,6.428571429,0
1,0,0,0,0,3,7410,0.0,0.0,0,0.0,0.0,0.0,2.5,1
0,5,145,10724,1,10,7519,0.820689655,0.179310345,0,60.0,0.0,0.038461538,8.0,0
0,7,120,7988,1,10,9006,0.966666667,0.033333333,0,76.47058824,0.0,0.75,6.4,0
0,5,40,55983,1,7,5308,0.75,0.25,0,80.0,0.020408163,0.1,4.4,0
0,3,16,9113295,1,0,-2,0.5,0.5,0,12.5,0.0,1.0,0.0,0
1,2,0,0,1,6,-1,0.0,0.0,0,0.0,0.0,0.0,5.0,1
0,5,208,46943,1,9,3530,0.495192308,0.504807692,0,2.564102564,0.048192771,0.1619047619999999,4.777777778,0
0,0,31,0,1,0,246,0.774193548,0.225806452,0,100.0,0.0,0.0,0.0,1
1,0,0,0,1,0,1,0.0,0.0,0,0.0,0.0,0.0,0.0,1
1,2,3,0,1,8,2364,1.0,0.0,3,0.0,0.0,0.0,4.166666667,1
0,5,9,32,0,80,7764,0.0,1.0,0,0.0,0.060606061,0.0,20.6,1
1,0,12,0,0,15,293,0.75,0.25,1,100.0,0.021276596,0.0,6.9,1
1,8,5,114,1,17,5158,0.4,0.6,0,0.0,0.05,0.666666667,4.8,0
0,3,8,0,1,0,6314,0.875,0.125,0,100.0,0.0,0.0,0.0,0
0,2,88,5580350,1,0,1549,0.852272727,0.147727273,0,84.61538462,0.0,0.307692308,0.0,0
1,0,7,0,0,11,-1,0.857142857,0.142857143,0,0.0,0.098039216,1.0,6.333333333,1
1,4,0,1264915,0,7,7834,0.0,0.0,2,0.0,0.0,0.0,5.0,1
0,3,1,790268,1,9,2403,1.0,0.0,0,0.0,0.123287671,0.0,4.333333333,1
1,0,122,0,0,7,-1,0.967213115,0.032786885,0,55.55555556,0.0,0.25,5.0,1
1,2,0,10146468,0,8,6723,0.0,0.0,2,0.0,0.0,0.0,5.0,1
1,6,248,2048,1,9,7867,0.939516129,0.060483871,0,22.22222222,0.0,0.2,5.2,0
0,10,25,63,0,8,7491,0.52,0.48,0,0.0,0.0,0.0,8.0,0
1,2,22,0,0,32,2300,0.545454545,0.454545455,2,60.0,0.301075269,0.0,8.0,1
0,1,145,0,0,0,-1,0.944827586,0.055172414,0,72.72727273,0.0,0.75,0.0,0
0,2,144,4299575,1,0,6070,0.805555556,0.194444444,0,0.0,0.0,0.75,0.0,0
0,2,1247,488874,1,0,-1,0.995188452,0.004811548,0,50.0,0.0,0.333333333,0.0,0
1,3,31,10684284,1,18,8199,0.709677419,0.290322581,0,66.66666667,0.0,0.0,10.33333333,0
1,2,14,4669,0,3,1546,0.071428571,0.928571429,0,0.0,0.066666667,0.076923077,2.5,1
0,9,1,24,0,14,-1,0.0,1.0,1,0.0,0.145454545,0.0,4.588235294,1
1,2,14,0,1,12,1949,0.428571429,0.571428571,0,0.0,0.0,0.0,12.0,1
1,5,8,0,0,0,7296,0.125,0.875,0,33.33333333,0.0,0.285714286,0.0,1
1,0,1,0,0,4,-2,1.0,0.0,0,0.0,0.0,0.0,3.0,1
1,1,31,0,1,5,2480,0.903225806,0.096774194,0,0.0,0.0,0.0,5.0,1
0,7,358,12,0,10,7134,0.963687151,0.036312849,0,71.11111111,0.0,0.307692308,6.5,0
0,3,38,288102,1,0,6197,0.763157895,0.236842105,0,43.75,0.0,0.222222222,0.0,0
0,0,0,0,0,3,539,0.0,0.0,0,0.0,0.0,0.0,3.0,1
0,3,49,0,1,0,5001,0.7142857140000001,0.285714286,0,0.0,0.0,0.0,0.0,0
0,5,311,47804,1,2,8175,0.951768489,0.048231511,0,89.28571429,0.0,0.133333333,2.0,0
0,4,60,2253715,1,9,4478,0.016666667,0.983333333,0,13.63636364,0.096774194,0.13559322,4.428571429,0
1,0,0,0,0,2,3489,0.0,0.0,0,0.0,0.0,0.0,2.0,1
0,4,32,313591,0,8,2770,0.59375,0.40625,0,81.25,0.0,0.0,6.5,0
1,0,4,0,1,9,1797,1.0,0.0,2,100.0,0.042553191,0.0,5.4,1
0,6,36,54115,0,0,7634,0.75,0.25,0,0.0,0.172413793,0.0,0.0,1
0,5,93,165768,1,0,3735,0.698924731,0.301075269,0,33.33333333,0.0,0.107142857,0.0,0
0,5,94,2873,1,9,4486,0.936170213,0.063829787,0,70.0,0.0,0.0,7.0,0
1,0,4,5816617,0,17,4003,1.0,0.0,0,100.0,0.166666667,0.0,7.375,1
0,5,40,4775526,1,0,-1,0.1,0.9,0,44.44444444,0.0,0.0,0.0,0
1,2,2,242217,0,8,2346,0.5,0.5,0,0.0,0.0,1.0,7.5,0
0,6,1,64643,0,8,6890,1.0,0.0,0,0.0,0.085106383,0.0,5.0,0
1,2,26,0,1,10,-1,0.269230769,0.7307692309999999,0,0.0,0.0,0.052631579,5.666666667,1
1,5,21,0,0,9,5626,0.19047619,0.80952381,0,25.0,0.2,0.294117647,9.0,1
0,5,128,147,0,10,4863,0.0390625,0.9609375,0,0.0,0.0,0.056910569,7.0,0
0,2,10,0,1,1,1661,1.0,0.0,0,100.0,0.0,0.0,1.0,1
1,3,64,82496,1,6,5198,0.984375,0.015625,0,0.0,0.0,0.0,4.125,0
0,2,217,0,1,0,6763,0.976958525,0.023041475,0,20.0,0.0,0.6,0.0,0
0,10,1,1,0,19,8346,0.0,1.0,1,0.0,0.155462185,0.0,6.666666667,1
0,4,256,607470,1,0,8600,0.796875,0.203125,0,4.0,0.0,0.615384615,0.0,0
0,0,451,1203857,0,0,1969,0.937915743,0.062084257,0,0.0,0.0,0.214285714,0.0,0
0,2,66,942955,0,8,2095,0.727272727,0.272727273,0,69.23076923,0.0,0.277777778,5.0,0
1,2,4,0,0,38,-1,1.0,0.0,1,0.0,0.074468085,0.0,11.2,1
0,10,146,1,0,10,8347,0.582191781,0.417808219,1,80.76923077,0.0,0.081967213,5.333333333,0
0,10,52,2,1,11,5639,0.557692308,0.442307692,0,0.0,0.0,0.0,5.666666667,0
1,0,21,0,0,12,1576,0.428571429,0.571428571,1,0.0,0.014705882,0.75,6.0,1
1,0,58,0,0,13,-1,0.810344828,0.189655172,4,86.36363636,0.0,0.0,6.714285714,1
0,7,265,12,0,7,7131,0.966037736,0.033962264,0,64.0,0.0,0.5555555560000001,6.0,0
0,0,6,0,0,3,-1,1.0,0.0,0,0.0,0.421052632,0.0,2.0,1
1,0,51,5707171,0,15,3993,1.0,0.0,0,100.0,0.086956522,0.0,8.5,1
1,7,0,632751,0,29,2521,0.0,0.0,0,0.0,0.14893617,0.0,15.0,1
1,0,13,0,0,20,-1,0.846153846,0.153846154,0,0.0,0.176470588,1.0,5.428571429,1
1,0,108,0,0,0,1017,0.703703704,0.296296296,0,50.0,0.026315789,0.1875,0.0,1
0,5,0,25936,1,13,11271,0.0,0.0,0,0.0,0.033898305,0.0,5.666666667,0
1,2,33,4639,0,5,1547,0.272727273,0.727272727,1,4.347826087,0.075,0.125,4.0,1
1,2,3,761464,0,0,4823,0.666666667,0.333333333,0,0.0,0.0,0.0,0.0,1
0,0,121,0,1,0,1297,0.107438017,0.892561983,0,16.66666667,0.0,0.4074074070000001,0.0,0
0,5,291,14284,0,6,6073,0.6975945020000001,0.302405498,0,51.0,0.0,0.102272727,4.666666667,0
1,2,0,590567,0,8,-1,0.0,0.0,0,0.0,0.06,0.0,4.666666667,1
0,5,134,130992,1,0,5027,0.843283582,0.156716418,0,22.22222222,0.0,0.0,0.0,0
1,5,14,0,0,0,7309,0.071428571,0.928571429,0,14.28571429,0.0,0.230769231,0.0,1
1,3,15,0,0,5,6438,0.666666667,0.333333333,0,66.66666667,0.029411765,0.4,3.75,0
1,0,51,5697976,1,17,3992,1.0,0.0,0,100.0,0.122137405,0.0,7.375,1
1,2,84,4558,0,13,1536,0.761904762,0.238095238,0,27.27272727,0.175675676,0.85,7.25,1
1,2,33,4639,0,5,1547,0.272727273,0.727272727,1,4.347826087,0.0625,0.125,4.0,1
0,0,33,0,1,8,2105,0.787878788,0.212121212,0,71.42857143,0.0,0.0,6.666666667,1
0,4,28,1009883,1,0,-1,0.535714286,0.464285714,0,42.85714286,0.0,0.153846154,0.0,0
0,2,183,668078,1,0,1801,1.0,0.0,0,100.0,0.0,0.0,0.0,0
1,6,37,469408,0,5,-1,0.540540541,0.459459459,0,0.0,0.142857143,0.470588235,5.0,1
1,1,0,2151511,0,4,834,0.0,0.0,0,0.0,0.0,0.0,3.0,1
0,2,24,0,1,0,4594,0.708333333,0.291666667,0,33.33333333,0.0,0.285714286,0.0,0
1,5,14,0,0,0,7295,0.071428571,0.928571429,0,14.28571429,0.090909091,0.846153846,0.0,1
0,5,49,0,0,0,5992,0.7959183670000001,0.204081633,0,100.0,0.08,0.0,0.0,1
0,4,50,369766,1,8,2950,0.52,0.48,2,27.77777778,0.0,0.041666667,6.333333333,0
0,1,107,1290341,0,0,1333,0.672897196,0.327102804,0,0.0,0.0,0.028571429,0.0,0
0,2,11,457413,1,8,896,0.454545455,0.545454545,1,0.0,0.0,0.166666667,8.0,1
1,0,24,0,0,14,35,0.583333333,0.4166666670000001,0,0.0,0.023255814,0.0,5.4,1
0,1,261,0,1,0,4774,0.858237548,0.1417624519999999,0,85.71428571,0.0,0.027027027,0.0,0
1,0,51,5707171,0,17,3993,1.0,0.0,0,100.0,0.222222222,0.0,8.142857142999999,1
1,0,51,5707171,1,17,3992,1.0,0.0,0,100.0,0.193548387,0.0,7.375,1
1,3,67,2358,0,7,7160,0.940298507,0.059701493,0,100.0,0.159090909,1.0,4.75,0
0,4,58,251093,0,0,7155,0.655172414,0.344827586,0,10.0,0.0,0.4,0.0,0
0,0,99,0,1,0,86,0.8585858590000001,0.141414141,0,0.0,0.045454545,0.0,0.0,0
1,1,62,0,0,5,5387,0.064516129,0.935483871,0,6.976744186,0.0,0.655172414,4.0,1
0,3,23,1253797,1,0,2795,0.0,1.0,0,0.0,0.0,0.043478261,0.0,0
1,0,0,5597380,0,4,-1,0.0,0.0,0,0.0,0.0,0.0,3.5,1
0,8,27,0,0,0,5158,0.740740741,0.259259259,0,0.0,0.0,0.0,0.0,0
0,4,149,828187,1,0,6946,0.939597315,0.060402685,0,77.27272727,0.0,0.0,0.0,0
1,4,12,30,0,64,6590,0.333333333,0.666666667,2,0.0,0.356115108,0.0,7.419354838999999,0
1,0,6,0,1,10,1196,1.0,0.0,3,100.0,0.0,0.0,5.666666667,1
0,4,51,152679,1,9,7856,0.705882353,0.294117647,0,55.55555556,0.0,0.066666667,9.0,0
0,3,13,417663,1,0,2258,0.692307692,0.307692308,0,75.0,0.0,0.0,0.0,0
0,0,5,0,0,3,3175,0.6,0.4,0,0.0,0.0,1.0,3.0,1
1,0,8,0,0,2,440,0.125,0.875,0,0.0,0.0,0.0,2.0,1
1,5,21,0,0,7,5627,0.19047619,0.80952381,2,25.0,0.02173913,0.294117647,4.5,1
1,0,0,0,0,13,2345,0.0,0.0,0,0.0,0.211538462,0.0,8.666666667000001,1
0,1,312,2122361,1,0,4193,0.983974359,0.016025641,0,60.0,0.0,0.6,0.0,0
1,3,38,200403,1,8,6382,0.894736842,0.105263158,0,33.33333333,0.0,0.0,4.75,1
0,4,229,128597,0,0,-1,0.951965066,0.048034934,0,50.0,0.0,0.0,0.0,0
0,8,227,136,1,14,5223,0.674008811,0.325991189,0,28.20512821,0.048780488,0.108108108,8.333333332999999,0
0,3,42,524317,1,0,-1,0.952380952,0.047619048,0,0.0,0.0,0.5,0.0,0
0,5,49,1468946,1,0,7432,1.0,0.0,0,100.0,0.0,0.0,0.0,0
0,5,0,84082,0,3,8756,0.0,0.0,0,0.0,0.103448276,0.0,2.0,0
1,0,0,0,0,3,6211,0.0,0.0,0,0.0,0.0,0.0,2.5,1
0,0,239,0,0,10,199,0.928870293,0.071129707,0,100.0,0.404255319,0.0,6.5,1
0,4,75,165714,1,0,4594,0.88,0.12,0,100.0,0.0,0.0,0.0,0
0,4,90,287481,1,0,8725,0.911111111,0.088888889,0,20.0,0.0,0.375,0.0,0
0,7,805,433,0,9,7657,0.98757764,0.01242236,0,97.98488665,0.0,0.7,6.666666667,0
1,0,28,0,1,6,-2,1.0,0.0,0,100.0,0.0,0.0,5.666666667,1
1,2,15,0,0,10,2381,0.6,0.4,4,0.0,0.0,0.333333333,5.714285714,1
0,7,137,5471,1,7,5997,0.919708029,0.0802919709999999,0,65.0,0.0,0.363636364,4.666666667,0
0,5,150,4524,1,10,6991,0.76,0.24,0,76.19047619,0.064516129,0.027777778,6.1,0
0,4,24,0,1,0,7495,0.625,0.375,0,50.0,0.0,0.0,0.0,0
1,5,112,53595,1,5,5088,0.892857143,0.107142857,0,71.79487179,0.0,0.5,3.5,0
0,10,1,1,0,21,8347,0.0,1.0,0,0.0,0.153846154,0.0,9.285714286,1
1,0,0,0,1,6,2722,0.0,0.0,1,0.0,0.0,0.0,3.666666667,1
0,5,33,670713,1,0,3430,0.666666667,0.333333333,0,80.0,0.0,0.0,0.0,0
1,2,0,648670,0,4,1461,0.0,0.0,0,0.0,0.0,0.0,3.5,1
1,2,103,490968,0,0,7189,0.932038835,0.067961165,0,0.0,0.023809524,0.285714286,0.0,1
0,8,449,0,0,10,7448,0.180400891,0.8195991090000001,0,94.59459459,0.0,0.059782609,8.333333332999999,0
1,0,10,8010635,1,5,-1,1.0,0.0,0,0.0,0.0,0.0,5.0,1
0,5,324,0,1,11,4971,0.87345679,0.12654321,1,5.714285714,0.042253521,0.365853659,6.333333333,0
1,0,4,0,0,5,-1,1.0,0.0,0,100.0,0.0,0.0,4.0,1
0,7,200,420,0,7,8459,0.525,0.475,0,10.57692308,0.338709677,0.442105263,3.222222222,0
0,4,74,1993,1,0,-1,0.364864865,0.635135135,0,15.09433962,0.0,0.255319149,0.0,0
0,4,74,155748,1,0,-1,0.8918918920000001,0.108108108,0,28.57142857,0.0,0.25,0.0,0
0,6,98,2604,1,6,8048,0.918367347,0.081632653,0,76.92307692,0.0,0.0,4.0,0
1,0,1,0,0,9,1993,1.0,0.0,0,0.0,0.019607843,0.0,5.25,1
1,5,83,8029411,0,4,5614,0.469879518,0.5301204820000001,0,56.92307692,0.0,0.363636364,4.0,1
0,8,52,0,0,1,5160,0.807692308,0.192307692,0,80.0,0.0,0.0,1.0,0
1,5,83,0,0,4,5612,0.469879518,0.5301204820000001,0,56.92307692,0.111111111,0.363636364,4.0,1
0,3,92,1056076,1,0,2332,0.880434783,0.119565217,0,92.85714286,0.0,0.0,0.0,0
0,3,87,149650,1,0,2328,0.942528736,0.057471264,0,0.0,0.0,0.6,0.0,0
0,6,44,2580,1,6,8044,0.818181818,0.181818182,0,66.66666667,0.0,0.0,3.5,0
1,5,21,0,0,17,5626,0.19047619,0.80952381,0,25.0,0.083333333,0.294117647,7.666666667,1
0,2,12,0,1,0,5069,0.25,0.75,0,16.66666667,0.0,0.0,0.0,0
1,5,21,0,0,15,5616,0.19047619,0.80952381,0,25.0,0.0,0.176470588,9.5,1
0,3,370,47113,0,0,-1,0.981081081,0.018918919,0,33.33333333,0.0,0.285714286,0.0,0
1,0,3,0,1,13,331,1.0,0.0,2,0.0,0.0,0.0,6.0,1
0,6,269,3231,0,9,4151,0.416356877,0.583643123,0,20.75471698,0.051724138,0.006369427,4.470588235,0
0,4,651,222398,0,3,1820,0.87250384,0.12749616,0,56.84210526,0.0,0.5542168670000001,3.0,0
0,0,51,0,0,0,139,0.980392157,0.019607843,0,100.0,0.0,0.0,0.0,0
0,3,7,1498442,0,8,6431,0.857142857,0.142857143,0,0.0,0.0,0.0,5.285714286,0
0,5,187,988,1,11,7586,0.994652406,0.005347594,0,91.66666667,0.0,0.0,9.0,0
0,5,15,0,0,0,7295,0.0,1.0,0,0.0,0.1,0.0,0.0,1
1,4,7,0,0,25,8019,0.0,1.0,0,0.0,0.071942446,0.0,6.846153846,1
1,4,26,0,0,20,8019,0.115384615,0.884615385,0,0.0,0.028846154,0.0,6.333333333,1
0,0,45,2573053,0,6,1541,0.977777778,0.022222222,0,0.0,0.0,0.0,5.0,1
0,4,302,149536,1,0,8884,0.92384106,0.07615894,0,86.95652174,0.0,0.0,0.0,0
0,3,188,326260,1,0,-1,0.069148936,0.930851064,0,5.555555556,0.0,0.017142857,0.0,0
1,0,10,0,1,9,-1,0.4,0.6,0,0.0,0.042857143,0.0,6.5,1
1,1,5,0,0,10,1330,1.0,0.0,0,100.0,0.043478261,0.0,4.75,1
1,0,176,9532906,0,8,-1,0.994318182,0.005681818,0,100.0,0.0,0.0,6.0,0
1,3,95,8448853,1,9,-1,0.757894737,0.242105263,0,33.33333333,0.0,0.260869565,5.333333333,0
1,5,22,0,0,10,5627,0.181818182,0.818181818,0,25.0,0.116666667,0.277777778,10.0,1
1,2,4,4669,0,0,1546,0.25,0.75,0,0.0,0.065217391,1.0,0.0,1
0,0,14,0,1,2,167,1.0,0.0,0,0.0,0.0,0.0,2.0,1
1,3,39,5368952,0,10,1398,0.692307692,0.307692308,1,0.0,0.1372549019999999,0.0,7.0,0
1,4,0,1573850,0,4,2072,0.0,0.0,0,0.0,0.0,0.0,3.25,1
1,0,61,0,0,24,520,0.081967213,0.918032787,2,0.0,0.219512195,0.1607142859999999,9.2,1
0,4,95,725171,1,0,3466,0.989473684,0.010526316,0,92.30769231,0.0,0.0,0.0,0
0,0,14,0,1,0,1724,0.7142857140000001,0.285714286,0,0.0,0.0,0.0,0.0,1
0,3,406,559790,1,0,4836,0.985221675,0.014778325,0,33.33333333,0.0,0.333333333,0.0,0
0,5,89,65337,1,7,9690,0.898876404,0.101123596,0,50.0,0.1,0.0,5.5,0
1,5,72,1449,1,8,4918,1.0,0.0,0,100.0,0.0,0.0,5.8,0
1,0,237,0,0,0,1,0.852320675,0.147679325,0,84.32432432,0.0,0.114285714,0.0,1
0,5,113,25111,0,12,6180,0.814159292,0.185840708,0,85.71428571,0.128205128,0.0,6.333333333,0
0,2,103,271260,0,8,6866,0.932038835,0.067961165,0,0.0,0.0,0.285714286,8.0,1
0,3,32,0,0,0,4489,0.90625,0.09375,1,0.0,0.0,0.0,0.0,1
1,4,0,9654314,0,7,4617,0.0,0.0,0,0.0,0.064935065,0.0,4.2,1
0,3,109,573569,1,16,3515,1.0,0.0,0,100.0,0.0,0.0,7.666666667,0
0,2,13,232843,1,0,2486,0.538461538,0.461538462,0,100.0,0.0,0.0,0.0,0
0,5,152,7013301,0,0,7297,0.434210526,0.565789474,0,58.75,0.0,0.255813953,0.0,0
1,0,0,0,1,32,43,0.0,0.0,2,0.0,0.25,0.0,9.833333333,1
1,5,21,0,0,5,5616,0.19047619,0.80952381,0,25.0,0.047619048,0.176470588,4.5,1
0,2,2,0,1,0,6718,1.0,0.0,0,0.0,0.0,0.0,0.0,0
1,2,5,0,0,8,57,0.4,0.6,3,0.0,0.0,0.0,6.0,1
1,5,21,0,0,4,5616,0.19047619,0.80952381,0,25.0,0.217391304,0.176470588,2.5,1
0,7,585,1242,1,11,9105,0.7521367520000001,0.247863248,0,50.0,0.0,0.020689655,7.5,0
0,2,45,0,0,0,-1,0.688888889,0.311111111,0,23.07692308,0.0,0.5,0.0,0
0,4,39,111353,1,0,5320,0.923076923,0.076923077,0,33.33333333,0.0,0.0,0.0,0
0,6,588,5617,1,0,7985,0.8350340140000001,0.164965986,0,37.5,0.0,0.113402062,0.0,0
0,3,613,2320,0,6,7159,0.89233279,0.10766721,0,69.60784314,0.097560976,0.545454545,4.0,0
1,0,13,0,0,9,-1,0.846153846,0.153846154,0,0.0,0.0,0.0,6.0,1
0,5,116,3111,0,12,6212,0.853448276,0.146551724,0,46.875,0.0,0.176470588,7.666666667,0
1,2,0,0,1,8,3136,0.0,0.0,3,0.0,0.0,0.0,4.0,1
0,4,14,296491,0,0,-1,0.857142857,0.142857143,0,80.0,0.0,0.5,0.0,0
1,0,7,0,1,39,216,0.857142857,0.142857143,0,0.0,0.213114754,1.0,5.571428571,1
0,4,106,128384,1,0,8702,0.886792453,0.113207547,0,54.16666667,0.0,0.166666667,0.0,0
0,4,85,24244,1,11,7988,0.882352941,0.117647059,0,25.0,0.0,0.2,8.5,0
1,0,32,0,0,2,-1,0.65625,0.34375,0,9.090909091,0.0,0.545454545,2.0,1
0,2,50,2564568,1,9,2787,0.28,0.72,0,55.88235294,0.0,0.361111111,6.8,0
1,5,136,11315,1,10,9024,0.735294118,0.264705882,0,11.53846154,0.0,0.138888889,3.75,0
1,3,7,2073764,0,383,4012,0.571428571,0.428571429,1,0.0,0.122891566,0.0,194.5,1
1,2,32,0,2,7,4425,0.90625,0.09375,3,100.0,0.0,0.0,5.090909091,1
0,7,786,12,0,5,7131,0.919847328,0.080152672,0,72.48908297,0.0,0.349206349,4.333333333,0
0,5,86,28448,1,11,6133,0.802325581,0.197674419,0,100.0,0.0,0.0,5.333333333,0
0,0,162,0,1,0,1109,0.987654321,0.0123456789999999,0,93.5483871,0.0,0.5,0.0,0
0,2,26,25345,0,0,-1,0.346153846,0.653846154,0,0.0,0.0,0.470588235,0.0,1
0,2,51,68131,0,0,1130,0.745098039,0.254901961,0,90.32258065,0.0,0.307692308,0.0,0
0,2,65,0,0,0,2498,0.938461538,0.061538462,0,0.0,0.0,0.25,0.0,0
1,2,56,2660343,1,32,2122,0.928571429,0.071428571,0,75.0,0.25,0.75,13.0,1
1,3,113,748763,0,10,3225,0.902654867,0.097345133,0,22.22222222,0.03125,0.272727273,4.857142857,0
0,4,11,64145,1,0,2532,0.272727273,0.727272727,0,100.0,0.0,0.0,0.0,0
0,7,17,4238,1,11,9625,0.058823529,0.941176471,1,0.0,0.0,0.125,7.0,0
1,2,82,0,1,10,4329,1.0,0.0,0,100.0,0.0,0.0,6.666666667,1
1,0,8,0,0,7,1105,1.0,0.0,0,0.0,0.0,0.0,4.25,1
0,1,39,1821667,0,8,6343,0.948717949,0.051282051,0,75.0,0.0,0.5,8.0,1
0,3,239,393068,0,0,7821,0.878661088,0.121338912,0,31.57894737,0.0,0.172413793,0.0,0
1,10,10,1,0,33,8348,0.0,1.0,1,0.0,0.024096386,0.0,8.666666667000001,1
0,1,45,4048517,1,9,6677,0.488888889,0.5111111110000001,0,4.166666667,0.01369863,0.260869565,6.666666667,0
0,4,54,926923,1,0,2312,0.685185185,0.314814815,0,66.66666667,0.0,0.0,0.0,0
1,5,22,0,0,0,5627,0.181818182,0.818181818,0,25.0,0.09375,0.277777778,0.0,1
0,3,392,2347491,1,0,7136,0.989795918,0.010204082,0,92.85714286,0.0,0.25,0.0,0
1,1,38,0,1,14,6396,0.894736842,0.105263158,0,0.0,0.310344828,0.75,6.333333333,1
1,0,7,0,0,8,1,0.857142857,0.142857143,0,0.0,0.108108108,1.0,4.19047619,1
1,2,0,0,0,6,2663,0.0,0.0,0,0.0,0.0,0.0,6.0,1
1,1,34,0,0,7,3771,0.294117647,0.705882353,0,10.0,0.052631579,0.333333333,5.0,1
0,6,148,13188,0,8,8797,0.864864865,0.135135135,0,37.03703704,0.056338028,0.0,4.409090909,0
0,1,29,0,1,0,1137,0.517241379,0.482758621,0,0.0,0.0,0.142857143,0.0,0
0,2,35,140317,0,9,1799,0.6571428570000001,0.342857143,0,100.0,0.0,0.0,9.0,1
1,2,67,347993,0,0,-2,1.0,0.0,0,0.0,0.166666667,0.0,0.0,1
1,0,4,8773367,1,10,11,1.0,0.0,3,100.0,0.0,0.0,5.0,1
0,6,144,65447,1,0,7186,0.951388889,0.048611111,0,72.72727273,0.0,0.0,0.0,0
0,10,53,2,1,11,5638,0.5660377360000001,0.433962264,0,0.0,0.093023256,0.0,5.666666667,0
1,0,4,0,0,11,-1,0.25,0.75,0,0.0,0.0,1.0,5.583333333,1
0,5,31,5020,1,7,2082,0.806451613,0.193548387,0,100.0,0.0,0.0,6.333333333,0
1,5,21,0,0,10,5613,0.19047619,0.80952381,0,25.0,0.046153846,0.176470588,7.0,1
0,4,90,121108,0,6,-1,0.522222222,0.477777778,1,91.02564103,0.0,0.046511628,4.0,0
0,6,223,688,1,8,6256,0.869955157,0.130044843,0,51.61290323,0.0,0.0,8.0,0
1,4,47,687389,1,11,7591,0.808510638,0.191489362,0,100.0,0.0,0.0,7.333333333,0
1,1,10,0,0,8,255,0.6,0.4,1,0.0,0.0,0.0,5.166666667,1
0,6,51,1435,1,10,8052,0.980392157,0.019607843,0,100.0,0.0,0.0,5.5,0
0,4,102,5090159,1,0,-1,0.764705882,0.235294118,0,16.66666667,0.0,0.083333333,0.0,0
1,1,103,272316,1,5,6253,0.932038835,0.067961165,1,0.0,0.043478261,0.285714286,4.0,1
0,2,42,2721799,1,8,6091,0.69047619,0.30952381,0,12.5,0.0,0.846153846,5.666666667,0
0,5,83,26205,1,0,3186,0.795180723,0.204819277,0,14.28571429,0.0,0.470588235,0.0,0
1,3,6,309153,0,15,8922,0.5,0.5,0,0.0,0.028571429,0.0,7.285714286,1
1,0,6,0,1,0,3075,0.5,0.5,0,0.0,0.0,0.666666667,0.0,0
1,0,0,0,1,7,115,0.0,0.0,0,0.0,0.018867925,0.0,4.25,1
1,1,3,23941,0,0,724,1.0,0.0,0,0.0,0.16,0.0,0.0,1
1,10,10,1,0,29,8348,0.0,1.0,1,0.0,0.070588235,0.0,5.777777778,1
1,5,18,190163,1,7,8686,0.7222222220000001,0.277777778,0,0.0,0.0,1.0,4.4,0
1,2,17,0,0,5,-1,0.235294118,0.764705882,2,50.0,0.0,0.153846154,3.25,1
0,7,363,12,0,10,7131,0.933884298,0.066115702,0,70.37037037,0.0,0.4166666670000001,6.75,0
0,2,122,1954246,0,0,-1,0.327868852,0.672131148,0,35.0,0.0,0.0,0.0,0
0,5,48,89825,0,10,3423,0.458333333,0.541666667,0,26.08695652,0.0,0.269230769,5.8,0
1,7,0,632751,0,29,2521,0.0,0.0,0,0.0,0.085106383,0.0,15.0,1
1,3,0,847119,1,7,8674,0.0,0.0,0,0.0,0.147058824,0.0,4.125,0
0,3,33,220637,1,0,1514,0.515151515,0.484848485,0,62.85714286,0.0,0.5,0.0,0
1,2,1,48368,0,9,-1,1.0,0.0,0,0.0,0.089285714,0.0,5.25,1
1,0,9,0,0,7,-1,1.0,0.0,3,0.0,0.0,0.0,5.5,1
0,3,417,6331488,1,0,4281,0.971223022,0.028776978,0,25.0,0.0,0.5,0.0,0
0,2,5,8469,0,28,2501,1.0,0.0,0,0.0,0.185185185,0.0,28.0,1
1,1,1,104754,0,0,-1,1.0,0.0,0,0.0,0.071428571,0.0,0.0,1
0,3,25,2052316,1,0,3802,0.4,0.6,0,25.0,0.0,0.533333333,0.0,0
0,4,111,9494,1,10,2732,0.630630631,0.369369369,0,68.18181818,0.0,0.902439024,7.0,0
0,4,192,209388,1,4,7415,0.947916667,0.052083333,0,9.090909091,0.0,0.3,3.0,0
1,10,45,173,0,7,3890,0.177777778,0.8222222220000001,0,0.0,0.0,0.054054054,6.333333333,0
1,0,50,0,0,5,1575,0.76,0.24,0,42.85714286,0.0,0.333333333,3.0,1
0,3,120,127823,0,0,-1,0.933333333,0.066666667,0,40.0,0.0,0.25,0.0,0
0,5,144,7962,1,12,6377,0.444444444,0.5555555560000001,0,16.48351648,0.0,0.5,12.0,0
1,0,4,5816617,1,17,4003,1.0,0.0,0,100.0,0.161290323,0.0,7.375,1
0,7,101,603,1,10,9170,0.821782178,0.178217822,0,42.85714286,0.048387097,0.0,6.2,0
0,2,71,0,1,0,3662,0.323943662,0.676056338,0,19.14893617,0.0,0.0625,0.0,0
1,5,22,0,0,9,5626,0.181818182,0.818181818,0,25.0,0.084745763,0.277777778,9.0,1
1,5,21,0,0,7,5615,0.19047619,0.80952381,2,25.0,0.0,0.176470588,3.5,1
0,2,74,1914295,1,0,4055,0.8513513509999999,0.148648649,0,0.0,0.0,0.363636364,0.0,0
1,4,5,51515,1,4,-1,0.8,0.2,0,0.0,0.125,0.0,2.666666667,1
1,4,16,1988104,1,5,7376,1.0,0.0,2,0.0,0.0,0.0,3.5,1
1,0,2,0,0,64,1653,0.0,1.0,4,0.0,0.362318841,0.5,14.86666667,1
0,5,22,0,0,0,7299,0.318181818,0.681818182,0,0.0,0.0,0.0,0.0,0
0,9,1,24,1,10,-1,0.0,1.0,0,0.0,0.184931507,1.0,4.416666667,1
0,3,18,2357443,0,0,-1,1.0,0.0,0,100.0,0.055555556,0.0,0.0,0
1,0,0,0,0,7,4236,0.0,0.0,0,0.0,0.0,0.0,5.5,1
1,1,2,0,0,0,6467,0.5,0.5,0,0.0,0.0,0.0,0.0,1
1,10,147,1,0,12,8348,0.952380952,0.047619048,0,0.0,0.0,0.428571429,5.214285714,0
1,3,332,2336,0,6,7160,0.972891566,0.027108434,0,88.37209302,0.139534884,0.5555555560000001,4.5,0
0,4,72,769987,1,14,-1,1.0,0.0,0,0.0,0.0,0.0,7.0,0
1,7,0,632751,0,24,2521,0.0,0.0,0,0.0,0.042553191,0.0,9.666666667,1
1,3,0,10585494,1,7,6188,0.0,0.0,1,0.0,0.0,0.0,4.5,0
1,0,85,0,0,5,59,0.129411765,0.870588235,1,0.0,0.0,0.27027027,3.666666667,1
0,3,26,0,1,0,2683,0.653846154,0.346153846,0,50.0,0.071428571,0.222222222,0.0,0
0,5,130,14420,0,7,6071,0.576923077,0.423076923,0,32.0,0.0,0.054545455,5.4,0
0,7,352,192,1,5,7427,0.988636364,0.011363636,0,100.0,0.022222222,0.0,4.0,0
1,0,15,0,0,0,75,0.466666667,0.533333333,0,100.0,0.0,0.0,0.0,1
1,0,27,0,0,0,5,1.0,0.0,0,100.0,0.0,0.0,0.0,1
0,4,284,857832,0,9,6682,0.947183099,0.052816901,0,83.33333333,0.053333333,0.0,4.222222222,0
1,4,26,0,0,25,8019,0.115384615,0.884615385,0,0.0,0.04379562,0.0,8.454545455,1
1,3,612,6004191,0,9,3025,0.950980392,0.049019608,0,77.31092437,0.0,0.266666667,6.0,0
1,1,15,0,0,8,-1,0.7333333329999999,0.266666667,1,20.0,0.0,0.25,4.5,1
0,6,170,12516,1,4,8146,0.635294118,0.364705882,0,50.0,0.0,0.129032258,3.0,0
1,1,0,0,1,5,-1,0.0,0.0,0,0.0,0.0,0.0,4.0,1
0,3,272,1396547,1,0,978,0.992647059,0.007352941,0,100.0,0.0,0.0,0.0,0
0,6,420,8175,1,10,6315,0.945238095,0.054761905,0,16.66666667,0.035087719,0.173913043,6.75,0
1,3,0,41286,0,7,8299,0.0,0.0,1,0.0,0.15,0.0,4.0,0
0,0,201,0,0,0,4097,0.273631841,0.7263681590000001,0,19.17808219,0.0,0.054794521,0.0,1
0,2,2,0,1,0,-1,0.0,1.0,0,0.0,0.0,0.5,0.0,0
1,7,0,376,2,34,7489,0.0,0.0,0,0.0,0.295081967,0.0,7.264705882,1
0,0,75,2734254,0,0,4374,0.226666667,0.773333333,0,83.33333333,0.0,0.0,0.0,0
0,4,50,5804215,1,10,5248,0.8,0.2,0,12.5,0.0,0.9,6.666666667,0
1,0,4,0,0,8,-1,1.0,0.0,0,100.0,0.040816327,0.0,5.0,1
0,5,9,148,1,8,7304,1.0,0.0,0,100.0,0.0,0.0,4.8,0
1,3,1,18263,0,288,7086,0.0,1.0,0,0.0,0.422993492,0.0,29.5,1
1,7,19,340,1,7,-1,1.0,0.0,0,100.0,0.020833333,0.0,4.0,0
0,5,59,7329,1,10,6494,0.86440678,0.13559322,0,33.33333333,0.0,0.125,7.166666667,0
1,1,103,2114381,0,0,7053,0.932038835,0.067961165,0,0.0,0.057142857,0.285714286,0.0,1
1,0,0,0,0,0,245,0.0,0.0,0,0.0,0.0,0.0,0.0,1
0,4,204,162125,0,9,2654,0.465686275,0.534313725,0,42.85714286,0.090909091,0.055045872,4.857142857,0
0,4,216,40939,0,12,6633,0.967592593,0.032407407,0,98.7012987,0.0,0.285714286,9.0,0
0,0,44,0,0,0,95,1.0,0.0,0,100.0,0.0,0.0,0.0,1
1,0,37,0,0,0,383,1.0,0.0,0,100.0,0.0,0.0,0.0,1
1,3,62,2336,0,8,7160,0.935483871,0.064516129,0,100.0,0.078947368,1.0,4.875,0
0,4,56,3399875,1,7,7310,0.625,0.375,0,5.8823529410000015,0.0,0.523809524,5.75,0
1,2,22,0,1,32,2300,0.545454545,0.454545455,2,60.0,0.289473684,0.0,8.0,1
1,0,0,0,0,7,2599,0.0,0.0,0,0.0,0.0,0.0,5.5,1
1,0,11,0,1,6,3455,0.909090909,0.090909091,0,50.0,0.0,0.0,4.666666667,1
1,4,90,1275030,1,10,-1,0.933333333,0.066666667,0,28.57142857,0.069767442,0.5,7.0,0
1,3,7,83261,0,9,302,0.857142857,0.142857143,1,0.0,0.015873016,1.0,4.714285714,1
1,0,65,624558,0,0,-1,1.0,0.0,0,100.0,0.0,0.0,0.0,1
1,0,0,0,1,0,81,0.0,0.0,0,0.0,0.0,0.0,0.0,1
1,5,144,37605,1,8,6678,0.9375,0.0625,0,83.78378378,0.036585366,0.222222222,5.625,0
1,3,19,10421362,0,8,678,0.7894736840000001,0.210526316,3,0.0,0.054794521,0.0,4.222222222,1
1,3,30,3899044,1,9,-2,1.0,0.0,1,100.0,0.0,0.0,4.571428571,1
0,7,354,12,0,8,7133,0.960451977,0.039548023,0,68.18181818,0.0,0.357142857,5.666666667,0
0,6,0,14931,1,11,6878,0.0,0.0,1,0.0,0.054054054,0.0,5.625,0
0,3,73,3229766,1,0,2689,0.863013699,0.136986301,0,100.0,0.0,0.0,0.0,0
1,4,21,0,1,6,3126,0.238095238,0.761904762,0,0.0,0.083333333,0.0,4.0,1
0,5,203,201194,1,8,3546,0.857142857,0.142857143,0,76.66666667,0.0,0.172413793,6.6,0
1,1,24,2728469,0,0,7174,0.0,1.0,0,0.0,0.0,0.333333333,0.0,1
1,6,301,767,1,12,9229,0.910299003,0.0897009969999999,0,30.76923077,0.104166667,0.148148148,6.0,0
1,4,684,158382,1,10,4996,0.8757309940000001,0.124269006,0,0.0,0.044444444,0.670588235,6.333333333,0
1,0,46,0,0,32,-1,1.0,0.0,1,100.0,0.168224299,0.0,7.888888888999999,1
0,5,255,46854,1,11,9584,0.976470588,0.023529412,0,50.0,0.076923077,0.333333333,6.0,0
0,3,84,666195,1,0,4947,0.857142857,0.142857143,0,50.0,0.0,0.166666667,0.0,0
0,2,280,0,0,0,4553,0.182142857,0.817857143,0,5.531914894,0.0,0.03930131,0.0,0
1,7,83,625,1,7,9174,0.819277108,0.180722892,0,54.54545455,0.0,0.0,5.666666667,0
1,7,0,632001,0,18,2521,0.0,0.0,0,0.0,0.0625,0.0,10.0,1
1,0,1,0,0,7,2095,1.0,0.0,2,0.0,0.086956522,0.0,4.625,1
0,3,73,394683,0,11,3789,0.6575342470000001,0.342465753,0,70.58823529,0.081395349,0.44,4.0,0
0,6,130,684,1,9,9202,0.807692308,0.192307692,0,26.66666667,0.0,0.24,7.5,0
1,0,0,0,1,6,-1,0.0,0.0,0,0.0,0.029411765,0.0,6.0,1
1,0,59,0,0,32,243,1.0,0.0,3,100.0,0.197916667,0.0,8.375,1
0,5,163,0,0,0,7298,0.668711656,0.331288344,0,79.52755906,0.0,0.296296296,0.0,0
0,0,11,0,0,64,-1,0.636363636,0.363636364,0,100.0,0.381679389,0.0,13.28571429,1
0,6,96,690,1,11,9204,0.864583333,0.135416667,0,28.57142857,0.0,0.076923077,8.5,0
0,10,1,1,1,15,8348,0.0,1.0,2,0.0,0.047619048,0.0,6.1363636360000005,0
0,6,157,10619,1,7,-1,0.923566879,0.0764331209999999,1,20.0,0.074074074,0.166666667,4.8,0
1,0,0,4464824,1,7,6630,0.0,0.0,0,0.0,0.0,0.0,5.0,1
0,1,28,7064820,1,0,2316,0.6785714290000001,0.321428571,0,36.36363636,0.0,0.444444444,0.0,0
1,0,51,5707171,0,17,3993,1.0,0.0,0,100.0,0.149606299,0.0,7.375,1
0,0,72,0,0,0,1529,0.972222222,0.027777778,0,0.0,0.0,1.5,0.0,0
0,6,0,16425,1,27,-1,0.0,0.0,1,0.0,0.0,0.0,8.5,0
1,0,11,0,0,6,4350,0.818181818,0.181818182,0,0.0,0.0681818179999999,0.0,5.75,1
0,3,17,837362,1,2,-1,0.764705882,0.235294118,0,20.0,0.0,0.0,2.0,0
0,3,838,2272,0,6,7157,0.928400955,0.071599045,0,65.43209877,0.119047619,0.7666666670000001,4.25,0
0,2,139,0,1,21,6673,0.956834532,0.043165468,0,100.0,0.0,0.0,10.0,0
0,10,55,2,1,24,5637,0.472727273,0.527272727,0,0.0,0.053571429,0.137931034,15.5,0
1,0,51,5707171,1,17,3993,1.0,0.0,0,100.0,0.19379845,0.0,8.142857142999999,1
1,0,0,0,0,7,3565,0.0,0.0,0,0.0,0.0,0.0,5.5,1
1,0,51,5707171,0,17,3993,1.0,0.0,0,100.0,0.176470588,0.0,7.375,1
0,3,1054,265240,1,0,2101,0.985768501,0.014231499,0,98.18181818,0.0,0.133333333,0.0,0
0,6,235,151949,1,0,9040,0.787234043,0.212765957,0,26.66666667,0.0,0.1,0.0,0
0,3,32,1473786,1,0,2749,0.8125,0.1875,0,100.0,0.0,0.0,0.0,0
0,6,115,132,1,10,8151,0.739130435,0.260869565,0,50.0,0.0,0.033333333,7.5,0
0,4,0,22053,1,12,8523,0.0,0.0,1,0.0,0.27173913,0.0,5.454545455,0
0,10,29,1,0,14,8347,0.482758621,0.517241379,2,11.11111111,0.0,0.0,9.0,1
1,2,57,8181278,0,32,3289,1.0,0.0,0,100.0,0.273809524,0.0,10.0,1
1,5,2,1274,0,76,8152,0.0,1.0,0,0.0,0.073170732,1.5,39.5,1
0,4,108,108393,1,0,5502,0.833333333,0.166666667,0,43.75,0.0,0.055555556,0.0,0
0,10,53,2,1,18,5637,0.490566038,0.509433962,0,0.0,0.0,0.074074074,11.0,0
1,3,185,0,0,9,3141,0.8810810809999999,0.118918919,0,26.08695652,0.08,0.681818182,5.75,1
1,0,0,0,0,50,-1,0.0,0.0,0,0.0,0.575,0.0,9.571428571,1
1,2,147,0,1,14,590,0.823129252,0.176870748,1,21.21212121,0.0,0.461538462,5.4,1
1,2,56,0,0,8,954,1.0,0.0,1,0.0,0.020408163,0.0,6.5,1
0,9,71,3536,0,7,-1,0.830985915,0.169014085,0,25.0,0.0,0.25,5.0,1
0,2,15,2597330,0,12,2595,0.0,1.0,0,0.0,0.0,0.0,6.5,0
0,5,129,2190,0,10,7616,0.689922481,0.310077519,0,92.75362319,0.0,0.025,8.5,0
1,3,1,18105,0,87,7087,0.0,1.0,0,0.0,0.055172414,0.0,25.25,1
0,5,91,0,0,0,7297,0.065934066,0.934065934,0,14.70588235,0.0,0.517647059,0.0,0
0,5,191,60397,1,11,7900,0.963350785,0.036649215,0,25.0,0.051282051,0.0,7.0,0
1,0,49,0,1,17,291,0.040816327,0.959183673,3,8.333333332999999,0.0,0.787234043,7.0,1
1,5,13,0,0,16,7295,0.076923077,0.923076923,0,25.0,0.0,0.25,6.25,1
1,10,39,2,1,24,5640,0.564102564,0.435897436,0,0.0,0.071428571,0.0,15.5,0
1,0,1,0,0,11,6452,1.0,0.0,0,0.0,0.078125,0.0,6.6,1
1,0,1,0,0,32,4,0.0,1.0,0,0.0,0.367647059,0.0,10.0,1
0,5,89,1548,1,7,5290,0.91011236,0.08988764,0,60.0,0.0,0.5,3.75,0
1,3,29,1443679,1,7,7484,0.068965517,0.931034483,1,5.263157895,0.0,0.074074074,4.2,1
0,2,7,0,0,0,2840,0.857142857,0.142857143,0,0.0,0.0,0.0,0.0,0
1,0,31,0,0,7,-1,0.032258065,0.967741935,1,0.0,0.0,0.1,5.5,1
1,5,475,46214,1,10,9403,0.978947368,0.021052632,0,50.0,0.03125,0.1,5.571428571,0
0,7,189,256,1,6,3113,0.587301587,0.412698413,0,51.72413793,0.0,0.115384615,5.0,0
0,4,34,46435,0,8,5676,0.588235294,0.411764706,0,48.14814815,0.012048193,0.357142857,5.3,0
1,10,18,1,0,18,8347,0.611111111,0.388888889,2,100.0,0.0,0.0,11.0,1
0,4,12,4606493,1,7,392,0.583333333,0.4166666670000001,0,33.33333333,0.0,0.2,5.0,1
0,10,55,2,1,16,5638,0.472727273,0.527272727,0,0.0,0.0,0.137931034,10.0,0
0,3,203,2462105,1,0,5322,0.921182266,0.078817734,0,90.0,0.0,0.0,0.0,0
0,4,349,1906357,1,0,-1,0.936962751,0.063037249,0,84.61538462,0.0,0.227272727,0.0,0
0,3,1,0,1,7,5076,1.0,0.0,0,0.0,0.0,0.0,4.75,1
0,6,143,11052,1,11,5339,0.41958042,0.58041958,0,11.76470588,0.100917431,0.144578313,6.25,0
0,7,123,631,1,8,7478,0.349593496,0.650406504,0,73.17073171,0.031746032,0.025,4.857142857,0
0,3,273,940222,1,2,2466,0.322344322,0.6776556779999999,0,86.66666667,0.0,0.021621622,2.0,0
1,0,0,0,0,0,12,0.0,0.0,0,0.0,0.0,0.0,0.0,1
1,0,51,5697976,0,17,3992,1.0,0.0,0,100.0,0.141732283,0.0,7.375,1
0,2,96,958398,1,0,67,0.635416667,0.364583333,0,84.61538462,0.0,0.0,0.0,0
1,0,4,0,1,11,1523,1.0,0.0,2,100.0,0.0,0.0,5.25,1
0,5,331,282367,1,5,3970,0.652567976,0.347432024,0,54.28571429,0.0,0.217391304,3.444444444,0
0,3,0,596512,1,8,8896,0.0,0.0,1,0.0,0.144444444,0.0,4.076923077,0
0,7,17,285,1,11,7419,0.0,1.0,0,0.0,0.0,0.0,4.133333333,0
1,0,38,6093988,0,24,1115,1.0,0.0,0,100.0,0.31884058,0.0,7.285714286,1
1,8,0,0,0,0,5158,0.0,0.0,0,0.0,0.058823529,0.0,0.0,1
1,0,13,0,0,9,1162,1.0,0.0,4,100.0,0.0,0.0,6.333333333,1
1,5,116,899,0,6,6606,0.879310345,0.120689655,0,0.0,0.0,0.214285714,4.0,1
0,0,52,0,1,0,1254,1.0,0.0,0,100.0,0.130434783,0.0,0.0,0
0,6,417,8182,1,10,6315,0.944844125,0.055155875,0,16.66666667,0.084745763,0.173913043,7.25,0
1,0,21,0,1,2,760,0.904761905,0.095238095,0,100.0,0.0,0.0,2.0,1
0,3,26,274501,1,0,2361,1.0,0.0,0,100.0,0.0,0.0,0.0,0
1,2,0,0,1,10,659,0.0,0.0,0,0.0,0.0,0.0,5.8125,0
1,0,0,0,1,6,-1,0.0,0.0,1,0.0,0.0,0.0,3.75,1
1,0,29,9498326,1,0,88,0.24137931,0.75862069,0,4.545454545,0.066666667,0.1363636359999999,0.0,1
0,3,0,1060251,1,7,9279,0.0,0.0,0,0.0,0.041666667,0.0,4.0,0
1,3,0,6143932,0,7,2328,0.0,0.0,0,0.0,0.4,0.0,4.666666667,1
1,4,26,0,0,25,8018,0.115384615,0.884615385,0,0.0,0.092436975,0.0,6.6363636360000005,1
0,4,0,24323,1,12,-1,0.0,0.0,0,0.0,0.102564103,0.0,6.272727272999999,0
1,5,21,0,0,9,5616,0.19047619,0.80952381,0,25.0,0.152542373,0.176470588,4.75,1
1,3,13,5630285,1,9,987,0.307692308,0.692307692,0,55.0,0.0,0.0,5.0,1
1,5,11,0,0,1,7295,0.272727273,0.727272727,0,0.0,0.02,0.0,1.0,1
0,3,148,0,0,0,4573,0.972972973,0.027027027,0,75.0,0.0,0.0,0.0,0
1,0,9,0,1,32,3078,0.0,1.0,2,0.0,0.245098039,0.222222222,13.2,1
1,2,0,0,1,32,5770,0.0,0.0,0,0.0,0.313432836,0.0,32.0,1
1,0,503,0,1,151,798,0.011928429,0.988071571,0,4.166666667,0.106995885,0.014084507,23.66666667,1
0,5,90,0,0,0,7297,0.477777778,0.522222222,0,81.25,0.0,0.127659574,0.0,0
0,7,616,12,0,10,7132,0.983766234,0.016233766,0,71.42857143,0.0,0.6,6.666666667,0
0,3,24,2047297,1,9,1967,0.791666667,0.208333333,0,90.90909091,0.06779661,0.2,5.4,0
0,5,236,14592,0,7,6070,0.669491525,0.330508475,0,24.07407407,0.0,0.038461538,5.5,0
0,5,51,3805267,1,7,7501,1.0,0.0,0,100.0,0.0,0.0,4.25,0
0,5,123,69911,1,8,8705,0.93495935,0.06504065,0,57.14285714,0.092592593,0.375,4.8,0
0,5,0,3316,0,14,7236,0.0,0.0,1,0.0,0.0123456789999999,0.0,6.428571429,0
1,2,30,0,1,32,5767,0.966666667,0.033333333,0,100.0,0.185185185,0.0,14.66666667,1
1,0,5,0,0,7,1103,1.0,0.0,0,0.0,0.034482759,0.0,3.285714286,1
0,5,332,178841,0,6,3378,0.903614458,0.096385542,0,65.90909091,0.0,0.53125,5.0,0
1,0,5,0,1,15,135,1.0,0.0,0,0.0,0.063291139,0.0,6.5,1
1,2,103,428172,0,5,7189,0.932038835,0.067961165,1,0.0,0.0,0.285714286,4.0,1
0,5,20,7882,0,7,12351,0.95,0.05,0,0.0,0.046511628,0.0,5.0,0
1,0,4,0,1,15,2618,1.0,0.0,4,100.0,0.1625,0.0,4.8,1
1,0,120,0,0,40,1589,0.033333333,0.966666667,5,7.142857143,0.221276596,0.0,9.894736842,1
1,1,0,0,1,7,2931,0.0,0.0,0,0.0,0.0,0.0,5.4,1
1,5,365,60810,1,8,5426,0.983561644,0.016438356,0,80.64516129,0.0,0.0,7.333333333,0
1,6,104,6446,1,16,-1,0.8557692309999999,0.144230769,0,68.75,0.0,0.266666667,11.0,0
1,2,75,0,0,0,7882,0.4,0.6,0,20.0,0.0,0.577777778,0.0,1
1,0,19,0,0,6,-1,0.526315789,0.473684211,0,100.0,0.0,0.0,4.5,1
0,5,38,62214,1,7,-1,1.0,0.0,0,0.0,0.0,0.0,5.25,0
0,2,61,0,1,10,3806,0.950819672,0.049180328,0,0.0,0.0,0.333333333,6.5,0
1,9,7,3514,0,3,-1,0.7142857140000001,0.285714286,0,33.33333333,0.0,0.0,2.5,1
1,0,0,0,1,288,-1,0.0,0.0,0,0.0,0.461009174,0.0,30.92307692,1
0,5,71,0,0,0,7298,0.169014085,0.830985915,0,48.14814815,0.0,0.338983051,0.0,0
0,0,1,0,1,20,-1,1.0,0.0,0,0.0,0.013888889,0.0,9.75,1
0,4,12,527748,0,0,2469,0.5,0.5,0,60.0,0.0,0.0,0.0,0
1,6,30,1355,1,6,7412,0.933333333,0.066666667,0,100.0,0.064516129,0.0,2.666666667,0
1,5,33,0,0,8,7296,0.151515152,0.848484848,0,12.5,0.115384615,0.142857143,4.5,1
1,0,4,0,1,6,-1,1.0,0.0,0,100.0,0.0,0.0,5.333333333,1
1,0,31,0,1,8,-1,0.225806452,0.774193548,1,0.0,0.185185185,0.0,4.333333333,1
1,3,1,17964,0,10,7083,0.0,1.0,0,0.0,0.036585366,0.0,5.285714286,1
1,7,140,900,0,10,6965,0.792857143,0.207142857,0,76.92307692,0.0,0.034482759,8.2,0
0,5,18,1372238,0,7,4624,0.8888888890000001,0.111111111,0,80.0,0.0,0.0,5.75,0
0,1,145,0,1,0,-1,1.0,0.0,0,100.0,0.0,0.0,0.0,0
0,6,121,690,1,7,9205,0.760330579,0.239669421,0,18.75,0.0,0.379310345,6.5,0
1,4,24,23368,0,11,7529,1.0,0.0,0,100.0,0.125,0.0,8.5,1
1,7,4,309382,0,5,2139,0.0,1.0,0,0.0,0.083333333,0.0,5.0,1
1,7,185,609,0,14,11555,0.978378378,0.021621622,0,96.36363636,0.180555556,0.75,6.0,0
0,3,35,3926702,1,0,1314,0.428571429,0.571428571,0,13.33333333,0.0,0.05,0.0,0
1,4,5,0,0,20,1284,0.0,1.0,1,0.0,0.047619048,0.0,6.0,1
1,0,0,0,0,8,-1,0.0,0.0,0,0.0,0.315789474,0.0,4.0,1
0,2,244,335899,1,0,4472,0.967213115,0.032786885,0,12.5,0.0,0.875,0.0,0
0,0,15,0,0,11,1957,0.266666667,0.7333333329999999,0,0.0,0.0,0.0,6.5,1
0,2,288,1857815,1,0,4567,0.975694444,0.024305556,0,61.11111111,0.0,0.428571429,0.0,0
1,0,0,0,0,9,1590,0.0,0.0,0,0.0,0.0,0.0,5.75,1
1,2,56,0,0,10,2098,0.0,1.0,0,0.0,0.02739726,0.142857143,7.0,1
0,3,228,124657,1,10,-1,0.956140351,0.043859649,0,37.5,0.0,0.9,7.0,0
0,5,93,49305,1,8,7756,0.892473118,0.107526882,0,33.33333333,0.0,0.1,5.4,0
0,4,0,259309,0,11,11425,0.0,0.0,0,0.0,0.117647059,0.0,6.461538462,0
0,10,52,2,1,7,5636,0.557692308,0.442307692,0,0.0,0.0,0.0,4.0,0
0,4,0,317915,1,9,4503,0.0,0.0,0,0.0,0.089285714,0.0,4.833333333,0
0,10,25,63,0,7,7491,0.52,0.48,0,0.0,0.037037037,0.0,7.0,0
1,1,27,1173481,0,13,-1,0.962962963,0.037037037,4,100.0,0.0,0.0,6.5,1
0,5,336,66410,1,6,8336,0.645833333,0.354166667,0,25.0,0.048780488,0.042016807,5.666666667,0
1,0,9,0,0,0,-1,1.0,0.0,0,0.0,0.0,0.0,0.0,1
1,5,5,8307276,1,10,4838,0.6,0.4,0,100.0,0.0,0.0,5.714285714,0
1,0,18,8262494,0,8,360,0.833333333,0.166666667,0,0.0,0.047619048,0.0,4.5,1
1,5,116,888250,1,8,8812,0.939655172,0.060344828,0,25.0,0.0,0.142857143,5.166666667,0
1,6,20,9301,1,10,5406,0.45,0.55,0,58.82352941,0.109589041,0.181818182,4.555555556,0
1,1,21,0,1,8,588,0.904761905,0.095238095,3,100.0,0.0,0.0,4.8,1
1,2,0,150140,0,8,8294,0.0,0.0,2,0.0,0.019230769,0.0,5.0,1
0,3,56,2646678,0,0,1340,0.392857143,0.607142857,0,54.54545455,0.0,0.117647059,0.0,0
1,2,5,0,0,0,5440,0.0,1.0,0,0.0,0.0,0.0,0.0,0
0,3,33,7301451,1,9,4785,1.0,0.0,0,100.0,0.015384615,0.0,5.6,0
0,2,9,646312,1,0,-1,0.333333333,0.666666667,0,33.33333333,0.0,0.166666667,0.0,0
1,3,0,10313348,0,32,5233,0.0,0.0,0,0.0,0.3,0.0,15.0,1
1,0,4,0,1,8,3437,1.0,0.0,3,100.0,0.0,0.0,4.833333333,1
0,1,20,181624,1,0,3639,0.55,0.45,0,100.0,0.0,0.0,0.0,0
0,2,14,0,1,0,2700,0.285714286,0.7142857140000001,0,0.0,0.0,0.5,0.0,0
0,6,298,1179,1,13,8759,0.55033557,0.44966443,0,25.0,0.0681818179999999,0.134328358,7.0,0
0,5,40,6416,1,10,2077,0.275,0.725,0,96.42857143,0.0,0.034482759,6.0,0
0,10,15,1,0,0,8350,0.4,0.6,0,0.0,0.0,0.444444444,0.0,0
1,2,6,2617839,0,9,-1,0.333333333,0.666666667,0,0.0,0.095890411,0.0,6.0,1
1,5,175,7962,1,8,6377,0.5371428570000001,0.462857143,0,21.21212121,0.0,0.518518519,6.0,0
0,5,9,32,0,43,7764,0.0,1.0,0,0.0,0.045454545,0.0,16.83333333,1
0,4,104,0,1,0,2421,0.903846154,0.096153846,0,100.0,0.0,0.2,0.0,0
1,0,8,0,0,7,-1,1.0,0.0,0,0.0,0.0,0.0,5.2,1
1,0,27,0,0,5,6636,1.0,0.0,1,0.0,0.12244898,0.0,2.75,1
1,0,4,5828815,0,17,4003,1.0,0.0,0,100.0,0.149253731,0.0,8.375,1
0,5,65,293870,1,0,4079,0.923076923,0.076923077,0,33.33333333,0.0,0.4,0.0,0
1,5,21,0,0,9,5616,0.19047619,0.80952381,0,25.0,0.204081633,0.176470588,9.0,1
1,1,14,6613,0,109,1881,0.285714286,0.7142857140000001,2,0.0,0.203703704,0.1,21.17857143,1
0,5,190,38608,1,12,9217,0.963157895,0.036842105,0,88.88888889,0.074074074,0.428571429,5.384615385,0
0,3,80,0,1,0,-1,0.775,0.225,0,47.82608696,0.0,0.333333333,0.0,0
0,3,430,3255580,0,0,5808,0.904651163,0.095348837,0,64.58333333,0.032258065,0.0,0.0,0
0,2,134,2494084,0,0,6255,0.955223881,0.044776119,0,62.5,0.0,0.0,0.0,0
0,6,186,683,1,14,6259,0.8494623659999999,0.150537634,0,51.72413793,0.0,0.0,14.0,0
1,0,4,0,0,0,8,1.0,0.0,0,100.0,0.0625,0.0,0.0,1
1,2,31,1196152,0,6,1015,0.032258065,0.967741935,0,0.0,0.281690141,0.1,5.0,1
1,5,207,31609,1,8,8185,0.942028986,0.057971014,0,23.07692308,0.018181818,0.333333333,7.5,0
1,0,0,0,0,6,75,0.0,0.0,0,0.0,0.083333333,0.0,6.0,1
0,2,39,0,1,0,5421,0.948717949,0.051282051,0,93.10344828,0.0,1.0,0.0,0
1,7,110,225,1,7,5811,0.681818182,0.318181818,0,33.33333333,0.0,0.171428571,5.666666667,0
1,0,0,4280394,1,32,-1,0.0,0.0,0,0.0,0.173076923,0.0,6.272727272999999,1
0,2,540,1457389,0,0,2472,0.996296296,0.003703704,0,85.71428571,0.0,0.0,0.0,0
1,0,0,0,0,8,7796,0.0,0.0,1,0.0,0.0,0.0,5.666666667,1
0,2,80,5462227,1,0,3843,0.975,0.025,0,66.66666667,0.0,0.0,0.0,0
0,3,372,327963,0,9,3806,0.981182796,0.018817204,0,94.01709402,0.131578947,0.142857143,7.0,0
1,6,52,2546,0,10,7815,0.673076923,0.326923077,0,41.17647059,0.0,0.411764706,7.666666667,0
0,2,35,0,1,0,2144,0.857142857,0.142857143,0,100.0,0.0,0.0,0.0,0
0,4,70,962335,1,0,4037,0.957142857,0.042857143,0,25.0,0.0,1.0,0.0,0
1,0,0,0,0,20,3381,0.0,0.0,0,0.0,0.115942029,0.0,6.6,1
1,0,24,0,0,8,477,0.458333333,0.541666667,1,0.0,0.0,0.0,4.5,1
1,0,0,9506603,0,7,3798,0.0,0.0,0,0.0,0.027027027,0.0,4.0,1
0,3,75,534441,0,8,-1,0.52,0.48,1,84.61538462,0.09375,0.055555556,4.375,0
0,2,100,0,0,0,-1,0.92,0.08,0,50.0,0.0,0.0,0.0,0
1,6,16,4744288,0,3,-1,0.9375,0.0625,0,50.0,0.0,1.0,3.0,1
1,1,4,0,1,16,2889,1.0,0.0,0,100.0,0.141025641,0.0,6.666666667,1
1,4,222,270689,1,6,6236,0.990990991,0.009009009,0,96.2962963,0.083333333,0.0,5.0,0
1,0,10,0,0,7,4378,1.0,0.0,0,0.0,0.041666667,0.0,6.0,1
1,2,13,0,0,7,-1,0.538461538,0.461538462,3,0.0,0.0,0.0,4.666666667,1
0,5,65,5881,1,9,4843,0.615384615,0.384615385,0,18.75,0.0,0.12,6.166666667,0
1,3,1,22884,0,0,2301,1.0,0.0,0,0.0,0.0,0.0,0.0,1
1,0,5,0,1,6,5230,0.4,0.6,1,0.0,0.0,0.666666667,6.0,1
1,0,51,5707171,0,17,3993,1.0,0.0,0,100.0,0.1484375,0.0,7.375,1
1,0,27,0,0,0,-1,1.0,0.0,0,100.0,0.0,0.0,0.0,1
1,0,0,0,0,13,3972,0.0,0.0,1,0.0,0.046511628,0.0,7.333333333,1
0,6,185,6679,1,8,6260,0.778378378,0.221621622,0,13.63636364,0.0,0.1707317069999999,7.2,0
1,4,0,50100,0,32,5784,0.0,0.0,0,0.0,0.3125,0.0,11.5,1
1,0,21,0,1,10,-1,0.428571429,0.571428571,3,33.33333333,0.042253521,0.0,4.381578947,1
1,0,15,0,0,5,1036,1.0,0.0,2,0.0,0.0,0.0,4.5,1
1,0,5,0,1,9,5228,0.4,0.6,2,0.0,0.009345794,0.666666667,4.125,1
1,0,21,0,0,6,-1,0.428571429,0.571428571,1,33.33333333,0.25,0.0,2.4,1
1,4,51,541454,1,8,2305,0.666666667,0.333333333,0,0.0,0.0,0.0,6.0,1
1,5,11,0,0,0,7296,0.272727273,0.727272727,0,0.0,0.0,0.0,0.0,1
0,5,324,139193,0,0,8415,0.953703704,0.046296296,0,34.782608700000004,0.0,0.0,0.0,0
1,1,47,341948,0,0,1950,0.0,1.0,1,0.0,0.027777778,0.0,0.0,1
1,4,29,209887,1,16,4822,0.896551724,0.103448276,0,25.0,0.0,0.666666667,16.0,0
0,3,27,0,0,0,6289,0.814814815,0.185185185,0,78.57142857,0.0,0.0,0.0,0
1,5,0,2868149,0,8,7800,0.0,0.0,0,0.0,0.115384615,0.0,8.0,1
1,2,12,0,0,72,736,0.666666667,0.333333333,1,80.0,0.465608466,0.0,23.42857143,1
1,3,135,2294,0,6,7158,0.911111111,0.088888889,0,82.60869565,0.139534884,0.833333333,4.5,0
1,0,82,0,0,6,5813,0.353658537,0.646341463,0,4.255319149,0.102941176,0.773584906,4.25,1
1,0,29,7343400,0,5,54,0.517241379,0.482758621,0,100.0,0.0,0.0,5.0,1
0,6,55,1616,1,9,2388,0.854545455,0.145454545,0,72.22222222,0.0,0.375,5.0,0
1,0,2,0,0,8,3237,1.0,0.0,3,0.0,0.05,0.0,5.0,1
1,6,298,763,1,12,9230,0.909395973,0.090604027,0,30.76923077,0.0862068969999999,0.148148148,6.6,0
0,6,117,690,1,8,9205,0.7863247859999999,0.213675214,0,26.66666667,0.0,0.4,7.0,0
0,3,195,1562899,1,0,8708,0.943589744,0.056410256,0,55.55555556,0.0,0.272727273,0.0,0
0,4,277,487488,1,2,7883,0.9566787,0.0433213,0,86.07594937,0.0,0.0,2.0,0
0,6,72,2778053,0,0,7772,0.472222222,0.5277777779999999,0,100.0,0.0,0.052631579,0.0,0
0,5,67,1547,1,7,5290,0.895522388,0.104477612,0,63.15789474,0.025,0.571428571,3.75,0
1,0,17,0,0,12,1794,0.058823529,0.941176471,0,0.0,0.01754386,0.125,6.2,1
0,7,434,12,0,13,7131,0.976958525,0.023041475,0,60.0,0.0,0.4,7.0,0
1,0,7,0,0,12,-1,0.857142857,0.142857143,3,0.0,0.0,1.0,6.0,1
1,2,184,4639,0,0,1547,0.222826087,0.7771739129999999,0,29.62962963,0.075,0.013986014,0.0,1
1,1,0,0,0,32,4377,0.0,0.0,0,0.0,0.202702703,0.0,12.25,1
1,5,93,4635,1,13,8053,0.946236559,0.053763441,0,0.0,0.0,0.6,13.0,0
0,4,31,162665,1,0,-1,0.580645161,0.419354839,0,12.5,0.0,0.076923077,0.0,0
1,0,0,6030823,0,6,160,0.0,0.0,0,0.0,0.0,0.0,5.0,1
1,2,48,4669,0,7,1546,0.9375,0.0625,2,83.33333333,0.041666667,0.0,5.0,1
1,2,0,0,1,8,8415,0.0,0.0,0,0.0,0.038461538,0.0,4.666666667,1
1,7,517,12,0,11,7133,0.936170213,0.063829787,0,75.55555556,0.0,0.212121212,7.5,0
0,5,16,0,0,0,7296,0.0625,0.9375,1,0.0,0.0,0.066666667,0.0,1
0,4,34,0,0,0,2695,0.764705882,0.235294118,0,11.11111111,0.0,0.25,0.0,0
0,6,92,2897,0,8,6686,0.673913043,0.326086957,0,31.81818182,0.0,0.0,5.666666667,0
0,7,610,13,0,10,7134,0.962295082,0.037704918,0,82.96296296,0.0,0.217391304,7.0,0
1,0,26,0,1,8,6510,0.7307692309999999,0.269230769,2,20.0,0.0,0.142857143,4.166666667,1
1,6,9,1666252,1,7,4917,0.0,1.0,0,0.0,0.0,0.0,7.0,0
1,8,100,23,1,12,10674,0.47,0.53,0,66.66666667,0.033333333,0.20754717,4.0,0
1,5,14,0,0,0,7295,0.071428571,0.928571429,0,14.28571429,0.029411765,0.846153846,0.0,1
0,5,230,48630,0,2,6434,0.973913043,0.026086957,0,63.63636364,0.0,0.833333333,2.0,0
1,1,280,0,1,8,2718,0.971428571,0.028571429,0,54.54545455,0.0,0.25,5.666666667,0
1,2,203,4669,0,0,1546,0.133004926,0.8669950740000001,0,6.666666667,0.073170732,0.034090909,0.0,1
0,2,12,142374,0,0,1317,1.0,0.0,0,100.0,0.0,0.0,0.0,1
1,1,4,0,0,9,4291,1.0,0.0,2,0.0,0.046875,0.0,5.333333333,1
1,5,6,3197,0,32,7975,1.0,0.0,0,100.0,0.337209302,0.0,9.666666667,1
1,5,0,17877,0,8,12156,0.0,0.0,0,0.0,0.134328358,0.0,5.285714286,0
1,4,33,56558,0,11,1934,0.96969697,0.03030303,0,0.0,0.0,0.0,6.833333333,0
1,0,51,5697976,0,17,3992,1.0,0.0,0,100.0,0.173228346,0.0,7.375,1
1,5,99,49873,1,10,5618,0.919191919,0.0808080809999999,0,72.72727273,0.0,0.75,4.857142857,0
0,4,313,544676,1,0,7364,0.987220447,0.012779553,0,0.0,0.0,0.25,0.0,0
1,0,4,0,0,14,2031,0.75,0.25,1,0.0,0.506493506,0.0,8.166666667000001,1
1,0,31,0,1,17,-1,0.483870968,0.516129032,1,0.0,0.4,0.4375,9.153846154,1
1,5,19,0,0,6,5627,0.6315789470000001,0.368421053,0,100.0,0.163636364,0.0,5.0,1
1,0,103,0,1,17,6831,0.932038835,0.067961165,0,0.0,0.035714286,0.285714286,17.0,1
1,1,0,0,0,7,6377,0.0,0.0,0,0.0,0.0,0.0,5.5,1
0,5,226,919168,0,0,7297,0.486725664,0.513274336,0,58.20105820000001,0.0,0.543103448,0.0,0
1,0,4,0,0,5,-1,0.5,0.5,0,0.0,0.322580645,1.0,3.0,1
1,4,1,544886,0,2,5025,1.0,0.0,0,0.0,0.0,0.0,2.0,1
0,3,204,1812190,1,0,4648,0.970588235,0.029411765,0,66.66666667,0.0,0.666666667,0.0,0
0,3,543,825963,1,7,5447,0.990791897,0.009208103,0,60.0,0.102564103,0.4,4.333333333,0
1,3,6,11753,0,17,4225,1.0,0.0,0,0.0,0.168141593,0.0,10.71428571,1
0,2,129,595635,1,0,5821,0.96124031,0.03875969,0,0.0,0.260869565,0.0,0.0,0
1,0,4,0,0,11,2248,1.0,0.0,2,100.0,0.0,0.0,5.428571429,1
1,5,10,0,0,0,7309,0.0,1.0,0,0.0,0.0,0.0,0.0,1
1,4,79,1368106,1,9,-1,0.265822785,0.734177215,0,0.0,0.0,0.275862069,8.5,0
1,8,5,2305,0,8,6753,0.8,0.2,0,0.0,0.035714286,0.0,8.0,1
1,0,0,0,0,0,18,0.0,0.0,0,0.0,0.0,0.0,0.0,1
0,6,7,31458,1,12,4368,1.0,0.0,0,0.0,0.072916667,0.0,6.444444444,0
1,0,0,0,0,12,-1,0.0,0.0,3,0.0,0.0,0.0,5.333333333,1
1,0,51,5697976,0,15,3992,1.0,0.0,0,100.0,0.144736842,0.0,8.5,1
0,6,218,683,0,13,6260,0.922018349,0.077981651,0,83.33333333,0.0,0.0,13.0,0
1,0,1,0,0,0,6868,0.0,1.0,0,0.0,0.369230769,0.0,0.0,1
1,4,247,0,0,8,2428,0.7935222670000001,0.206477733,0,42.85714286,0.0,0.0,5.833333333,0
1,2,0,0,0,8,-1,0.0,0.0,0,0.0,0.0,0.0,6.0,0
1,5,14,15868,0,0,2202,0.142857143,0.857142857,0,0.0,0.0,0.083333333,0.0,1
1,4,51,8181,1,8,4775,0.62745098,0.37254902,0,68.0,0.0123456789999999,0.210526316,4.7,0
0,5,84,41592,0,10,5499,0.928571429,0.071428571,0,75.0,0.0,0.5,5.25,0
0,3,8,40354,1,0,2317,0.625,0.375,0,25.0,0.0,0.666666667,0.0,0
1,0,87,0,1,5,-1,0.344827586,0.655172414,1,32.3943662,0.0,0.684210526,4.5,1
1,6,154,9295,1,2,9331,0.675324675,0.324675325,0,33.33333333,0.0,0.06,2.0,0
1,0,88,0,1,32,2046,0.897727273,0.102272727,3,85.71428571,0.188679245,0.5555555560000001,9.0,1
1,5,21,0,0,7,5615,0.19047619,0.80952381,2,25.0,0.0681818179999999,0.176470588,4.5,1
0,9,72,15,0,8,9399,0.583333333,0.4166666670000001,0,22.58064516,0.025974026,0.266666667,3.909090909,0
0,10,25,63,0,10,7490,0.52,0.48,0,0.0,0.0,0.0,10.0,0
1,0,0,0,0,13,602,0.0,0.0,0,0.0,0.1785714289999999,0.0,8.666666667000001,1
0,5,213,4055,1,12,7839,0.929577465,0.070422535,0,0.0,0.0,0.0,6.333333333,0
1,4,114,1009471,1,12,-1,0.921052632,0.078947368,0,77.14285714,0.0,0.0,4.461538462,0
0,10,52,2,1,11,5635,0.557692308,0.442307692,0,0.0,0.046511628,0.0,5.666666667,0
1,5,38,127246,1,12,8880,0.736842105,0.263157895,0,0.0,0.063063063,0.0,4.933333333,0
0,5,24,77911,1,7,6208,0.583333333,0.4166666670000001,0,66.66666667,0.047058824,0.0,3.75,0
1,8,0,385,0,5,7448,0.0,0.0,0,0.0,0.072289157,0.0,3.666666667,0
1,0,27,0,0,9,6638,1.0,0.0,0,0.0,0.083333333,0.0,7.666666667,1
0,5,213,3990,1,12,7841,0.929577465,0.070422535,0,0.0,0.0,0.066666667,5.428571429,0
0,2,0,2225082,0,0,917,0.0,0.0,0,0.0,0.0,0.0,0.0,1
0,2,217,828180,0,0,-1,0.594470046,0.405529954,0,15.38461538,0.0,0.147727273,0.0,0
0,6,20,650,1,9,8565,0.9,0.1,0,0.0,0.0,0.0,7.0,0
1,3,74,0,1,64,4097,0.445945946,0.554054054,3,17.39130435,0.273764259,0.073170732,12.11111111,1
0,6,82,1115,0,8,12710,0.695121951,0.304878049,1,47.22222222,0.0,0.0,6.75,0
1,1,6,0,0,139,4967,0.666666667,0.333333333,0,0.0,0.142857143,0.0,72.5,1
1,5,278,1581458,1,12,6265,0.863309353,0.136690647,0,84.21052632,0.0,0.578947368,10.0,0
1,2,571,177684,1,5,4182,0.99474606,0.00525394,0,85.71428571,0.0,1.0,4.333333333,0
1,4,560,176808,1,5,8414,0.905357143,0.094642857,0,25.0,0.0,0.056603774,5.0,0
1,0,51,5707171,0,17,3993,1.0,0.0,0,100.0,0.132352941,0.0,8.375,1
1,5,22,0,0,7,5615,0.181818182,0.818181818,3,25.0,0.042857143,0.166666667,4.75,1
0,3,12,3364923,1,0,5603,0.583333333,0.4166666670000001,0,77.77777778,0.0,0.0,0.0,0
1,10,25,1,0,44,8346,0.44,0.56,1,0.0,0.090909091,0.0,11.66666667,1
1,5,89,2188,0,10,7615,0.5842696629999999,0.415730337,1,72.97297297,0.0,0.054054054,7.0,0
1,0,47,0,0,0,-1,1.0,0.0,0,100.0,0.112676056,0.0,0.0,1
1,0,34,0,0,6,-1,1.0,0.0,0,100.0,0.019607843,0.0,5.5,1
1,0,10,0,0,0,657,0.3,0.7,0,0.0,0.0,0.142857143,0.0,1
1,2,0,0,1,9,-1,0.0,0.0,0,0.0,0.0,0.0,4.6,0
1,0,0,0,1,7,5971,0.0,0.0,0,0.0,0.037735849,0.0,5.25,1
0,6,415,8182,1,15,6315,0.944578313,0.055421687,0,16.66666667,0.056818182,0.173913043,6.75,0
1,1,0,0,1,8,5408,0.0,0.0,0,0.0,0.024390244,0.0,8.0,1
1,0,22,0,0,8,397,0.909090909,0.090909091,3,0.0,0.0,0.0,5.5,1
1,10,1,1,0,5,8346,0.0,1.0,2,0.0,0.247933884,0.0,2.166666667,1
0,7,127,599,1,6,9169,0.834645669,0.165354331,0,71.79487179,0.0,0.0,4.75,0
1,7,2228,8530,0,4,9269,0.996409336,0.003590664,0,99.65014577,0.125,0.75,4.0,0
0,8,196,136,1,14,5222,0.719387755,0.280612245,0,38.33333333,0.0,0.072727273,9.0,0
1,6,251,603,1,10,7838,0.772908367,0.227091633,0,28.57142857,0.033898305,0.263157895,8.333333332999999,0
1,0,22,0,1,42,1098,0.727272727,0.272727273,2,50.0,0.073825503,0.333333333,7.2,1
0,1,21,0,1,10,7006,1.0,0.0,0,0.0,0.029411765,0.0,10.0,1
0,2,61,443077,1,12,3683,0.8688524590000001,0.131147541,0,50.0,0.0,0.125,10.66666667,0
0,6,196,689,1,13,6256,0.857142857,0.142857143,0,53.33333333,0.0,0.0,13.0,0
1,0,28,2433519,1,30,1265,0.535714286,0.464285714,1,54.54545455,0.260606061,0.307692308,8.333333332999999,1
0,5,110,27218,1,9,5207,0.763636364,0.236363636,0,35.8974359,0.0,0.423076923,6.5,0
0,3,16,0,1,0,3271,0.6875,0.3125,0,100.0,0.0,0.0,0.0,0
1,7,6,38060,0,5,3152,1.0,0.0,0,0.0,0.052631579,0.0,5.0,1
1,0,0,0,0,12,5302,0.0,0.0,0,0.0,0.093023256,0.0,6.333333333,1
1,0,87,0,1,24,4554,0.344827586,0.655172414,4,32.3943662,0.079096045,0.684210526,7.117647058999999,1
1,0,17,0,0,18,-1,0.941176471,0.058823529,1,66.66666667,0.241071429,1.0,6.583333333,1
0,6,95,8315,1,0,9522,0.905263158,0.094736842,0,40.0,0.0,0.0,0.0,0
1,2,10,188429,0,8,4478,0.3,0.7,0,0.0,0.318181818,0.571428571,5.4,1
0,4,114,6293604,1,0,6593,0.061403509,0.938596491,0,22.22222222,0.0,0.299065421,0.0,0
1,0,9,0,0,0,1454,0.333333333,0.666666667,0,0.0,0.0,0.0,0.0,1
1,0,44,0,0,49,276,0.977272727,0.022727273,1,100.0,0.43697479,0.0,18.6,1
1,0,12,0,0,10,-1,0.75,0.25,0,100.0,0.0,0.0,5.777777778,0
1,1,7,0,0,5,605,0.857142857,0.142857143,1,0.0,0.0,0.0,4.0,1
1,3,24,0,0,0,4489,0.916666667,0.083333333,1,0.0,0.0,0.0,0.0,1
0,2,26,0,1,0,5233,0.384615385,0.615384615,0,22.22222222,0.0,0.375,0.0,0
0,4,18,2024745,0,0,4190,0.611111111,0.388888889,0,55.55555556,0.0,0.0,0.0,0
1,0,51,5707171,1,17,3992,1.0,0.0,0,100.0,0.1755725189999999,0.0,7.375,1
0,2,85,5973329,1,0,5545,0.952941176,0.047058824,0,60.0,0.0,1.0,0.0,0
1,3,1,17964,0,200,7083,0.0,1.0,0,0.0,0.106463878,0.0,31.85714286,1
1,10,1,1,0,8,8350,0.0,1.0,0,0.0,0.03125,0.0,8.0,0
1,0,0,0,1,32,1534,0.0,0.0,0,0.0,0.278481013,0.0,11.0,1
1,2,0,8262038,0,7,-1,0.0,0.0,1,0.0,0.0,0.0,4.6,1
0,4,984,11746,0,0,2168,0.7601626020000001,0.239837398,0,30.43478261,0.0,0.0,0.0,0
1,0,51,5697976,0,17,3992,1.0,0.0,0,100.0,0.218487395,0.0,7.375,1
1,0,0,0,1,9,255,0.0,0.0,1,0.0,0.0,0.0,5.0,1
1,0,193,0,1,12,503,0.7979274609999999,0.202072539,1,17.77777778,0.042553191,0.051282051,6.666666667,1
1,6,144,3754,1,7,8435,0.895833333,0.104166667,0,90.12345679,0.0,0.333333333,5.6,0
0,7,144,629,1,15,7478,0.895833333,0.104166667,0,67.44186047,0.203125,0.4,7.4,0
1,0,4,0,0,32,-1,0.75,0.25,4,0.0,0.150943396,0.0,7.555555556,1
0,5,146,71671,1,5,-1,0.931506849,0.068493151,0,64.70588235,0.151515152,0.1,3.0,0
0,1,13,60725,0,0,-1,0.923076923,0.076923077,0,0.0,0.0,2.0,0.0,0
0,3,543,169911,1,0,5337,0.994475138,0.0055248619999999,0,97.72727273,0.0,0.333333333,0.0,0
0,5,0,14605,0,8,8916,0.0,0.0,0,0.0,0.0,0.0,7.0,1
1,2,0,0,1,2,4265,0.0,0.0,0,0.0,0.037037037,0.0,2.0,1
1,1,10,0,0,7,2235,0.6,0.4,4,0.0,0.0,0.75,4.25,1
0,2,73,2965628,1,0,-1,0.643835616,0.356164384,0,69.23076923,0.0,0.115384615,0.0,0
1,3,220,0,1,10,4097,0.295454545,0.704545455,1,17.85714286,0.0,0.04516129,6.555555556,1
1,1,47,341948,0,0,1950,0.0,1.0,1,0.0,0.054054054,0.0,0.0,1
1,0,20,3273064,0,23,496,1.0,0.0,1,0.0,0.278688525,0.0,15.6,1
1,2,46,1546214,1,11,-1,0.434782609,0.565217391,0,18.51851852,0.028985507,0.7692307690000001,4.625,0
0,5,87,264522,1,17,7530,0.954022989,0.045977011,0,97.77777778,0.0,0.5,11.4,0
0,3,29,672283,1,0,1594,0.620689655,0.379310345,0,80.0,0.047619048,0.181818182,0.0,0
0,5,307,71252,1,0,8227,0.986970684,0.013029316,0,72.72727273,0.0,0.25,0.0,0
0,4,123,59591,1,10,4444,0.926829268,0.073170732,0,40.0,0.0,0.222222222,7.5,0
0,4,42,0,1,0,7932,0.642857143,0.357142857,0,46.66666667,0.0,0.133333333,0.0,0
1,5,89,2939,1,12,7812,0.853932584,0.146067416,0,18.18181818,0.029850746,0.153846154,7.4,0
1,1,0,0,0,13,5438,0.0,0.0,2,0.0,0.008928571,0.0,9.333333333,1
0,1,40,0,1,5,-1,0.55,0.45,0,69.69696970000001,0.0,0.333333333,4.0,0
1,4,0,3014313,0,11,-1,0.0,0.0,0,0.0,0.16,0.0,11.0,1
0,5,89,53192,0,0,2504,0.853932584,0.146067416,0,57.14285714,0.0,0.0,0.0,0
1,4,12,30,0,64,6591,0.333333333,0.666666667,1,0.0,0.3527272729999999,0.0,7.322580645,0
0,6,127,259358,1,0,-1,0.992125984,0.007874016,0,100.0,0.0,0.0,0.0,0
1,2,113,2396418,1,7,4364,0.92920354,0.07079646,0,45.45454545,0.0,0.375,5.0,0
0,4,84,581047,1,0,4029,0.6785714290000001,0.321428571,0,75.0,0.0,0.0,0.0,0
0,6,269,184,1,12,5887,0.8847583640000001,0.115241636,0,83.33333333,0.074626866,0.096774194,6.5,0
0,5,2,557365,1,8,6564,1.0,0.0,0,0.0,0.109090909,0.0,5.2,0
1,3,71,2336,0,7,7160,0.943661972,0.056338028,0,100.0,0.159090909,1.0,4.75,0
1,2,0,0,0,0,190,0.0,0.0,0,0.0,0.176470588,0.0,0.0,1
0,3,66,92156,0,9,-1,0.515151515,0.484848485,0,19.35483871,0.070175439,0.375,6.75,0
1,4,184,2995662,1,28,-1,0.668478261,0.331521739,0,62.82051282,0.046875,0.032786885,28.0,0
0,7,315,12,0,5,7130,0.898412698,0.101587302,0,64.04494382,0.0,0.03125,3.0,0
0,7,292,436,0,8,7658,0.97260274,0.02739726,0,72.22222222,0.0,0.625,7.0,0
0,0,32,0,0,40,250,0.59375,0.40625,0,0.0,0.078651685,0.153846154,9.166666667,1
0,8,282,422,1,30,6065,0.425531915,0.574468085,0,33.33333333,0.010989011,0.092592593,7.875,0
0,6,0,5943,1,12,12168,0.0,0.0,0,0.0,0.058823529,0.0,6.25,0
0,5,97,12371,1,7,3733,0.7628865979999999,0.237113402,0,84.0,0.131147541,0.304347826,3.571428571,0
1,0,4,0,1,7,569,0.5,0.5,3,66.66666667,0.0,0.0,4.0,1
0,4,0,41143,0,7,5271,0.0,0.0,0,0.0,0.116666667,0.0,5.333333333,0
1,2,40,817298,0,8,2687,0.9,0.1,0,0.0,0.109375,1.0,4.125,0
1,2,30,0,1,32,5766,0.966666667,0.033333333,0,100.0,0.209876543,0.0,14.66666667,1
0,6,132,690,1,9,9205,0.787878788,0.212121212,0,19.35483871,0.0,0.357142857,7.5,0
1,7,52,0,0,0,5243,0.980769231,0.019230769,1,0.0,0.0,0.0,0.0,1
0,6,0,726,1,12,7222,0.0,0.0,0,0.0,0.0,0.0,8.0,0
1,0,123,0,0,32,2048,0.073170732,0.926829268,3,16.66666667,0.191666667,0.00877193,8.8,1
0,1,67,0,1,0,932,0.955223881,0.044776119,0,0.0,0.0,0.0,0.0,0
1,0,1,0,0,17,-1,1.0,0.0,0,0.0,0.248366013,0.0,4.739130435,1
0,5,106,10631,1,11,7523,0.754716981,0.245283019,0,37.5,0.0,0.038461538,7.0,0
0,4,33,135943,1,0,-1,0.212121212,0.787878788,0,22.22222222,0.0,0.692307692,0.0,0
1,4,7,0,0,31,8018,0.0,1.0,0,0.0,0.109195402,0.0,6.5625,1
0,7,63,282,1,11,5049,0.6984126979999999,0.301587302,0,92.0,0.135416667,0.0,4.285714286,0
1,4,0,50100,0,32,5784,0.0,0.0,0,0.0,0.297619048,0.0,12.5,1
1,0,0,0,0,4,4182,0.0,0.0,0,0.0,0.0,0.0,3.0,1
0,4,39,61726,1,0,4715,0.641025641,0.358974359,0,0.0,0.0,0.0,0.0,0
1,3,150,0,1,6,-1,0.973333333,0.026666667,0,57.14285714,0.037735849,0.25,3.5,0
0,2,107,2892561,1,0,3900,0.953271028,0.046728972,0,0.0,0.0,0.2,0.0,0
0,6,250,0,1,8,6260,0.888,0.112,0,53.33333333,0.0,0.0,8.0,0
0,4,264,46830,1,6,5886,0.916666667,0.083333333,0,84.61538462,0.0,0.1363636359999999,6.0,0
0,3,319,0,0,0,-1,0.996865204,0.003134796,0,100.0,0.0,1.0,0.0,0
1,0,465,0,0,0,165,0.935483871,0.064516129,0,51.66666667,0.024390244,0.2,0.0,1
0,10,52,2,1,11,5640,0.557692308,0.442307692,0,0.0,0.046511628,0.0,5.666666667,0
1,2,26,0,1,15,-1,1.0,0.0,3,0.0,0.112359551,0.0,4.8,1
1,0,51,5707171,0,17,3993,1.0,0.0,0,100.0,0.12,0.0,8.142857142999999,1
0,5,90,1062972,1,0,-1,0.8444444440000001,0.1555555559999999,0,56.52173913,0.0,0.428571429,0.0,0
0,10,53,8,1,14,8520,0.622641509,0.377358491,0,80.0,0.0,0.0,14.0,0
0,8,67,0,0,0,5159,0.7910447759999999,0.208955224,0,75.43859649,0.0,0.071428571,0.0,0
1,6,38,19406,0,14,-1,0.947368421,0.052631579,0,100.0,0.0,1.0,14.0,1
1,0,1,0,1,9,1466,0.0,1.0,0,0.0,0.0,0.0,9.0,1
1,3,28,0,0,1,6382,0.035714286,0.964285714,0,0.0,0.020833333,0.037037037,1.0,1
0,7,203,1290,1,8,5509,0.9408867,0.0591133,0,29.41176471,0.0,0.833333333,4.333333333,0
1,0,4,0,0,7,-1,1.0,0.0,0,100.0,0.123076923,0.0,4.571428571,1
1,0,4,5828815,0,15,4004,1.0,0.0,0,100.0,0.147058824,0.0,8.5,1
0,3,108,448264,1,6,-1,0.768518519,0.231481481,0,94.59459459,0.078431373,0.0,4.5,0
1,0,0,0,0,13,561,0.0,0.0,0,0.0,0.163934426,0.0,8.666666667000001,1
0,4,30,8888670,1,0,3154,0.433333333,0.566666667,0,0.0,0.0,0.235294118,0.0,0
0,2,36,210090,1,4,3898,0.638888889,0.361111111,0,68.75,0.0,0.153846154,4.0,0
0,3,126,320352,1,0,3890,0.738095238,0.261904762,0,31.25,0.0,0.0,0.0,0
1,5,99,39563,1,9,7224,0.757575758,0.242424242,1,7.142857143,0.0,0.041666667,6.75,0
0,0,0,138859,0,0,1079,0.0,0.0,0,0.0,0.0,0.0,0.0,1
1,3,4,0,1,11,4088,1.0,0.0,1,0.0,0.105263158,0.0,5.0,1
0,2,112,0,0,0,-1,0.928571429,0.071428571,0,30.0,0.0,0.875,0.0,0
0,2,13,6417540,2,44,1963,0.692307692,0.307692308,0,87.5,0.177777778,0.25,15.25,0
0,7,0,2793,1,8,12805,0.0,0.0,0,0.0,0.057971014,0.0,4.375,0
0,5,35,1006585,0,13,7354,0.371428571,0.628571429,0,8.695652174,0.0,0.0,6.6,0
0,10,25,63,0,6,7489,0.52,0.48,0,0.0,0.0,0.0,6.0,0
1,5,13,0,0,0,7295,0.076923077,0.923076923,0,16.66666667,0.055555556,0.833333333,0.0,1
0,1,40,0,1,0,3166,0.425,0.575,0,18.75,0.0,0.347826087,0.0,0
1,0,0,0,0,0,5,0.0,0.0,0,0.0,0.0,0.0,0.0,1
1,0,0,1027982,0,12,-1,0.0,0.0,0,0.0,0.479591837,0.0,4.428571429,1
1,1,47,341948,0,0,1950,0.0,1.0,1,0.0,0.028571429,0.0,0.0,1
1,2,7,7232787,0,30,7967,1.0,0.0,1,0.0,0.244318182,0.0,8.058823529,1
0,5,542,618,0,7,6430,0.913284133,0.0867158669999999,0,78.73303167,0.0,0.255319149,5.5,0
0,0,5,0,0,6,-1,0.4,0.6,1,0.0,0.076923077,0.666666667,6.0,1
1,1,21,0,1,12,-1,0.666666667,0.333333333,1,75.0,0.0,0.142857143,9.0,1
1,0,4,0,0,6,2604,1.0,0.0,0,100.0,0.0,0.0,4.666666667,1
0,0,0,6482502,1,6,-1,0.0,0.0,0,0.0,0.1363636359999999,0.0,4.333333333,0
1,0,25,0,0,6,2179,1.0,0.0,0,100.0,0.038461538,0.0,3.5,1
1,0,0,0,1,10,343,0.0,0.0,1,0.0,0.0,0.0,5.0,1
0,5,130,2190,0,10,7615,0.623076923,0.3769230770000001,0,90.32258065,0.0,0.020408163,6.666666667,0
0,5,83,0,0,0,7297,0.469879518,0.5301204820000001,0,63.15789474,0.0,0.340909091,0.0,0
1,3,43,3317498,1,13,4664,0.953488372,0.046511628,0,50.0,0.0,0.0,7.333333333,0
0,3,4,163093,1,0,-1,0.5,0.5,0,50.0,0.0,0.0,0.0,0
0,4,31,6126546,0,0,1557,0.7419354840000001,0.258064516,0,0.0,0.0,0.625,0.0,0
1,0,48,0,0,32,-1,1.0,0.0,0,100.0,0.365079365,0.0,14.0,1
1,3,7,7601391,0,11,-1,0.0,1.0,1,0.0,0.022222222,0.142857143,7.333333333,1
1,0,15,0,0,5,847,1.0,0.0,1,100.0,0.0,0.0,3.666666667,1
1,0,5,0,1,0,97,0.0,1.0,0,0.0,0.0,0.4,0.0,1
1,5,0,0,0,0,5626,0.0,0.0,0,0.0,0.1607142859999999,0.0,0.0,1
1,3,0,4365,0,10,1953,0.0,0.0,0,0.0,0.019230769,0.0,9.0,1
0,4,266,24609,0,11,8823,0.7518796990000001,0.248120301,0,97.93814433,0.0,0.0,6.8,0
1,5,22,0,0,17,5626,0.181818182,0.818181818,0,25.0,0.050847458,0.277777778,7.666666667,1
1,2,10,0,1,8,3228,0.0,1.0,4,0.0,0.0,0.0,5.6,1
1,1,6,0,0,75,4967,0.666666667,0.333333333,0,0.0,0.119047619,0.0,48.33333333,1
1,0,4,5816617,0,17,4003,1.0,0.0,0,100.0,0.1484375,0.0,7.375,1
0,6,283,133,0,7,8149,0.890459364,0.109540636,0,89.47368421,0.0,0.032258065,5.0,0
0,4,155,101301,1,8,5633,0.870967742,0.129032258,1,30.76923077,0.098039216,0.2,6.666666667,0
1,5,21,0,0,17,5627,0.19047619,0.80952381,0,25.0,0.033333333,0.294117647,7.666666667,1
1,0,0,0,1,2,3319,0.0,0.0,0,0.0,0.0,0.0,2.0,1
1,0,9,0,0,8,3325,1.0,0.0,0,0.0,0.031746032,0.0,5.166666667,1
1,0,8,0,1,10,939,0.125,0.875,0,0.0,0.0,1.0,6.0,1
0,5,47,2799686,0,0,7299,0.212765957,0.787234043,0,20.0,0.0,0.243243243,0.0,0
0,4,38,52436,1,8,4093,0.5,0.5,0,53.84615385,0.074074074,0.210526316,4.444444444,0
1,5,18,10149,1,8,2428,0.833333333,0.166666667,2,0.0,0.125,0.0,5.428571429,1
0,7,66,2069,0,9,10570,0.833333333,0.166666667,0,38.88888889,0.0,0.454545455,4.0,0
0,5,52,20677,0,10,7185,0.980769231,0.019230769,0,100.0,0.0,0.0,7.5,0
0,4,248,6413,1,11,7991,0.810483871,0.189516129,0,50.0,0.0,0.021276596,8.0,0
0,0,40,0,0,3,-1,0.95,0.05,0,100.0,0.476190476,0.5,2.5,1
1,0,53,8796499,1,12,-1,1.0,0.0,0,0.0,0.0,0.0,6.8,1
0,7,165,582,1,13,7927,0.551515152,0.448484848,0,21.42857143,0.134453782,0.175675676,6.916666667,0
1,4,26,0,0,26,8019,0.115384615,0.884615385,0,0.0,0.056962025,0.0,7.461538462,1
0,2,104,3183602,1,0,5416,0.961538462,0.038461538,0,100.0,0.0,0.0,0.0,0
0,4,243,760073,1,0,7071,0.897119342,0.102880658,0,50.0,0.0,0.16,0.0,0
1,5,21,0,0,5,5614,0.19047619,0.80952381,0,25.0,0.264150943,0.176470588,4.0,1
1,2,48,4639,0,13,1546,0.9375,0.0625,0,83.33333333,0.042857143,0.0,6.4,1
1,0,0,0,0,33,-1,0.0,0.0,0,0.0,0.5,0.0,11.66666667,1
0,5,29,122063,1,5,7296,0.8620689659999999,0.137931034,0,0.0,0.102564103,0.0,4.333333333,0
1,0,7,0,0,7,1629,0.0,1.0,3,0.0,0.06557377,0.0,4.285714286,1
0,4,114,54936,0,7,2730,0.973684211,0.026315789,0,66.66666667,0.0,1.0,5.5,0
1,1,7,1493278,1,7,750,0.857142857,0.142857143,3,0.0,0.0,1.0,5.1428571430000005,1
0,2,75,1287255,1,0,6142,0.893333333,0.106666667,0,100.0,0.0,0.0,0.0,0
0,0,40,0,0,0,931,0.7,0.3,0,100.0,0.0,0.0,0.0,1
1,1,0,0,0,32,359,0.0,0.0,1,0.0,0.233333333,0.0,10.6,1
0,3,8,687004,1,20,7547,0.375,0.625,0,62.5,0.1578947369999999,0.2,13.0,0
0,2,47,2676195,1,0,-1,0.425531915,0.574468085,0,20.0,0.0,0.0,0.0,0
0,7,308,2183,1,9,7413,0.970779221,0.029220779,0,0.0,0.0,0.222222222,4.583333333,0
0,4,24,1815693,1,10,6708,0.25,0.75,0,10.0,0.0,0.0,6.4,0
0,5,22,0,0,14,5634,1.0,0.0,0,100.0,0.0,0.0,14.0,0
0,3,165,89484,1,0,3251,0.951515152,0.048484848,0,91.66666667,0.0,0.375,0.0,0
0,2,45,227086,1,13,3624,0.666666667,0.333333333,0,20.0,0.0,0.2,13.0,0
1,7,367,148,1,8,9635,0.498637602,0.5013623979999999,0,0.0,0.0,0.413043478,5.666666667,0
1,1,13,0,0,7,295,0.230769231,0.7692307690000001,0,100.0,0.0,0.0,4.4,1
0,5,75,0,0,0,7296,0.44,0.56,0,62.5,0.0,0.023809524,0.0,0
0,8,51,9506221,0,1,5160,0.8039215690000001,0.196078431,0,80.0,0.0,0.0,1.0,0
1,2,44,4669,0,0,1546,0.545454545,0.454545455,0,25.0,0.081081081,0.0,0.0,1
0,5,38,213039,1,0,2906,0.894736842,0.105263158,0,0.0,0.0,0.25,0.0,0
0,4,45,1204909,1,0,4652,0.7777777779999999,0.222222222,0,75.0,0.0,0.1,0.0,0
0,2,86,0,1,0,-1,0.348837209,0.651162791,0,35.41666667,0.0,0.1607142859999999,0.0,0
1,5,21,0,0,0,5616,0.19047619,0.80952381,0,25.0,0.081081081,0.176470588,0.0,1
0,5,190,756841,1,4,7806,0.831578947,0.168421053,0,40.81632653,0.0,0.1875,3.5,0
0,4,63,81918,1,7,7268,0.920634921,0.079365079,0,100.0,0.117647059,0.0,4.2,0
1,0,5,0,0,11,205,1.0,0.0,0,0.0,0.0,0.0,6.6,1
1,8,0,0,0,7,5158,0.0,0.0,0,0.0,0.0,0.0,7.0,1
1,5,11,0,0,0,5626,1.0,0.0,0,0.0,0.1875,0.0,0.0,1
1,0,27,0,0,5,6635,1.0,0.0,1,0.0,0.111111111,0.0,2.333333333,1
1,1,3,23941,0,0,724,1.0,0.0,0,0.0,0.153846154,0.0,0.0,1
1,0,51,2580873,0,32,1659,0.588235294,0.411764706,0,100.0,0.285714286,0.095238095,8.666666667000001,1
1,0,45,0,0,0,1141,1.0,0.0,0,0.0,0.1578947369999999,0.0,0.0,1
0,5,13,1564303,0,0,-1,0.846153846,0.153846154,0,100.0,0.0,0.0,0.0,0
1,2,7,10081771,0,139,-1,0.571428571,0.428571429,0,0.0,0.144578313,0.0,72.5,1
1,0,45,0,0,0,1231,1.0,0.0,0,0.0,0.2,0.0,0.0,1
1,3,83,346022,0,8,2527,0.6144578310000001,0.385542169,1,9.375,0.371900826,0.1875,4.8125,1
0,5,55,136610,1,9,7737,1.0,0.0,0,100.0,0.105263158,0.0,4.428571429,0
0,1,25,1148672,0,18,-1,0.88,0.12,0,66.66666667,0.06,0.333333333,18.0,1
1,4,50,23288,1,11,7530,1.0,0.0,0,100.0,0.133333333,0.0,11.0,1
1,1,8,1569597,0,11,4631,1.0,0.0,0,0.0,0.023255814,0.0,6.428571429,1
1,4,26,0,0,38,8019,0.115384615,0.884615385,0,0.0,0.083333333,0.0,6.909090909,1
1,5,22,0,0,0,5627,0.181818182,0.818181818,1,25.0,0.058823529,0.277777778,0.0,1
0,5,162,214843,1,7,8578,0.907407407,0.092592593,0,53.33333333,0.060606061,0.4,5.833333333,0
1,0,51,5697976,1,17,3992,1.0,0.0,0,100.0,0.113821138,0.0,7.375,1
0,6,301,1167,1,13,8759,0.554817276,0.445182724,0,25.0,0.063063063,0.134328358,6.25,0
1,6,58,386,0,32,7826,0.0,1.0,0,0.0,0.203703704,0.0,16.5,1
1,0,26,0,1,9,2669,1.0,0.0,3,100.0,0.0,0.0,5.4,1
1,0,25,0,0,16,-1,0.16,0.84,1,30.76923077,0.125,0.428571429,4.615384615,1
0,6,96,685,1,9,9201,0.864583333,0.135416667,0,41.17647059,0.0,0.0,6.0,0
0,4,182,277036,1,0,7603,0.489010989,0.510989011,0,1.4492753619999998,0.0,0.322580645,0.0,0
1,2,7,0,0,9,7004,1.0,0.0,3,0.0,0.076086957,0.0,5.8,1
1,3,1,18263,0,192,7086,0.0,1.0,0,0.0,0.421404682,0.0,19.61538462,1
0,4,27,657765,1,0,7711,0.62962963,0.37037037,0,55.55555556,0.0,0.0,0.0,0
0,0,52,0,1,0,-1,0.961538462,0.038461538,0,0.0,0.0,1.0,0.0,0
1,1,7,0,1,13,3779,1.0,0.0,0,0.0,0.0,0.0,10.25,1
0,4,271,57972,0,8,3579,0.47601476,0.52398524,0,9.523809524,0.0,0.133802817,7.333333333,0
1,5,21,0,0,9,5616,0.19047619,0.80952381,0,25.0,0.021276596,0.176470588,9.0,1
0,6,106,300,1,8,7671,0.933962264,0.066037736,0,36.36363636,0.0,0.285714286,4.4,0
0,5,94,2873,1,10,4486,0.936170213,0.063829787,0,70.0,0.0,0.0,7.2,0
1,5,10,0,0,0,7295,0.1,0.9,0,33.33333333,0.027777778,0.7777777779999999,0.0,1
1,5,140,2709,1,14,1925,0.964285714,0.035714286,0,33.33333333,0.024096386,0.4,5.444444444,0
0,3,186,189976,1,0,5091,0.779569892,0.220430108,0,9.523809524,0.0,0.243902439,0.0,0
0,0,101,3777965,1,0,1036,0.752475248,0.247524752,0,33.33333333,0.0,0.12,0.0,0
0,0,9,10696810,0,8,-1,0.444444444,0.5555555560000001,0,0.0,0.051282051,0.0,4.75,1
1,0,122,0,0,32,1710,0.254098361,0.7459016390000001,0,18.42105263,0.344262295,0.076923077,12.66666667,1
1,3,48,1228386,1,3,6141,0.5625,0.4375,1,44.0,0.0,0.238095238,3.0,1
1,4,5,61742,0,383,-1,0.8,0.2,0,0.0,0.125301205,0.0,194.5,1
1,0,12,0,0,7,59,1.0,0.0,1,100.0,0.019230769,0.0,5.25,1
0,4,243,1205178,1,0,2883,0.909465021,0.090534979,0,91.26984127,0.0,0.0,0.0,0
1,3,0,8597551,0,13,6298,0.0,0.0,3,0.0,0.0,0.0,5.833333333,1
0,4,113,264470,1,0,3484,0.477876106,0.522123894,0,93.33333333,0.0,0.016949153,0.0,0
1,0,0,0,0,8,-1,0.0,0.0,0,0.0,0.0,0.0,5.5,1
0,2,36,0,1,0,6732,0.5555555560000001,0.444444444,0,0.0,0.0,0.0625,0.0,0
1,0,0,0,0,0,2,0.0,0.0,0,0.0,0.0,0.0,0.0,1
0,3,38,9943343,1,8,2295,0.7894736840000001,0.210526316,0,33.33333333,0.0,0.5,4.0,0
0,2,96,0,1,0,-1,0.885416667,0.114583333,0,81.57894737,0.0,0.272727273,0.0,0
1,3,8,4365,0,10,1953,0.125,0.875,0,0.0,0.0,0.0,10.0,1
1,0,0,0,0,4,3809,0.0,0.0,0,0.0,0.0,0.0,3.666666667,1
0,6,18,38,0,0,-1,0.5,0.5,0,0.0,0.0,0.7777777779999999,0.0,0
1,8,0,388,0,8,7450,0.0,0.0,0,0.0,0.111111111,0.0,3.8,0
1,1,8,1571953,0,9,4632,1.0,0.0,0,0.0,0.028169014,0.0,4.285714286,1
0,7,329,2183,1,9,7412,0.896656535,0.103343465,0,0.0,0.045454545,0.794117647,5.428571429,0
0,5,88,366576,1,0,7347,0.795454545,0.204545455,0,0.0,0.0,0.0,0.0,0
1,0,6,0,0,8,634,0.0,1.0,0,0.0,0.0,0.0,5.5,1
0,3,80,6768507,1,31,7208,0.9125,0.0875,0,33.33333333,0.0,0.0,14.33333333,0
1,10,1,1,0,18,8347,0.0,1.0,0,0.0,0.010204082,0.0,8.428571429,1
0,7,487,12,0,9,7132,0.965092402,0.034907598,0,66.66666667,0.0,0.352941176,6.666666667,0
0,4,0,655109,0,0,5070,0.0,0.0,0,0.0,0.0,0.0,0.0,0
1,4,34,2030586,0,10,8148,0.941176471,0.058823529,0,0.0,0.074380165,0.5,4.4117647060000005,0
1,0,38,0,0,3,-1,0.973684211,0.026315789,0,66.66666667,0.476190476,0.0,2.5,1
0,4,287,4394,0,13,6645,0.846689895,0.153310105,0,89.65517241,0.194444444,0.045454545,8.0,0
1,2,6,0,0,167,2612,0.666666667,0.333333333,0,0.0,0.141414141,0.0,86.5,1
1,0,103,0,1,18,6831,0.932038835,0.067961165,0,0.0,0.056603774,0.285714286,18.0,1
0,4,45,239609,1,9,7200,0.8444444440000001,0.1555555559999999,0,33.33333333,0.018181818,0.428571429,6.0,0
1,0,22,0,0,6,36,1.0,0.0,0,100.0,0.0,0.0,3.5,1
1,1,11,0,0,32,-1,1.0,0.0,3,0.0,0.274725275,0.0,9.333333333,1
1,2,23,0,0,0,808,1.0,0.0,0,100.0,0.11627907,0.0,0.0,1
0,5,51,270082,1,7,6747,0.568627451,0.431372549,0,0.0,0.075,0.590909091,5.5,0
0,7,156,12,0,4,7134,0.948717949,0.051282051,0,57.89473684,0.0,0.375,3.5,0
1,5,0,86683,0,12,10357,0.0,0.0,0,0.0,0.151515152,0.0,6.285714286,0
0,5,122,49758,1,0,3366,0.032786885,0.967213115,0,12.5,0.0,0.016949153,0.0,0
1,2,20,97974,0,19,1272,0.4,0.6,0,0.0,0.300970874,0.25,8.125,1
1,0,51,5707171,0,17,3993,1.0,0.0,0,100.0,0.133858268,0.0,7.375,1
0,2,94,0,1,9,6381,0.457446809,0.542553191,0,50.0,0.017857143,0.019607843,6.0,0
0,2,38,1280998,1,0,5518,0.394736842,0.605263158,0,42.85714286,0.0,0.043478261,0.0,0
1,4,65,82590,1,8,5438,0.923076923,0.076923077,3,0.0,0.072289157,0.0,5.875,0
1,0,12,0,1,10,2317,1.0,0.0,0,0.0,0.0,0.0,4.0,1
0,2,0,0,0,0,2837,0.0,0.0,0,0.0,0.0,0.0,0.0,1
1,5,22,3461918,0,17,5614,0.181818182,0.818181818,0,25.0,0.046153846,0.166666667,7.666666667,1
0,3,58,627905,1,0,-1,0.7758620690000001,0.224137931,0,81.08108108,0.0,0.230769231,0.0,0
1,0,0,0,1,7,5972,0.0,0.0,0,0.0,0.018867925,0.0,5.25,1
1,2,0,4070911,0,4,2297,0.0,0.0,0,0.0,0.0,0.0,3.5,1
0,3,40,3269595,1,0,-1,0.7,0.3,0,100.0,0.0,0.0,0.0,0
0,2,19,0,1,0,6742,0.578947368,0.421052632,0,87.5,0.0,0.0,0.0,0
0,10,52,2,1,11,5639,0.557692308,0.442307692,0,0.0,0.023255814,0.0,5.666666667,0
1,0,25,0,0,26,-1,0.16,0.84,3,30.76923077,0.165137615,0.428571429,7.833333333,1
1,1,0,0,0,13,6389,0.0,0.0,0,0.0,0.188679245,0.0,8.666666667000001,1
0,8,113,3328366,0,0,7448,0.10619469,0.89380531,0,26.43678161,0.0,0.108910891,0.0,0
1,2,3,8316,0,0,1548,0.0,1.0,0,0.0,0.033333333,0.0,0.0,1
0,2,33,105571,0,8,2979,0.787878788,0.212121212,0,92.59259259,0.0,0.0,5.285714286,0
1,0,51,5707171,0,17,3993,1.0,0.0,0,100.0,0.128205128,0.0,8.142857142999999,1
0,8,48,70,0,0,8966,0.0625,0.9375,0,20.0,0.0,0.022222222,0.0,0
1,0,1,0,0,40,-1,1.0,0.0,0,0.0,0.347826087,0.0,12.0,1
1,7,29,767115,0,7,3006,0.172413793,0.8275862070000001,0,0.0,0.043478261,0.041666667,7.0,1
1,0,10,0,0,64,7308,0.9,0.1,2,100.0,0.289855072,0.0,16.2,1
0,7,329,0,0,0,5273,0.325227964,0.6747720359999999,0,30.59210526,0.0,0.013513514,0.0,0
0,4,85,450557,1,4,3224,0.941176471,0.058823529,0,40.0,0.0,0.8,2.5,0
1,3,8,4365,0,10,1953,0.125,0.875,0,0.0,0.060606061,0.0,10.0,1
0,4,4,6763,0,7,7391,1.0,0.0,0,0.0,0.0,0.0,5.0,1
0,3,185,275271,1,11,7260,0.951351351,0.048648649,0,75.0,0.0,0.111111111,7.2,0
0,6,237,2774,1,7,5190,0.632911392,0.367088608,0,66.66666667,0.0,0.022988506,6.0,0
1,0,0,0,0,12,3310,0.0,0.0,0,0.0,0.0,0.0,4.428571429,1
0,4,91,1059151,1,0,7531,0.879120879,0.120879121,0,80.0,0.0,0.181818182,0.0,0
0,7,319,1359,1,9,8916,0.692789969,0.307210031,0,42.22222222,0.0,0.132653061,6.142857143,0
0,5,80,350844,1,0,7844,0.9625,0.0375,0,100.0,0.0,0.0,0.0,0
0,0,1,961966,0,0,-1,1.0,0.0,0,0.0,0.064516129,0.0,0.0,1
1,0,19,0,0,5,1611,0.0,1.0,1,0.0,0.093023256,0.052631579,4.333333333,1
1,0,4,0,1,0,1338,0.75,0.25,1,0.0,0.0,0.0,0.0,1
0,4,106,87417,1,0,-1,0.905660377,0.094339623,0,25.0,0.0,0.1,0.0,0
0,5,0,35823,1,8,8924,0.0,0.0,3,0.0,0.12745098,0.0,4.333333333,0
1,0,4,0,0,7,1834,1.0,0.0,0,100.0,0.054054054,0.0,7.0,1
0,5,0,7286,1,20,7224,0.0,0.0,0,0.0,0.0,0.0,9.666666667,0
1,2,39,2855528,1,9,-1,0.974358974,0.025641026,0,95.45454545,0.034782609,0.0,5.875,1
1,1,53,1260640,0,0,7372,0.905660377,0.094339623,0,0.0,0.0,0.6,0.0,1
0,3,201,0,1,0,1878,0.980099502,0.019900498,0,0.0,0.0,0.0,0.0,0
0,5,167,44991,1,0,8791,0.443113772,0.556886228,0,25.86206897,0.0,0.290322581,0.0,0
1,2,22,0,1,32,2300,0.545454545,0.454545455,2,60.0,0.257731959,0.0,8.142857142999999,1
0,8,234,41,0,9,6056,0.376068376,0.623931624,0,17.00680272,0.086021505,0.006849315,5.272727273,0
1,2,0,0,0,20,6555,0.0,0.0,0,0.0,0.075,0.0,12.0,1
0,7,137,1001,1,10,12126,0.927007299,0.072992701,0,83.33333333,0.1,0.3,4.555555556,0
0,5,1,165781,1,6,8944,1.0,0.0,0,0.0,0.0,0.0,6.0,0
1,0,56,0,0,7,-1,0.982142857,0.017857143,0,100.0,0.0,0.0,4.5,1
1,2,5,0,1,5,4873,0.6,0.4,0,0.0,0.0,0.0,5.0,1
0,5,64,280577,1,9,-1,0.828125,0.171875,0,25.0,0.0,0.181818182,6.333333333,0
0,6,71,9206,1,13,5517,0.704225352,0.295774648,0,85.10638298,0.117647059,0.333333333,8.1,0
1,0,0,0,1,32,7646,0.0,0.0,0,0.0,0.283333333,0.0,32.0,1
1,6,146,352,1,6,7982,0.623287671,0.376712329,0,93.33333333,0.0,0.054545455,4.75,0
1,10,4,1,0,48,8347,0.25,0.75,1,0.0,0.102362205,0.0,13.85714286,1
0,7,302,12,0,4,7133,0.940397351,0.059602649,0,45.45454545,0.0,0.166666667,3.5,0
0,4,91,5534473,1,0,3695,0.626373626,0.373626374,0,54.16666667,0.0,0.088235294,0.0,0
0,6,99,7947,1,14,7551,0.686868687,0.313131313,0,55.31914894,0.164705882,0.0,4.9,0
0,5,0,4595873,1,9,6956,0.0,0.0,0,0.0,0.0,0.0,5.2,0
1,3,0,0,1,8,3710,0.0,0.0,3,0.0,0.0,0.0,4.75,1
1,5,22,0,0,9,5616,0.181818182,0.818181818,0,25.0,0.071428571,0.166666667,9.0,1
0,7,326,12,0,8,7130,0.944785276,0.055214724,0,63.26530612,0.0,0.333333333,5.5,0
0,3,57,6767785,1,0,-1,0.8771929820000001,0.122807018,0,62.5,0.0,0.571428571,0.0,0
0,5,15,1039344,0,0,7533,1.0,0.0,0,100.0,0.0,0.0,0.0,0
1,2,223,0,0,10,-1,0.99103139,0.00896861,0,71.42857143,0.051546392,0.0,5.416666667,1
0,10,55,2,1,17,5637,0.472727273,0.527272727,0,0.0,0.0,0.137931034,10.5,0
0,4,19,866959,1,0,2806,0.7894736840000001,0.210526316,0,83.33333333,0.0,0.0,0.0,0
1,2,0,0,0,4,2732,0.0,0.0,0,0.0,0.0,0.0,3.333333333,1
1,0,20,0,0,25,-1,1.0,0.0,0,0.0,0.306122449,0.0,17.25,1
1,0,0,0,0,4,-1,0.0,0.0,0,0.0,0.0,0.0,4.0,1
0,8,119,0,0,0,7449,0.521008403,0.4789915970000001,0,52.17391304,0.0,0.140350877,0.0,0
1,0,18,0,0,11,-1,0.7222222220000001,0.277777778,0,0.0,0.0,0.2,8.0,1
1,0,4,5828815,1,17,4004,1.0,0.0,0,100.0,0.151079137,0.0,8.375,1
0,5,87,37037,1,10,5287,0.91954023,0.08045977,0,53.84615385,0.177777778,0.142857143,6.333333333,0
1,2,12,0,0,9,6397,1.0,0.0,0,0.0,0.092307692,0.0,5.0,1
1,1,0,0,0,9,359,0.0,0.0,1,0.0,0.0161290319999999,0.0,5.25,1
1,1,7,6111113,0,3,7497,1.0,0.0,0,0.0,0.0,0.0,3.0,1
1,3,72,57608,0,12,-2,0.75,0.25,0,56.52173913,0.104347826,0.388888889,5.928571429,0
1,0,506,0,1,6,6073,0.0,1.0,1,0.0,0.072727273,0.019762846,3.875,1
0,3,12,0,1,0,1632,0.75,0.25,0,100.0,0.0,0.0,0.0,0
0,3,86,858306,1,0,-1,0.488372093,0.511627907,0,96.0,0.0,0.0,0.0,0
0,4,77,1229068,0,5,8130,0.233766234,0.7662337659999999,0,25.0,0.0,0.016949153,3.5,0
0,5,17,570615,1,6,7232,0.764705882,0.235294118,0,0.0,0.0,0.0,4.8,0
1,4,502,67860,1,12,8892,0.918326693,0.081673307,0,89.53974895,0.0,0.146341463,5.25,0
0,1,19,2016291,1,0,1080,0.842105263,0.1578947369999999,0,83.33333333,0.0,0.0,0.0,0
1,2,3,0,0,0,189,1.0,0.0,0,0.0,0.105263158,0.0,0.0,1
1,0,0,0,1,288,-1,0.0,0.0,0,0.0,0.435779817,0.0,30.92307692,1
1,1,4,0,0,3,372,0.25,0.75,0,0.0,0.177777778,0.0,3.0,1
1,0,26,0,1,7,6510,0.7307692309999999,0.269230769,1,20.0,0.0,0.142857143,5.5,1
0,4,39,1202540,1,7,8096,0.974358974,0.025641026,0,100.0,0.0,0.0,5.25,0
0,5,140,2388565,0,0,7297,0.171428571,0.828571429,0,7.407407407000001,0.0,0.318965517,0.0,0
1,2,7,0,0,0,2839,1.0,0.0,0,0.0,0.0,0.0,0.0,1
0,4,64,4609841,0,0,7600,0.3125,0.6875,0,2.702702703,0.0,0.204545455,0.0,0
0,4,143,73135,0,0,3837,0.8741258740000001,0.125874126,0,50.0,0.0,0.111111111,0.0,0
0,5,62,46492,1,7,6045,0.903225806,0.096774194,0,14.28571429,0.065789474,0.333333333,4.777777778,0
0,4,0,1513583,0,9,-1,0.0,0.0,0,0.0,0.055555556,0.0,4.583333333,1
1,2,80,0,1,6,1040,0.85,0.15,1,16.66666667,0.0,0.25,4.2,1
1,0,0,3578462,0,4,-1,0.0,0.0,0,0.0,0.0,0.0,3.666666667,1
1,0,0,0,0,12,-2,0.0,0.0,0,0.0,0.06557377,0.0,7.0,0
1,5,76,2959,1,19,8905,0.842105263,0.1578947369999999,0,41.17647059,0.101265823,0.083333333,9.2,0
1,0,1,3532151,2,75,-1,1.0,0.0,1,0.0,0.152046784,0.0,10.66666667,1
0,3,44,437144,1,0,-1,1.0,0.0,0,100.0,0.0,0.0,0.0,0
0,3,23,0,1,0,8718,0.130434783,0.869565217,0,16.66666667,0.0,0.05,0.0,0
1,7,134,12,0,8,7132,0.932835821,0.067164179,0,73.52941176,0.0,0.222222222,6.0,0
1,0,0,0,0,7,-1,0.0,0.0,3,0.0,0.258064516,0.0,3.666666667,1
0,3,141,10450377,0,9,5976,0.326241135,0.673758865,0,69.31034483,0.068965517,0.4315789470000001,4.833333333,0
0,1,120,2223178,1,34,9088,0.933333333,0.066666667,0,14.28571429,0.061538462,0.25,10.25,0
0,2,19,10436415,1,2,3024,0.473684211,0.526315789,0,0.0,0.0,0.1,2.0,0
1,5,22,67041,0,31,-1,1.0,0.0,0,100.0,0.087912088,0.0,9.833333333,1
0,4,200,204706,1,0,6918,0.915,0.085,0,36.36363636,0.0,0.176470588,0.0,0
0,5,37,0,1,7,8056,0.405405405,0.594594595,0,0.0,0.0,0.727272727,3.75,0
1,0,11,0,0,6,3455,0.909090909,0.090909091,0,50.0,0.0,0.0,4.666666667,1
1,4,22,161679,1,40,7678,0.409090909,0.590909091,0,0.0,0.263736264,0.923076923,7.75,1
0,3,463,1009644,1,0,3317,0.98488121,0.01511879,0,71.42857143,0.0,0.285714286,0.0,0
1,5,37,795194,1,13,3063,0.459459459,0.540540541,0,18.75,0.0,0.2,7.6,0
0,3,34,356920,1,9,2055,0.8235294120000001,0.176470588,0,80.0,0.0,0.166666667,5.0,0
0,3,85,4622653,1,0,5719,0.505882353,0.4941176470000001,0,40.0,0.0,0.023809524,0.0,0
0,5,129,191068,1,8,5776,0.821705426,0.1782945739999999,0,20.0,0.028571429,0.695652174,6.5,0
0,2,99,0,1,0,1274,1.0,0.0,0,100.0,0.0,0.0,0.0,0
0,5,193,0,0,0,7298,0.7202072540000001,0.279792746,0,83.97435897,0.0,0.185185185,0.0,0
0,5,146,7218,1,12,7402,0.8767123290000001,0.123287671,1,59.45945946,0.06122449,0.388888889,6.4,0
0,7,261,176,0,6,5171,0.256704981,0.7432950190000001,0,54.6875,0.166666667,0.030927835,4.5,0
0,8,11,0,0,0,5161,1.0,0.0,0,0.0,0.08,0.0,0.0,0
0,8,103,50,0,8,12210,1.0,0.0,0,100.0,0.15,0.0,4.0,0
0,2,60,0,1,0,-1,0.85,0.15,0,100.0,0.0,0.0,0.0,0
0,4,235,821790,1,0,-1,0.7829787229999999,0.217021277,0,17.0212766,0.0,0.294117647,0.0,0
0,6,0,7396,0,13,11102,0.0,0.0,0,0.0,0.1363636359999999,0.0,6.333333333,0
1,1,46,812786,1,7,-1,0.695652174,0.304347826,1,83.33333333,0.0,0.0,4.714285714,1
1,0,0,0,1,8,187,0.0,0.0,0,0.0,0.085106383,0.0,6.0,1
0,1,15,0,1,0,-1,0.466666667,0.533333333,0,33.33333333,0.0,0.5,0.0,0
0,4,63,107741,1,8,4455,0.6031746029999999,0.396825397,0,50.0,0.0,0.04,8.0,0
1,0,237,0,0,0,2,0.852320675,0.147679325,0,84.32432432,0.0,0.114285714,0.0,1
0,0,4,0,0,0,466,1.0,0.0,0,100.0,0.0,0.0,0.0,1
1,0,4,0,1,8,1807,1.0,0.0,1,100.0,0.0,0.0,5.25,1
1,1,27,0,0,5,2797,1.0,0.0,1,0.0,0.083333333,0.0,4.0,1
1,3,0,4365,0,10,1953,0.0,0.0,0,0.0,0.088235294,0.0,10.0,1
0,1,57,1011133,1,32,-1,0.561403509,0.438596491,0,100.0,0.1710526319999999,0.0,5.206896552,0
1,7,0,7163,0,22,3851,0.0,0.0,0,0.0,0.051724138,0.0,10.0,1
1,0,0,0,1,7,-1,0.0,0.0,1,0.0,0.02739726,0.0,4.0,1
0,3,98,2159444,1,0,-1,0.93877551,0.06122449,0,78.57142857,0.0,0.166666667,0.0,0
0,2,149,0,1,0,2924,0.838926174,0.161073826,0,25.0,0.0,0.125,0.0,0
1,1,2,4441098,0,15,2294,1.0,0.0,0,0.0,0.0,0.0,5.625,1
1,8,23,23,0,10,10674,1.0,0.0,0,100.0,0.126984127,0.0,4.285714286,0
1,1,10,5415205,1,7,160,0.9,0.1,2,0.0,0.0,0.0,4.75,1
0,5,119,278090,1,12,4466,0.554621849,0.445378151,0,76.31578947,0.067961165,0.433962264,4.714285714,0
0,4,129,0,1,0,-1,0.84496124,0.15503876,0,18.75,0.0,0.15,0.0,0
1,0,120,0,0,11,1589,0.033333333,0.966666667,6,7.142857143,0.031446541,0.0,5.6,1
0,7,128,599,1,9,9169,0.7734375,0.2265625,0,36.66666667,0.0,0.0,8.5,0
1,5,14,0,0,0,7295,0.071428571,0.928571429,0,14.28571429,0.027027027,0.846153846,0.0,1
1,0,58,0,0,8,1996,0.620689655,0.379310345,0,16.66666667,0.057692308,0.1363636359999999,4.8,1
0,6,179,12364,1,4,8144,0.653631285,0.346368715,0,50.0,0.0,0.129032258,3.0,0
0,4,58,159597,1,10,2223,1.0,0.0,0,0.0,0.0,0.0,6.4,0
0,5,184,988,1,14,7587,0.994565217,0.005434783,0,95.65217391,0.0,0.0,11.0,0
0,3,44,5346311,1,6,3189,0.8863636359999999,0.113636364,0,87.5,0.0,0.2,4.666666667,0
1,5,22,3528017,0,9,5626,0.181818182,0.818181818,0,25.0,0.0625,0.277777778,9.0,1
1,0,51,2580873,0,32,1659,0.588235294,0.411764706,0,100.0,0.299212598,0.095238095,8.666666667000001,1
0,10,62,35,1,7,5892,1.0,0.0,0,0.0,0.0,0.0,7.0,0
1,5,163,7994,0,6,3730,0.834355828,0.165644172,0,85.9375,0.076923077,0.111111111,4.4,0
0,6,168,12601,1,11,8147,0.625,0.375,0,44.44444444,0.0,0.158730159,5.5,0
1,3,65,2320,0,6,7159,0.938461538,0.061538462,0,100.0,0.139534884,1.0,4.5,0
0,0,0,0,0,40,2460,0.0,0.0,1,0.0,0.27173913,0.0,10.0,1
1,1,53,4591292,0,11,3257,0.924528302,0.075471698,1,0.0,0.0,0.25,6.25,1
1,5,104,115625,0,7,4360,0.8557692309999999,0.144230769,0,100.0,0.0,0.0,5.666666667,0
1,0,34,0,0,0,-1,1.0,0.0,0,100.0,0.025641026,0.0,0.0,1
1,1,28,8386524,0,0,7129,0.25,0.75,0,4.545454545,0.098039216,0.142857143,0.0,1
1,8,22,65,1,15,9158,0.0,1.0,1,0.0,0.090909091,0.0,5.1428571430000005,1
0,2,125,0,1,0,-1,0.968,0.032,0,50.0,0.0,0.75,0.0,0
0,5,73,1383746,0,5,-1,0.8219178079999999,0.178082192,0,55.17241379,0.0,0.615384615,3.75,0
1,0,0,0,0,7,2102,0.0,0.0,0,0.0,0.108108108,0.0,4.666666667,1
1,0,4,5828815,0,17,4003,1.0,0.0,0,100.0,0.1623931619999999,0.0,8.142857142999999,1
0,10,1,0,1,34,8346,1.0,0.0,2,100.0,0.11627907,0.0,7.166666667,1
1,5,21,0,0,9,5616,0.19047619,0.80952381,0,25.0,0.01369863,0.176470588,4.75,1
1,0,44,0,1,7,-1,0.545454545,0.454545455,1,100.0,0.196078431,0.1,3.888888889,1
1,10,10,1,0,26,8348,0.7,0.3,0,100.0,0.088235294,0.0,10.25,1
0,4,104,513818,1,0,8687,0.884615385,0.115384615,0,38.46153846,0.05,0.4166666670000001,0.0,0
1,2,21,1315290,1,10,2491,0.80952381,0.19047619,0,100.0,0.0,0.0,5.6,0
0,3,57,562211,0,0,-1,0.210526316,0.7894736840000001,0,9.677419355,0.0,0.088888889,0.0,0
1,2,0,4669,0,6,1546,0.0,0.0,1,0.0,0.0681818179999999,0.0,4.5,1
1,4,56,0,0,3,-1,0.0,1.0,0,0.0,0.133333333,0.017857143,3.0,1
1,3,14,0,1,10,3814,0.7142857140000001,0.285714286,0,75.0,0.0,0.5,4.625,0
1,2,10,188429,0,8,4478,0.3,0.7,0,0.0,0.276315789,0.571428571,5.0,1
0,5,115,379,1,4,5046,0.939130435,0.060869565,0,64.28571429,0.0,0.142857143,4.0,0
0,0,2,0,1,8,78,1.0,0.0,0,0.0,0.0,0.0,8.0,1
0,1,8,2282602,1,0,2160,0.125,0.875,0,0.0,0.0,0.0,0.0,0
1,2,57,8137075,0,32,3277,1.0,0.0,0,100.0,0.174418605,0.0,10.0,1
1,0,19,0,0,5,1884,0.947368421,0.052631579,0,0.0,0.047619048,0.0,3.75,1
0,5,152,1302838,0,10,-1,0.3815789470000001,0.6184210529999999,0,2.739726027,0.0,0.691489362,4.5,0
0,5,0,0,0,3,7533,0.0,0.0,0,0.0,0.035714286,0.0,3.0,0
1,7,0,1001,1,7,12124,0.0,0.0,0,0.0,0.11827957,0.0,3.5625,0
0,8,492,72,0,10,9803,0.969512195,0.030487805,0,50.0,0.093023256,0.266666667,4.818181818,0
0,4,83,866272,1,2,-1,0.879518072,0.120481928,0,0.0,0.0,0.1,2.0,0
0,4,12,297796,1,0,2406,0.833333333,0.166666667,0,0.0,0.0,0.0,0.0,0
1,0,38,10524904,1,12,-1,0.421052632,0.578947368,2,33.33333333,0.075471698,0.1363636359999999,5.173913043,1
1,4,0,327612,1,10,5632,0.0,0.0,0,0.0,0.242105263,0.0,5.545454545,0
0,5,335,361265,1,7,5826,0.937313433,0.062686567,0,39.39393939,0.0,0.7142857140000001,4.5,0
0,5,242,1715731,1,0,8576,0.966942149,0.033057851,0,0.0,0.0,0.125,0.0,0
1,0,57,0,1,32,254,1.0,0.0,3,100.0,0.22826087,0.0,10.0,1
0,4,221,220624,0,0,1677,0.864253394,0.135746606,0,82.02247191,0.0,0.033333333,0.0,0
0,4,124,633420,1,0,-1,0.540322581,0.459677419,0,40.0,0.0,0.0,0.0,0
0,2,0,815647,0,0,-1,0.0,0.0,0,0.0,0.0,0.0,0.0,1
1,6,20,885,0,9,5670,1.0,0.0,1,100.0,0.0,0.0,5.0,1
0,5,188,289055,1,0,8735,0.60106383,0.39893617,0,17.64705882,0.0,0.053333333,0.0,0
1,3,1129,3638954,1,12,-1,0.989371125,0.010628875,0,82.85714286,0.0,0.166666667,6.076923077000001,0
0,4,81,111086,1,7,5309,0.851851852,0.148148148,0,20.0,0.0,0.25,5.5,0
0,5,247,172451,1,0,2018,0.704453441,0.295546559,0,20.83333333,0.086956522,0.178082192,0.0,0
1,0,0,0,0,9,-1,0.0,0.0,0,0.0,0.0,0.0,6.4,1
0,6,176,689,0,37,6256,0.8636363640000001,0.1363636359999999,0,60.0,0.0,0.0,37.0,0
1,0,2,0,0,32,1653,0.0,1.0,3,0.0,0.145454545,0.5,8.0,1
1,10,10,1,0,26,8348,0.0,1.0,1,0.0,0.072289157,0.0,6.375,1
0,3,23,0,0,0,717,0.739130435,0.260869565,1,100.0,0.0,0.0,0.0,1
0,8,72,0,0,1,5161,0.75,0.25,0,62.5,0.0,0.0,1.0,0
0,3,72,1217415,1,0,3219,1.0,0.0,0,0.0,0.0,0.0,0.0,0
1,0,4,0,0,0,-1,1.0,0.0,0,100.0,0.0,0.0,0.0,1
0,6,143,8191,1,3,4655,0.93006993,0.06993007,0,75.0,0.0,0.2,3.0,0
1,0,3,0,0,15,1407,0.666666667,0.333333333,1,0.0,0.061538462,0.0,5.5,1
0,5,184,16692,1,0,3208,0.375,0.625,0,22.22222222,0.0,0.104347826,0.0,0
0,0,127,0,0,0,723,0.590551181,0.409448819,0,0.0,0.0,0.057692308,0.0,1
1,2,6,1561104,0,0,7412,0.0,1.0,0,0.0,0.064516129,1.166666667,0.0,1
1,0,7,0,0,14,-1,0.142857143,0.857142857,0,0.0,0.037735849,0.666666667,5.8,1
1,4,130,8902890,0,10,-1,0.884615385,0.115384615,0,21.42857143,0.0,0.133333333,5.5,1
1,2,50,0,0,4,5440,0.12,0.88,0,20.0,0.1,0.045454545,3.0,0
0,2,56,0,1,0,1548,0.857142857,0.142857143,0,0.0,0.0,0.0,0.0,0
1,0,80,0,1,10,395,0.975,0.025,2,87.5,0.0,0.0,6.0,1
0,0,70,0,0,11,-1,0.985714286,0.014285714,0,100.0,0.277777778,0.0,4.0,1
1,4,95,408088,0,9,2496,0.221052632,0.778947368,0,50.0,0.024691358,0.432432432,5.571428571,0
0,7,352,147,1,11,4547,0.911931818,0.088068182,0,100.0,0.081395349,0.064516129,5.444444444,0
0,5,130,10830,1,8,6245,0.784615385,0.215384615,0,85.0,0.090909091,0.035714286,5.0,0
0,6,173,8972,1,12,5735,0.8381502890000001,0.161849711,0,10.52631579,0.0,0.1785714289999999,8.8,0
1,4,0,104142,1,16,9346,0.0,0.0,0,0.0,0.032967033,0.0,4.230769231,0
1,5,21,0,0,9,5616,0.19047619,0.80952381,2,25.0,0.0,0.176470588,5.666666667,1
1,2,31,1196152,0,32,1015,0.032258065,0.967741935,0,0.0,0.230769231,0.1,12.8,1
1,0,0,0,0,100,-1,0.0,0.0,5,0.0,0.100502513,0.0,11.85714286,1
1,5,21,0,0,38,5616,0.19047619,0.80952381,0,25.0,0.175324675,0.176470588,15.42857143,1
0,4,1704,674594,1,0,4626,0.990610329,0.009389671,0,99.62216625,0.0,0.0625,0.0,0
1,4,0,274168,1,12,8583,0.0,0.0,0,0.0,0.0125,0.0,4.6,0
0,5,221,293,0,6,6340,0.674208145,0.325791855,0,13.25301205,0.0,0.097222222,4.181818182,0
1,4,24,23288,1,11,7530,1.0,0.0,0,100.0,0.117647059,0.0,8.5,1
0,4,26,2715,1,0,2139,1.0,0.0,0,0.0,0.041666667,0.0,0.0,0
1,3,155,0,0,9,3140,0.941935484,0.058064516,1,60.0,0.034482759,0.444444444,4.833333333,1
1,3,23,214323,0,18,4326,0.565217391,0.434782609,0,0.0,0.0,0.0,11.0,1
1,5,21,0,0,7,5615,0.19047619,0.80952381,2,25.0,0.058823529,0.176470588,4.5,1
1,10,127,1,0,10,8347,0.905511811,0.094488189,1,62.5,0.0,0.083333333,6.0,0
1,4,52,0,1,8,-1,0.865384615,0.134615385,0,0.0,0.0,0.0,6.25,0
0,2,175,0,1,0,2383,0.617142857,0.382857143,0,0.0,0.0,0.059701493,0.0,0
0,5,121,10826,1,10,4352,0.652892562,0.347107438,0,78.125,0.056338028,0.071428571,6.0,0
1,0,0,0,0,8,2314,0.0,0.0,0,0.0,0.093023256,0.0,6.5,1
0,3,80,372555,0,11,4567,0.375,0.625,0,80.0,0.0,0.02,7.4,0
1,0,0,0,1,0,86,0.0,0.0,0,0.0,0.044444444,0.0,0.0,1
0,4,0,105518,1,19,9350,0.0,0.0,0,0.0,0.105263158,0.0,7.0,0
1,5,21,0,0,4,5626,0.19047619,0.80952381,0,25.0,0.111111111,0.294117647,4.0,1
0,4,105,12233,1,5,6567,0.952380952,0.047619048,0,90.0,0.0,0.0,3.75,0
1,1,0,0,0,6,3220,0.0,0.0,3,0.0,0.0,0.0,4.4,1
0,7,227,12,0,8,7133,0.911894273,0.088105727,0,68.25396825,0.0172413789999999,0.25,4.666666667,0
0,4,137,2371046,1,12,2255,0.751824818,0.248175182,0,45.0,0.071428571,0.323529412,7.333333333,0
1,8,0,381,0,9,7445,0.0,0.0,0,0.0,0.0821917809999999,0.0,4.285714286,0
0,0,4,9657236,0,9,1,0.75,0.25,0,0.0,0.0,0.0,6.0,1
0,4,12,968888,0,7,-1,0.666666667,0.333333333,2,0.0,0.0,0.25,3.875,1
1,4,0,3927593,1,15,7323,0.0,0.0,0,0.0,0.208144796,0.0,6.692307692000001,0
1,0,4,0,0,7,-1,1.0,0.0,1,100.0,0.0,0.0,4.5,1
1,7,175,1515,0,8,5798,0.708571429,0.291428571,0,16.66666667,0.081395349,0.196078431,3.642857143,0
1,0,4,0,0,0,683,1.0,0.0,0,0.0,0.1,0.0,0.0,1
1,0,31,0,0,7,-1,0.032258065,0.967741935,1,0.0,0.0,0.1,4.0,1
1,0,14,0,0,0,5,1.0,0.0,0,0.0,0.0,0.0,0.0,1
0,3,0,7639347,1,10,4417,0.0,0.0,0,0.0,0.026086957,0.0,7.2,0
1,4,61,1068316,1,7,-1,0.7377049179999999,0.262295082,1,61.29032258,0.019607843,0.0,4.2,0
1,0,20,0,1,5,-1,0.95,0.05,2,93.75,0.0,0.0,2.5,1
1,2,23,0,0,0,808,1.0,0.0,0,100.0,0.023809524,0.0,0.0,1
0,5,118,98,0,10,4057,0.652542373,0.347457627,0,65.78947368,0.1,0.1707317069999999,6.444444444,0
0,2,91,3244226,1,0,-1,0.813186813,0.186813187,0,66.66666667,0.0,0.117647059,0.0,0
1,3,38,4365,0,10,1953,0.578947368,0.421052632,0,100.0,0.121212121,0.0,10.0,1
1,0,1,0,0,7,5941,1.0,0.0,0,0.0,0.0,0.0,5.666666667,1
0,10,656,1,0,12,8348,0.964939024,0.035060976,0,33.33333333,0.055045872,0.0,4.714285714,0
1,2,588,0,0,9,7938,0.969387755,0.030612245,2,96.91780822,0.0,0.111111111,6.25,1
1,0,103,0,1,6,5858,0.932038835,0.067961165,0,0.0,0.0,0.142857143,4.4,1
1,2,32,0,0,9,5442,0.1875,0.8125,1,0.0,0.066666667,0.0,5.7,0
1,5,21,0,0,17,5627,0.19047619,0.80952381,0,25.0,0.015873016,0.294117647,7.666666667,1
0,3,120,679696,0,0,3790,0.9,0.1,0,75.0,0.0,0.166666667,0.0,0
0,6,148,630,1,8,9882,0.506756757,0.493243243,0,50.0,0.1688311689999999,0.123287671,4.3,0
0,0,0,0,0,0,1057,0.0,0.0,0,0.0,0.0,0.0,0.0,1
0,4,47,100148,1,0,3958,0.914893617,0.085106383,0,0.0,0.0,0.5,0.0,0
0,5,283,35081,1,8,2320,0.8975265020000001,0.102473498,0,61.40350877,0.098360656,0.7241379309999999,3.571428571,0
0,0,71,0,1,0,2653,1.0,0.0,0,100.0,0.0,0.0,0.0,0
0,4,189,272248,1,9,6326,0.973544974,0.026455026,0,77.77777778,0.086956522,0.6,5.1,0
0,3,1905,461428,1,0,4541,0.961154856,0.038845144,0,72.72727273,0.0,0.013513514,0.0,0
1,0,57,0,0,32,244,1.0,0.0,3,100.0,0.215909091,0.0,10.0,1
1,7,266,125,1,7,9281,0.879699248,0.120300752,0,46.42857143,0.0,0.09375,3.5,0
1,0,48,0,0,32,-1,1.0,0.0,0,100.0,0.322580645,0.0,14.0,1
0,4,28,33632,1,0,4875,0.6785714290000001,0.321428571,0,38.46153846,0.0,0.5555555560000001,0.0,0
0,4,142,55182,1,9,5350,0.929577465,0.070422535,0,50.0,0.0,0.1,5.2,0
1,6,193,11380,1,7,6250,0.8341968909999999,0.165803109,0,64.28571429,0.108108108,0.09375,4.428571429,0
0,6,216,682,0,22,6259,0.87037037,0.12962963,0,53.33333333,0.0,0.0,22.0,0
0,3,76,144969,1,0,4771,0.907894737,0.092105263,0,0.0,0.0,0.142857143,0.0,0
0,4,159,0,1,0,6044,0.849056604,0.150943396,0,0.0,0.0,0.083333333,0.0,0
0,6,0,2998,0,11,12710,0.0,0.0,2,0.0,0.0493827159999999,0.0,6.142857143,0
0,2,484,572944,0,0,8596,0.979338843,0.020661157,0,97.24770642,0.0,0.3,0.0,0
0,7,95,1310,1,8,5132,0.473684211,0.526315789,1,64.28571429,0.033333333,0.18,4.833333333,0
0,7,190,1449,0,10,6598,0.6421052629999999,0.357894737,0,6.0606060610000005,0.13253012,0.367647059,6.625,0
1,2,0,0,1,8,4193,0.0,0.0,5,0.0,0.0,0.0,4.0,1
1,6,8,20989,0,20,1337,1.0,0.0,0,0.0,0.126984127,0.0,9.333333333,1
0,4,151,12299,1,10,6902,0.397350993,0.602649007,0,41.02564103,0.0,0.142857143,7.5,0
0,2,206,1027627,0,0,3301,0.985436893,0.014563107,0,77.77777778,0.0,0.0,0.0,0
1,0,4,0,1,15,2618,1.0,0.0,3,100.0,0.102040816,0.0,4.769230769,1
0,1,95,0,1,0,-1,1.0,0.0,0,100.0,0.0,0.0,0.0,0
1,0,88,0,0,32,2047,0.897727273,0.102272727,3,85.71428571,0.194174757,0.5555555560000001,9.0,1
0,8,104,6676220,0,0,5158,0.875,0.125,0,0.0,0.0,0.076923077,0.0,0
0,2,0,0,0,0,4300,0.0,0.0,0,0.0,0.0,0.0,0.0,0
0,4,109,23046,1,10,5525,0.95412844,0.04587156,0,93.10344828,0.0,0.2,7.0,0
0,4,57,214765,1,0,-1,0.912280702,0.087719298,0,50.0,0.0,0.2,0.0,0
1,5,13,8308,1,11,8763,0.846153846,0.153846154,0,0.0,0.0,0.0,6.5,0
0,8,0,388,0,7,7450,0.0,0.0,0,0.0,0.106666667,0.0,3.285714286,0
1,4,71,6256,1,14,7805,0.8028169009999999,0.197183099,0,0.0,0.0,0.0,5.476190476,0
1,0,51,5697976,0,15,3992,1.0,0.0,0,100.0,0.153846154,0.0,8.5,1
0,5,57,18999,1,12,-1,0.842105263,0.1578947369999999,0,0.0,0.0,0.111111111,7.0,0
0,5,19,1074963,0,10,3298,0.526315789,0.473684211,0,0.0,0.0,0.222222222,10.0,0
1,5,101,26817,1,11,7996,0.940594059,0.059405941,0,14.28571429,0.0,0.833333333,7.2,0
0,2,56,2985090,1,0,8002,0.857142857,0.142857143,0,87.5,0.0,0.0,0.0,0
1,4,38,565103,0,9,2095,0.947368421,0.052631579,0,100.0,0.0,0.0,5.571428571,0
0,4,34,188793,1,0,3333,0.588235294,0.411764706,0,41.66666667,0.033333333,0.285714286,0.0,0
1,5,14,0,0,0,7295,0.071428571,0.928571429,0,25.0,0.1,0.230769231,0.0,1
0,5,34,666437,1,0,3795,0.764705882,0.235294118,0,0.0,0.0,0.75,0.0,0
0,9,1,24,0,21,-1,0.0,1.0,2,0.0,0.123076923,0.0,5.388888889,1
0,5,768,236183,0,0,7298,0.9296875,0.0703125,0,97.6022567,0.0,0.203703704,0.0,0
1,5,38,0,0,4,7295,0.210526316,0.7894736840000001,0,26.66666667,0.131147541,0.7,3.333333333,1
1,0,0,0,0,0,388,0.0,0.0,0,0.0,0.0,0.0,0.0,1
1,10,30,1,0,23,8347,0.333333333,0.666666667,1,0.0,0.060606061,0.0,9.857142857,1
0,10,53,2,1,13,5637,0.490566038,0.509433962,0,0.0,0.071428571,0.074074074,8.5,0
0,0,23,0,0,10,604,1.0,0.0,0,0.0,0.085106383,0.0,6.0,1
0,7,129,1001,1,8,12126,0.914728682,0.085271318,0,71.79487179,0.081395349,0.363636364,4.076923077,0
0,0,7,0,1,0,2567,0.857142857,0.142857143,0,50.0,0.0,1.0,0.0,0
1,2,31,4639,0,0,1546,0.225806452,0.774193548,0,4.347826087,0.075,0.125,0.0,1
1,10,62,35,1,7,5892,1.0,0.0,0,0.0,0.0,0.0,4.5,1
0,0,6,0,0,24,1116,0.0,1.0,0,0.0,0.220779221,0.166666667,7.833333333,1
0,2,93,0,1,9,7077,0.462365591,0.537634409,0,29.03225806,0.056603774,0.1,5.076923077,0
0,5,466,112056,0,38,4775,0.995708155,0.004291845,1,33.33333333,0.006493506,0.0,21.0,0
0,6,106,301,1,16,7668,0.933962264,0.066037736,0,36.36363636,0.0,0.142857143,6.25,0
1,2,9,0,0,8,-1,1.0,0.0,1,100.0,0.0,0.0,4.75,1
0,4,284,468198,1,3,2649,0.86971831,0.13028169,0,8.571428571,0.0,0.216216216,3.0,0
0,1,42,0,0,0,8510,1.0,0.0,0,100.0,0.0,0.0,0.0,1
1,0,12,3690514,0,0,7446,0.0,1.0,0,0.0,0.0,0.583333333,0.0,1
1,7,8,1285481,0,7,-1,0.625,0.375,0,25.0,0.05,0.0,7.0,1
0,5,0,37803,1,23,6679,0.0,0.0,0,0.0,0.064102564,0.0,7.166666667,0
0,4,206,907586,1,0,7011,0.970873786,0.029126214,0,70.0,0.0,0.166666667,0.0,0
1,2,23,0,0,0,804,1.0,0.0,0,100.0,0.12195122,0.0,0.0,1
1,5,211,6843,1,12,6669,0.620853081,0.379146919,0,11.53846154,0.032786885,0.0,10.66666667,0
1,5,29,654,0,16,7724,0.551724138,0.448275862,0,0.0,0.0,0.307692308,7.8,0
0,4,230,29611,1,5,7810,0.773913043,0.226086957,0,38.0952381,0.0,0.038461538,4.5,0
0,5,154,52273,1,9,7626,0.5324675320000001,0.467532468,1,100.0,0.083333333,0.222222222,7.142857143,0
1,5,0,75006,1,7,-1,0.0,0.0,1,0.0,0.107142857,0.0,3.428571429,0
0,4,147,431555,1,0,7393,0.904761905,0.095238095,0,20.0,0.0,0.142857143,0.0,0
1,0,37,1961063,0,32,1669,0.0,1.0,0,0.0,0.301587302,0.027027027,8.666666667000001,1
1,0,2,0,1,32,-1,0.0,1.0,4,0.0,0.125,0.0,6.375,1
0,7,3148,12,0,10,7133,0.986340534,0.013659466,0,75.97765363,0.08,0.674418605,5.5,0
0,4,23,12155,0,7,2867,0.913043478,0.086956522,0,100.0,0.0,0.0,5.0,0
0,10,55,8,1,15,8518,0.563636364,0.436363636,0,75.0,0.0,0.0,15.0,0
1,4,7,0,0,34,8018,0.0,1.0,0,0.0,0.063380282,0.0,8.181818182,1
1,8,270,23,0,10,10677,0.7888888890000001,0.211111111,0,90.66666667,0.126984127,0.192982456,4.285714286,0
1,1,8,998801,0,8,-1,0.875,0.125,3,50.0,0.019607843,1.0,4.333333333,1
0,4,0,0,1,0,727,0.0,0.0,0,0.0,0.0,0.0,0.0,0
0,3,82,288962,1,0,2054,0.951219512,0.048780488,0,33.33333333,0.0,0.0,0.0,0
1,5,91,7421,0,7,8348,0.901098901,0.098901099,1,80.0,0.194444444,0.0,4.25,1
0,4,88,1036970,1,0,3395,0.397727273,0.602272727,0,11.11111111,0.0,0.0,0.0,0
0,4,180,246860,0,0,4320,0.95,0.05,0,96.36363636,0.0,0.333333333,0.0,0
0,0,0,0,0,0,-1,0.0,0.0,0,0.0,0.057142857,0.0,0.0,1
1,0,4,0,0,11,2455,1.0,0.0,2,100.0,0.0,0.0,5.666666667,1
0,2,56,0,1,0,4472,0.6785714290000001,0.321428571,0,0.0,0.0,0.055555556,0.0,0
1,0,0,0,0,8,2314,0.0,0.0,0,0.0,0.069767442,0.0,6.5,1
0,10,53,8,1,20,8520,0.622641509,0.377358491,0,80.0,0.0,0.0,20.0,0
1,5,14,10294744,0,0,7295,0.071428571,0.928571429,0,14.28571429,0.0,0.846153846,0.0,1
1,9,113,3523,0,7,-1,0.008849558,0.991150442,0,0.0,0.095238095,0.0,7.0,1
0,4,39,2209139,1,0,1129,0.692307692,0.307692308,0,31.25,0.0,0.0,0.0,0
1,0,0,0,0,7,-1,0.0,0.0,2,0.0,0.098360656,0.0,4.833333333,1
0,4,55,5849,1,0,7676,0.7818181820000001,0.218181818,0,14.28571429,0.0,0.25,0.0,0
1,1,34,0,0,5,1071,0.8235294120000001,0.176470588,0,50.0,0.05,0.0,5.0,1
1,7,17,285,1,8,7419,0.0,1.0,0,0.0,0.0,0.0,4.833333333,0
1,1,47,78870,0,0,-1,0.0,1.0,1,0.0,0.0,0.0,0.0,1
1,1,136,0,1,8,4456,0.044117647,0.955882353,1,3.370786517,0.0,0.1,5.555555556,1
1,4,1,413788,1,6,3133,1.0,0.0,0,100.0,0.045454545,0.0,4.0,0
0,6,66,2635,1,8,8829,0.848484848,0.151515152,0,20.0,0.0,0.0,3.75,0
0,5,208,974,1,7,7584,0.995192308,0.004807692,0,93.75,0.0,0.0,7.0,0
1,4,26,0,0,19,8019,0.115384615,0.884615385,0,0.0,0.030534351,0.0,6.833333333,1
1,2,17,0,0,9,2802,0.294117647,0.705882353,4,50.0,0.0,0.166666667,5.285714286,1
0,2,87,168708,0,0,4956,0.954022989,0.045977011,0,96.66666667,0.0,0.0,0.0,0
0,8,16,0,0,0,5161,0.8125,0.1875,0,76.92307692,0.0,0.333333333,0.0,0
1,0,0,0,0,10,1784,0.0,0.0,0,0.0,0.158730159,0.0,6.4,1
0,5,20,160130,1,0,8886,0.65,0.35,0,80.0,0.0,0.0,0.0,0
0,4,109,167663,1,7,7466,0.798165138,0.201834862,0,88.88888889,0.0,0.0,5.0,0
0,5,165,108560,1,9,8900,0.593939394,0.406060606,0,15.90909091,0.051282051,0.358208955,5.1111111110000005,0
0,5,94,2870,1,7,4487,0.936170213,0.063829787,0,70.0,0.0,0.0,4.857142857,0
0,4,83,1107250,1,0,2012,0.144578313,0.855421687,0,17.14285714,0.0,0.23943662,0.0,0
1,0,5,0,1,10,-1,0.6,0.4,0,50.0,0.0,0.0,7.25,1
0,7,63,283,1,18,5051,0.6984126979999999,0.301587302,0,91.30434783,0.114649682,0.0,8.642857142999999,0
0,1,22,116833,1,0,3701,0.772727273,0.227272727,0,50.0,0.0,0.2,0.0,0
1,3,6,309153,0,8,8922,0.5,0.5,0,0.0,0.0,0.0,4.5,1
0,6,169,12364,1,7,8144,0.633136095,0.366863905,0,50.0,0.0,0.14516129,4.0,0
0,4,0,1026621,1,10,6166,0.0,0.0,0,0.0,0.0,0.0,7.0,0
0,5,67,22056,1,12,8571,0.626865672,0.373134328,0,7.692307692000001,0.0,0.0,7.666666667,0
0,3,8,758604,1,0,2936,0.5,0.5,0,80.0,0.0,0.25,0.0,0
1,2,103,1609117,0,0,5892,0.932038835,0.067961165,0,0.0,0.0,0.285714286,0.0,1
1,5,21,0,0,7,5615,0.19047619,0.80952381,2,25.0,0.046511628,0.176470588,4.5,1
0,3,19,122153,1,9,4326,0.894736842,0.105263158,0,50.0,0.02,0.0,4.8,0
0,3,12,5552417,1,4,-1,0.5,0.5,1,66.66666667,0.0,0.0,4.0,0
1,6,124,673,1,10,10524,0.903225806,0.096774194,0,97.82608696,0.0,0.0,6.5,0
1,0,9,0,1,200,31,1.0,0.0,3,0.0,0.157088123,0.0,25.77777778,1
0,0,39,0,0,5,-1,0.974358974,0.025641026,0,66.66666667,0.294117647,0.0,3.0,1
1,1,29,0,1,5,3910,1.0,0.0,0,100.0,0.111111111,0.0,5.0,1
0,6,191,337,1,6,6218,0.497382199,0.502617801,0,0.0,0.162162162,0.020833333,5.0,0
1,6,200,14268,1,12,6053,0.925,0.075,0,69.23076923,0.0,0.4,6.142857143,0
1,0,587,0,0,8,-1,0.969335605,0.030664395,0,96.91780822,0.0,0.111111111,5.333333333,1
1,0,32,0,0,10,760,0.40625,0.59375,3,5.263157895,0.0,0.421052632,5.3,1
0,3,346,1435312,0,0,5461,0.98265896,0.01734104,0,96.42857143,0.0,0.0,0.0,0
0,2,29,1257570,1,0,1720,0.793103448,0.206896552,0,37.5,0.0,0.0,0.0,0
1,0,28,0,1,9,-1,0.642857143,0.357142857,1,0.0,0.049180328,1.0,4.444444444,1
0,2,28,1905203,1,0,1588,0.25,0.75,0,50.0,0.0,0.19047619,0.0,0
1,0,13,0,1,7,96,0.923076923,0.076923077,0,0.0,0.097560976,0.0,3.5,1
0,10,1,1,1,25,8348,1.0,0.0,1,100.0,0.117370892,0.0,5.482758621,1
0,2,106,0,1,0,6875,0.849056604,0.150943396,0,40.90909091,0.0,0.6875,0.0,0
1,1,35,743224,1,4,5129,0.6,0.4,0,100.0,0.0,0.0,3.5,1
1,2,36,0,0,15,2500,0.388888889,0.611111111,5,85.71428571,0.085271318,0.0,6.285714286,1
1,0,27,0,0,0,7,1.0,0.0,0,100.0,0.0,0.0,0.0,1
0,0,24,0,0,2,-1,0.875,0.125,1,0.0,0.060606061,0.0,2.0,1
0,2,0,0,0,0,-1,0.0,0.0,0,0.0,0.0,0.0,0.0,0
0,4,309,2788969,1,0,7068,0.954692557,0.045307443,0,50.0,0.0,0.285714286,0.0,0
0,3,732,2294,0,6,7158,0.897540984,0.102459016,0,74.64285714,0.1363636359999999,0.56,4.5,0
1,4,51,541454,1,14,2305,0.666666667,0.333333333,0,0.0,0.0,0.0,8.666666667000001,1
0,5,150,174498,1,9,2411,0.6266666670000001,0.373333333,1,65.71428571,0.162601626,0.214285714,4.823529412,0
0,4,265,745423,1,0,-1,0.924528302,0.075471698,0,10.0,0.095238095,0.4,0.0,0
0,2,596,0,0,0,7682,0.652684564,0.347315436,0,11.71875,0.0,0.086956522,0.0,1
0,5,106,24283,0,19,7300,0.952830189,0.047169811,1,90.625,0.345454545,0.2,9.333333333,0
0,4,13,3426017,1,4,-1,0.846153846,0.153846154,0,83.33333333,0.0,0.0,4.0,1
1,5,21,0,0,4,5627,0.19047619,0.80952381,0,25.0,0.108695652,0.294117647,2.5,1
1,5,76,136698,0,11,-1,0.486842105,0.513157895,0,5.0,0.125,0.102564103,11.0,1
1,2,132,4830221,1,10,1706,1.0,0.0,2,100.0,0.049019608,0.0,6.9,1
1,1,23,0,0,6,-1,0.304347826,0.695652174,0,60.0,0.0,0.0625,6.0,1
1,0,10,0,0,6,62,0.6,0.4,0,50.0,0.0,0.25,4.666666667,1
1,0,51,5707171,0,17,3993,1.0,0.0,0,100.0,0.173228346,0.0,7.375,1
1,0,32,0,0,7,-1,1.0,0.0,4,0.0,0.0,0.0,5.0,1
1,4,28,5754,0,7,2881,1.0,0.0,0,0.0,0.0,0.0,7.0,1
1,1,103,8386524,0,0,7128,0.932038835,0.067961165,0,0.0,0.053571429,0.285714286,0.0,1
1,6,25,1035,1,12,-1,0.68,0.32,0,50.0,0.109090909,0.125,7.5,0
0,4,71,0,1,0,6318,0.929577465,0.070422535,0,0.0,0.0,0.0,0.0,0
0,5,320,84671,1,7,6196,1.0,0.0,1,100.0,0.0,0.0,5.666666667,0
0,5,107,10660,1,10,7521,0.7570093459999999,0.242990654,0,41.17647059,0.0,0.038461538,5.833333333,0
1,2,95,0,1,6,4341,0.8736842109999999,0.126315789,1,100.0,0.0,0.0,4.25,1
0,0,32,0,0,44,254,0.59375,0.40625,0,0.0,0.057692308,0.153846154,10.0,1
1,0,42,0,0,14,-1,0.7857142859999999,0.214285714,2,82.35294118,0.054421769,0.0,7.923076922999999,1
0,0,18,0,1,0,1724,0.222222222,0.7777777779999999,0,100.0,0.0,0.0,0.0,0
0,2,242,7910366,0,0,-1,0.94214876,0.05785124,0,85.71428571,0.0,0.0,0.0,0
1,5,106,10626,1,10,8973,0.981132075,0.018867925,0,95.0,0.0125,0.0,6.25,0
0,5,219,47133,1,0,7936,0.374429224,0.625570776,0,12.90322581,0.0,0.051094891,0.0,0
1,0,1,0,0,5,2197,0.0,1.0,0,0.0,0.0,0.0,5.0,1
0,3,95,295329,1,6,7681,0.894736842,0.105263158,0,40.0,0.026315789,0.8,5.0,0
1,6,242,960,1,5,9161,0.830578512,0.169421488,0,57.14285714,0.0,0.0,4.0,0
1,5,0,4068,1,7,9379,0.0,0.0,0,0.0,0.131147541,0.0,4.8,0
0,2,185,361673,1,0,-1,0.989189189,0.010810811,0,77.77777778,0.0,0.0,0.0,0
0,5,0,589615,1,8,-1,0.0,0.0,0,0.0,0.176470588,0.0,3.545454545,0
1,1,4,0,0,12,3116,1.0,0.0,2,100.0,0.0,0.0,5.5,1
1,0,15,0,1,11,2295,0.133333333,0.8666666670000001,2,0.0,0.0,0.0,6.5,1
1,0,4,5816617,1,17,4003,1.0,0.0,0,100.0,0.143939394,0.0,7.375,1
1,2,4,0,1,21,913,1.0,0.0,0,100.0,0.0,0.0,8.666666667000001,1
0,2,305,1083895,1,7,6631,0.91147541,0.08852459,0,70.0,0.0,0.074074074,5.333333333,0
0,0,32,0,0,6,2675,1.0,0.0,1,100.0,0.0,0.0,3.333333333,1
0,2,108,2398123,1,0,-1,1.0,0.0,0,0.0,0.0,0.0,0.0,0
1,0,115,0,0,0,2,0.965217391,0.034782609,0,100.0,0.047619048,0.0,0.0,1
0,6,152,134,1,7,4800,0.8815789470000001,0.118421053,0,0.0,0.0,0.055555556,7.0,0
1,4,26,0,0,28,8019,0.115384615,0.884615385,0,0.0,0.060869565,0.0,9.142857143,1
1,3,68,2320,0,7,7159,0.897058824,0.102941176,0,100.0,0.12962963,0.571428571,5.666666667,0
1,0,19,0,0,5,232,0.894736842,0.105263158,1,0.0,0.0,0.0,4.0,1
0,6,207,4813,1,8,5051,0.77294686,0.22705314,0,28.57142857,0.074468085,0.191489362,4.153846154,0
0,6,370,688,1,9,6256,0.921621622,0.078378378,0,51.61290323,0.0,0.413793103,9.0,0
1,8,0,0,0,1,5158,0.0,0.0,0,0.0,0.0,0.0,1.0,1
1,4,61,774723,1,10,3747,0.8688524590000001,0.131147541,0,95.23809524,0.0,0.125,7.333333333,0
0,5,40,435362,1,10,-1,0.75,0.25,0,50.0,0.0,0.1,5.166666667,0
0,7,278,124,1,11,9283,0.8741007190000001,0.125899281,0,46.42857143,0.207317073,0.142857143,6.375,0
1,0,132,0,0,9,-1,1.0,0.0,2,100.0,0.0,0.0,5.125,1
0,8,14,0,0,0,5160,0.857142857,0.142857143,0,0.0,0.0,0.5,0.0,0
1,2,185,0,0,12,495,0.054054054,0.945945946,2,6.12244898,0.138888889,0.057142857,5.428571429,1
0,4,58,907,1,0,7603,0.172413793,0.8275862070000001,0,0.0,0.0,0.1875,0.0,0
1,0,4,0,1,6,13,1.0,0.0,0,100.0,0.024390244,0.0,4.0,1
1,10,10,1,0,19,8348,0.0,1.0,1,0.0,0.06097561,0.0,6.25,1
1,10,10,1,0,22,8348,0.0,1.0,0,0.0,0.061538462,0.0,7.2,1
1,6,13,19778,0,0,1350,0.692307692,0.307692308,0,0.0,0.034482759,0.0,0.0,1
1,2,10,1577923,0,5,6802,0.9,0.1,0,0.0,0.0,0.0,4.333333333,0
0,4,13,0,1,8,4670,1.0,0.0,0,0.0,0.0,0.0,5.6,0
0,6,83,2450,1,7,7914,0.21686747,0.78313253,0,15.0,0.0,0.123076923,4.666666667,0
0,3,247,29440,1,0,7424,0.344129555,0.655870445,0,70.37037037,0.0,0.0,0.0,0
1,0,0,0,1,288,-1,0.0,0.0,0,0.0,0.480637813,0.0,31.15384615,1
0,5,6,628638,1,13,7501,0.833333333,0.166666667,0,0.0,0.042553191,0.0,5.5,0
1,0,4,0,0,5,-1,0.5,0.5,0,0.0,0.25,1.0,3.25,1
1,2,0,0,1,7,6006,0.0,0.0,2,0.0,0.027777778,0.0,5.0,0
0,0,0,0,0,7,1561,0.0,0.0,1,0.0,0.0,0.0,7.0,1
0,5,137,47038,0,6,-1,1.0,0.0,0,100.0,0.0,0.0,3.0,0
1,3,19,0,0,7,4058,0.894736842,0.105263158,1,100.0,0.025,0.0,4.5,1
1,4,17,0,1,8,-1,1.0,0.0,0,0.0,0.0,0.0,6.5,0
0,8,17,180,1,17,9896,0.294117647,0.705882353,1,61.53846154,0.073394495,0.0,5.1428571430000005,0
1,3,0,93245,0,15,-1,0.0,0.0,1,0.0,0.04587156,0.0,6.166666667,1
1,0,90,0,0,301,187,0.7888888890000001,0.211111111,6,85.71428571,0.063711911,0.0,54.33333333,1
1,0,51,5707171,0,17,3993,1.0,0.0,0,100.0,0.177966102,0.0,7.375,1
1,3,0,10313348,0,32,5233,0.0,0.0,0,0.0,0.381818182,0.0,32.0,1
1,2,103,1222496,1,5,7050,0.932038835,0.067961165,1,0.0,0.0,0.285714286,4.0,1
0,4,52,58597,1,2,5901,0.673076923,0.326923077,0,79.16666667,0.0,0.0,2.0,0
1,4,11,105946,0,14,-1,0.909090909,0.090909091,0,0.0,0.081300813,0.0,4.4117647060000005,1
1,4,91,181216,1,7,6622,0.791208791,0.208791209,0,14.28571429,0.0,0.1578947369999999,6.5,0
0,5,306,0,0,0,7298,0.879084967,0.120915033,0,94.32624113,0.0,0.216216216,0.0,0
0,3,379,2369609,1,0,2544,0.98944591,0.01055409,0,0.0,0.0,0.0,0.0,0
0,5,84,33059,1,8,7939,1.0,0.0,0,100.0,0.0,0.0,5.25,0
1,2,0,0,0,17,1709,0.0,0.0,2,0.0,0.019498607,0.0,4.660714286,1
0,0,9,0,1,0,867,1.0,0.0,0,0.0,0.260869565,0.0,0.0,1
0,6,17,79428,1,0,4169,0.470588235,0.529411765,0,0.0,0.0,0.0,0.0,0
1,10,25,1,0,33,8347,0.44,0.56,1,0.0,0.088495575,0.0,9.0,1
0,5,173,324756,1,0,2901,0.826589595,0.173410405,0,44.44444444,0.0,0.166666667,0.0,0
0,4,105,576752,1,0,7048,0.876190476,0.123809524,0,84.375,0.0,0.0,0.0,0
0,5,628,293,0,8,6340,0.8073248409999999,0.192675159,0,4.724409449,0.0,0.066115702,6.0,0
1,2,8,0,1,13,5804,1.0,0.0,3,100.0,0.0,0.0,6.333333333,1
0,4,21,311717,1,0,7081,0.6190476189999999,0.380952381,0,0.0,0.0,0.0,0.0,0
0,5,7,15733,0,13,9129,1.0,0.0,0,100.0,0.04109589,0.0,6.8,0
0,4,122,158136,0,0,4329,0.950819672,0.049180328,0,16.66666667,0.0,0.333333333,0.0,0
1,4,7,0,0,24,8018,0.0,1.0,0,0.0,0.074074074,0.0,8.3,1
0,8,305,41,0,9,6056,0.432786885,0.567213115,0,18.07909605,0.095890411,0.138728324,7.166666667,0
1,0,73,0,1,8,916,0.410958904,0.589041096,1,37.5,0.0,0.0,4.555555556,1
0,4,4,408089,0,6,3094,1.0,0.0,1,0.0,0.0,0.0,4.75,1
0,6,202,239038,1,0,4991,0.6237623760000001,0.376237624,0,34.21052632,0.0,0.039473684,0.0,0
0,8,64,23,0,10,10674,0.875,0.125,0,33.33333333,0.0,0.25,4.444444444,0
0,5,99,10753,0,10,5349,0.505050505,0.494949495,0,23.07692308,0.0,0.12244898,6.333333333,0
1,0,8,0,1,0,1170,0.875,0.125,0,50.0,0.0,1.0,0.0,0
0,5,242,15117,1,8,9074,0.962809917,0.037190083,0,60.0,0.0,0.5555555560000001,4.5,0
1,0,480,0,0,10,-1,0.327083333,0.6729166670000001,1,7.391304347999999,0.255319149,0.145510836,5.666666667,1
0,5,189,22839,1,8,7351,0.904761905,0.095238095,0,11.11111111,0.0,0.333333333,4.5,0
0,5,31,6496,0,0,5445,0.0,1.0,0,0.0,0.0,0.0,0.0,0
0,3,14,2839278,1,0,5029,0.0,1.0,0,0.0,0.0,0.285714286,0.0,0
1,1,8,3940522,0,11,-1,1.0,0.0,0,0.0,0.0,0.0,5.777777778,1
0,5,147,211607,1,0,6962,0.918367347,0.081632653,0,53.33333333,0.0,0.333333333,0.0,0
1,5,0,9974,0,8,4182,0.0,0.0,1,0.0,0.108695652,0.0,3.2,1
0,5,83,210636,1,0,9163,0.8313253009999999,0.1686746989999999,0,40.0,0.0,0.071428571,0.0,0
1,0,1,0,1,10,919,1.0,0.0,2,0.0,0.0,0.0,4.7,1
0,6,66,2717,1,8,8833,0.848484848,0.151515152,0,20.0,0.0,0.1,3.666666667,0
0,5,140,2192,0,10,7619,0.664285714,0.335714286,0,89.47368421,0.0,0.042553191,9.0,0
0,1,13,0,0,7,5056,0.076923077,0.923076923,1,0.0,0.0,0.75,5.833333333,1
1,4,14,7504096,1,12,4564,0.7857142859999999,0.214285714,0,0.0,0.205263158,0.0,6.545454545,1
1,0,151,493686,0,6,496,0.443708609,0.556291391,0,54.6875,0.1875,0.071428571,4.5,1
0,4,95,318509,1,0,6964,0.8,0.2,0,100.0,0.0,0.0,0.0,0
1,4,5,0,0,15,2660,1.0,0.0,2,100.0,0.19391635,0.0,7.2,1
0,6,78,1008,1,13,7292,0.512820513,0.487179487,0,23.52941176,0.0625,0.026315789,6.0,0
0,3,32,0,0,0,-1,0.78125,0.21875,0,20.0,0.0,0.142857143,0.0,0
0,2,186,0,1,0,4460,0.983870968,0.0161290319999999,0,100.0,0.0,0.0,0.0,0
1,5,0,134401,0,11,-1,0.0,0.0,0,0.0,0.083333333,0.0,11.0,1
1,0,37,0,0,5,519,1.0,0.0,0,100.0,0.0,0.0,5.0,1
1,1,40,0,0,8,3534,0.125,0.875,2,20.0,0.0,0.085714286,5.0,1
1,2,0,0,1,9,6391,0.0,0.0,0,0.0,0.0,0.0,7.25,1
0,3,25,2209849,0,0,1112,0.96,0.04,0,100.0,0.0,0.0,0.0,0
0,7,95,1300,1,8,5136,0.4315789470000001,0.568421053,2,60.0,0.011904762,0.222222222,4.9,0
0,5,17,6256,1,10,8030,1.0,0.0,1,0.0,0.0,0.0,8.4,0
1,0,7,0,0,47,5,0.857142857,0.142857143,0,0.0,0.092436975,1.0,8.555555556,1
1,0,0,0,0,32,4941,0.0,0.0,0,0.0,0.396551724,0.0,32.0,1
1,0,51,5697976,1,17,3992,1.0,0.0,0,100.0,0.148760331,0.0,8.142857142999999,1
0,5,200,6042,1,7,8833,0.955,0.045,0,50.0,0.0,0.333333333,4.6,0
1,9,14,3523,0,7,-1,1.0,0.0,0,0.0,0.142857143,0.0,7.0,1
0,4,58,328255,1,0,3851,0.7241379309999999,0.275862069,0,40.0,0.0,0.125,0.0,0
1,2,32,0,1,66,-1,0.9375,0.0625,3,100.0,0.268817204,0.0,9.125,1
0,4,44,1323816,1,5,3164,0.659090909,0.340909091,0,16.66666667,0.0,0.8666666670000001,4.333333333,0
1,0,27,0,0,0,4,1.0,0.0,0,100.0,0.0,0.0,0.0,1
0,5,44,442024,1,0,-1,0.681818182,0.318181818,0,17.64705882,0.0,0.0,0.0,0
1,2,103,490968,0,5,7189,0.932038835,0.067961165,1,0.0,0.048780488,0.285714286,4.0,1
1,0,51,5707171,0,17,3993,1.0,0.0,0,100.0,0.201612903,0.0,8.142857142999999,1
1,2,51,0,1,0,269,0.960784314,0.039215686,0,0.0,0.0,0.0,0.0,0
0,6,181,688,0,17,6255,0.906077348,0.093922652,0,83.33333333,0.016666667,0.0,17.0,0
1,0,51,5707171,0,17,3993,1.0,0.0,0,100.0,0.161290323,0.0,8.142857142999999,1
1,0,88,0,0,32,2192,0.897727273,0.102272727,0,85.71428571,0.253333333,0.5555555560000001,16.33333333,1
0,3,173,1145762,1,0,-1,0.976878613,0.023121387,0,90.90909091,0.0,0.25,0.0,0
1,3,6,0,0,13,4609,0.333333333,0.666666667,4,0.0,0.0,0.0,5.533333333,1
1,0,0,0,0,13,580,0.0,0.0,0,0.0,0.153846154,0.0,8.666666667000001,1
0,5,21,0,0,0,7297,0.047619048,0.952380952,0,0.0,0.0,0.25,0.0,0
0,2,186,834691,1,0,3987,0.956989247,0.043010753,0,0.0,0.0,0.5,0.0,0
0,6,163,6950,0,10,8121,0.791411043,0.208588957,0,37.03703704,0.0821917809999999,0.058823529,5.875,0
0,1,52,0,0,0,4050,1.0,0.0,0,100.0,0.0,0.0,0.0,0
0,7,136,628,1,8,7480,0.389705882,0.610294118,0,75.55555556,0.045454545,0.024096386,4.5,0
0,5,91,2188,0,10,7615,0.571428571,0.428571429,0,65.85365854,0.0,0.051282051,6.5,0
0,5,115,976135,1,0,4544,0.8956521740000001,0.104347826,0,10.0,0.0,0.583333333,0.0,0
1,4,0,1453088,0,5,2072,0.0,0.0,0,0.0,0.0,0.0,3.5,1
1,1,4,5697557,0,10,1570,1.0,0.0,2,100.0,0.048543689,0.0,7.0,1
1,0,0,0,0,0,164,0.0,0.0,0,0.0,0.0,0.0,0.0,1
1,0,4,0,0,13,1834,1.0,0.0,0,100.0,0.13559322,0.0,13.0,1
0,2,44,2739155,0,7,1077,0.75,0.25,0,41.17647059,0.0,0.454545455,7.0,1
0,4,7,659809,1,0,3252,1.0,0.0,0,0.0,0.0,0.0,0.0,0
1,8,35,23,0,10,10678,0.914285714,0.085714286,0,57.14285714,0.140625,0.0,4.428571429,0
0,5,252,8797,1,12,5442,0.900793651,0.099206349,0,11.11111111,0.0,0.08,7.25,0
1,0,88,0,1,32,2047,0.897727273,0.102272727,3,85.71428571,0.14953271,0.5555555560000001,9.0,1
0,5,116,4277015,1,9,9120,0.112068966,0.8879310340000001,0,9.090909091,0.0,0.009708738,5.625,0
1,2,0,0,0,8,1220,0.0,0.0,2,0.0,0.028571429,0.0,4.0,1
1,6,501,771,1,7,9226,0.946107784,0.053892216,1,30.76923077,0.0,0.148148148,7.0,0
0,5,41,77644,1,8,7069,0.926829268,0.073170732,0,75.0,0.0,0.0,5.6,0
0,1,62,0,1,0,4827,0.919354839,0.0806451609999999,0,50.0,0.0,0.4,0.0,0
1,0,0,0,0,6,1111,0.0,0.0,0,0.0,0.033333333,0.0,5.0,1
0,4,33,2773089,1,0,-1,0.666666667,0.333333333,0,68.42105263,0.0,0.363636364,0.0,0
0,3,23,8721545,1,0,523,0.52173913,0.47826087,0,62.5,0.0,0.272727273,0.0,1
1,0,11,0,0,7,1015,1.0,0.0,1,100.0,0.0,0.0,5.0,1
0,2,37,0,0,11,1756,0.567567568,0.432432432,0,50.0,0.0,0.0625,10.0,0
1,3,6,0,1,13,4621,0.333333333,0.666666667,4,0.0,0.0,0.0,5.071428571,1
0,2,72,211021,1,0,2705,0.930555556,0.069444444,0,50.0,0.0,0.4,0.0,0
1,2,156,0,1,6,6076,0.993589744,0.006410256,0,75.0,0.0,1.0,6.0,1
1,0,0,0,0,32,-1,0.0,0.0,0,0.0,0.6181818179999999,0.0,8.8,1
0,6,100,1312,1,0,8350,0.36,0.64,0,8.333333332999999,0.0,0.03125,0.0,0
1,0,4,0,1,15,2618,1.0,0.0,3,100.0,0.126582278,0.0,4.8,1
0,7,831,12,0,4,7131,0.91456077,0.08543923,0,70.53941909,0.0,0.450704225,4.0,0
1,0,0,0,1,1,2307,0.0,0.0,0,0.0,0.0,0.0,1.0,1
0,6,198,183,1,5,5885,0.929292929,0.070707071,0,88.04347826,0.0,0.214285714,3.142857143,0
0,7,17,286,1,9,7421,0.0,1.0,0,0.0,0.0,0.0,5.0,0
0,5,92,50580,1,0,3737,0.836956522,0.163043478,0,0.0,0.0,0.2,0.0,0
0,2,1,0,1,0,2529,1.0,0.0,0,0.0,0.0,0.0,0.0,0
0,5,61,5498369,0,0,7298,0.540983607,0.459016393,0,74.35897436,0.0,0.285714286,0.0,0
0,3,373,408392,1,0,7501,0.857908847,0.142091153,0,93.33333333,0.0,0.20754717,0.0,0
1,0,44,0,0,9,1400,0.795454545,0.204545455,0,0.0,0.0,0.0,5.5,1
0,5,213,511701,1,0,5637,0.948356808,0.051643192,0,23.07692308,0.0,0.272727273,0.0,0
1,5,14,0,0,0,7295,0.071428571,0.928571429,0,14.28571429,0.09375,0.846153846,0.0,1
1,5,21,0,0,14,5627,0.19047619,0.80952381,0,25.0,0.064516129,0.294117647,6.0,1
1,0,10,0,0,0,-1,0.3,0.7,0,0.0,0.023255814,0.142857143,0.0,1
1,3,1,17964,0,11,7083,0.0,1.0,0,0.0,0.012820513,0.0,4.857142857,1
0,4,14,2349295,1,11,3029,0.5,0.5,0,100.0,0.0,0.0,9.5,0
1,0,4,5816617,0,17,4003,1.0,0.0,0,100.0,0.127118644,0.0,7.375,1
0,2,283,2894528,1,0,3303,0.830388693,0.169611307,0,0.0,0.0,0.229166667,0.0,0
0,4,28,0,1,0,2598,0.75,0.25,0,87.5,0.0,0.0,0.0,0
1,0,12,0,0,8,1857,1.0,0.0,4,100.0,0.0,0.0,4.833333333,1
1,5,9,15984,0,4,2188,0.8888888890000001,0.111111111,0,100.0,0.0,0.0,3.5,1
1,0,51,5707171,0,17,3992,1.0,0.0,0,100.0,0.198412698,0.0,8.142857142999999,1
0,3,102,8732354,1,0,5351,0.892156863,0.107843137,0,50.0,0.0,0.0,0.0,0
1,0,4,0,0,10,2188,1.0,0.0,0,100.0,0.111111111,0.0,5.5,1
1,2,13,0,0,13,3828,1.0,0.0,0,100.0,0.086956522,0.0,8.6,1
0,2,25,8061018,1,0,-1,0.36,0.64,0,16.66666667,0.0,0.1875,0.0,0
1,3,66,2250,0,6,7156,0.8939393940000001,0.106060606,0,100.0,0.111111111,0.571428571,4.4,0
1,5,166,291,0,10,6340,0.789156627,0.210843373,0,10.25641026,0.0,0.257142857,7.333333333,0
0,5,85,2190,0,10,7616,0.635294118,0.364705882,0,85.29411765,0.0,0.032258065,6.666666667,0
1,3,7,0,0,7,91,0.857142857,0.142857143,1,50.0,0.0,1.0,4.222222222,1
1,0,64,0,0,0,37,0.15625,0.84375,0,33.33333333,0.0,0.018518519,0.0,1
0,5,27,9273,0,12,-1,0.481481481,0.518518519,0,0.0,0.011111111,0.928571429,5.3,0
1,2,22,0,1,32,2300,0.545454545,0.454545455,2,60.0,0.210526316,0.0,8.0,1
1,10,1,1,0,13,8348,0.0,1.0,0,0.0,0.042857143,0.0,6.666666667,1
0,7,133,1009,0,8,-1,0.992481203,0.007518797,0,100.0,0.073170732,0.0,6.0,0
1,3,42,297716,1,8,-1,0.738095238,0.261904762,0,50.0,0.0,0.0,8.0,0
0,5,0,1886126,1,16,6426,0.0,0.0,0,0.0,0.0,0.0,7.0,0
1,1,0,0,0,32,4377,0.0,0.0,0,0.0,0.189873418,0.0,13.25,1
1,0,59,0,0,32,244,1.0,0.0,3,100.0,0.197916667,0.0,8.375,1
0,3,121,152882,0,7,7351,0.743801653,0.256198347,0,100.0,0.0,0.0,4.75,0
0,3,0,0,1,22,8391,0.0,0.0,0,0.0,0.037735849,0.0,8.444444444,0
1,0,83,0,1,7,1819,0.987951807,0.012048193,1,88.88888889,0.0,1.0,6.0,1
1,5,83,0,0,4,5616,0.469879518,0.5301204820000001,0,56.92307692,0.113207547,0.363636364,4.0,1
0,5,29,613996,0,0,7297,0.206896552,0.793103448,0,33.33333333,0.0,0.173913043,0.0,0
1,5,0,0,0,0,5614,0.0,0.0,0,0.0,0.142857143,0.0,0.0,1
1,0,12,0,0,8,-1,1.0,0.0,3,0.0,0.22,0.0,3.4,1
1,3,0,104444,1,6,5568,0.0,0.0,0,0.0,0.0,0.0,3.333333333,1
0,5,754,157596,1,0,6112,0.957559682,0.042440318,0,73.03370787,0.0,0.125,0.0,0
0,3,19,0,1,0,7106,0.894736842,0.105263158,0,60.0,0.0,0.5,0.0,0
1,0,20,0,1,42,-1,0.95,0.05,2,93.75,0.418604651,0.0,10.4,1
0,3,78,4053232,1,6,6490,0.91025641,0.08974359,0,90.90909091,0.104166667,0.0,4.75,1
0,5,67,0,0,0,7299,0.089552239,0.910447761,0,0.0,0.0,0.459016393,0.0,0
0,3,308,1177815,1,0,6140,0.896103896,0.103896104,0,26.92307692,0.0,0.0,0.0,0
0,5,549,31757,0,8,-1,0.992714026,0.007285974,0,66.66666667,0.0,0.5,5.5,0
1,4,7,0,0,18,8019,0.0,1.0,0,0.0,0.056910569,0.0,6.909090909,1
1,3,5,0,1,10,6889,0.8,0.2,0,0.0,0.0,0.0,7.666666667,0
0,4,121,386861,1,0,2651,0.909090909,0.090909091,0,55.55555556,0.0,0.0,0.0,0
1,0,292,6577026,0,0,1844,0.712328767,0.287671233,0,37.14285714,0.0,0.214285714,0.0,1
0,3,203,96708,1,0,-1,0.97044335,0.02955665,0,25.0,0.0,0.333333333,0.0,0
0,5,135,495795,0,8,-1,0.933333333,0.066666667,0,78.37837838,0.0,0.444444444,6.0,0
0,4,64,1059659,1,9,4428,0.90625,0.09375,1,33.33333333,0.0,0.0,5.5,0
0,2,0,0,0,17,2046,0.0,0.0,0,0.0,0.0,0.0,8.333333332999999,1
0,7,150,1006,1,13,12123,0.94,0.06,0,55.0,0.0,0.222222222,4.857142857,0
1,5,114,218205,1,11,4288,0.859649123,0.140350877,0,51.51515152,0.0,0.625,6.25,0
1,2,50,0,0,10,7471,0.32,0.68,1,0.0,0.028985507,0.8235294120000001,5.0,1
1,0,6,0,0,64,-1,0.5,0.5,4,0.0,0.371559633,0.0,14.30769231,1
0,10,146,8,1,9,8516,0.356164384,0.643835616,0,100.0,0.0,0.0,9.0,0
1,5,116,899,0,6,6606,0.879310345,0.120689655,0,0.0,0.051282051,0.214285714,4.0,1
0,4,61,405645,1,0,4161,0.68852459,0.31147541,0,10.0,0.0,0.526315789,0.0,0
0,6,475,9378,1,5,7906,0.978947368,0.021052632,0,42.85714286,0.0,0.5,5.0,0
0,1,130,0,1,0,-1,1.0,0.0,0,100.0,0.0,0.0,0.0,0
1,1,1,0,0,15,3157,1.0,0.0,2,0.0,0.006329114,0.0,5.529411765,1
1,1,0,0,1,37,-1,0.0,0.0,0,0.0,0.0,0.0,37.0,1
0,5,31,86615,1,10,5911,0.709677419,0.290322581,0,83.33333333,0.0,0.111111111,5.8,0
1,0,0,0,0,17,328,0.0,0.0,3,0.0,0.255144033,0.0,5.117647058999999,1
1,2,30,0,0,32,5756,0.966666667,0.033333333,0,100.0,0.298701299,0.0,14.66666667,1
1,0,51,5697976,1,17,3992,1.0,0.0,0,100.0,0.161538462,0.0,7.375,1
1,2,0,0,0,6,7192,0.0,0.0,0,0.0,0.0,0.0,4.5,1
1,0,51,5697976,0,17,3992,1.0,0.0,0,100.0,0.151260504,0.0,7.375,1
0,10,52,2,1,11,5635,0.557692308,0.442307692,0,0.0,0.0,0.0,5.666666667,0
0,2,19,7158525,1,0,1967,0.210526316,0.7894736840000001,0,6.25,0.0,0.6,0.0,0
1,0,428,0,0,7,284,0.352803738,0.647196262,0,70.27027027,0.0,0.0072202169999999,7.0,1
0,5,334,31916,0,0,10048,0.874251497,0.125748503,0,28.20512821,0.0,0.5476190479999999,0.0,0
1,0,6,0,0,9,1335,0.333333333,0.666666667,0,0.0,0.0,0.0,6.0,1
0,5,44,0,0,0,7299,0.045454545,0.954545455,0,38.59649123,0.0,0.261904762,0.0,0
1,3,0,279260,0,5,3791,0.0,0.0,1,0.0,0.0,0.0,5.0,1
1,3,4,4657,0,20,1967,0.25,0.75,0,0.0,0.139534884,0.0,20.0,1
0,6,171,12364,1,6,8145,0.6315789470000001,0.368421053,0,44.44444444,0.0,0.158730159,3.8,0
1,0,51,5697976,0,17,3992,1.0,0.0,0,100.0,0.170940171,0.0,8.142857142999999,1
1,2,0,0,0,5,3340,0.0,0.0,0,0.0,0.0,0.0,4.25,1
1,0,1,0,0,0,134,1.0,0.0,0,0.0,0.0,0.0,0.0,1
0,7,741,12,0,6,7130,0.950067476,0.049932524,0,73.38129496,0.0,0.27027027,4.4,0
1,8,0,0,0,0,5157,0.0,0.0,0,0.0,0.0,0.0,0.0,1
1,4,321,32633,0,9,7119,0.744548287,0.255451713,0,61.70212766,0.037037037,0.390243902,4.5,0
0,3,50,728979,1,0,7421,0.68,0.32,0,27.27272727,0.0,0.0625,0.0,0
1,8,5,114,1,11,5160,0.4,0.6,0,0.0,0.054794521,0.666666667,4.1,0
0,5,95,28560,1,0,-1,0.673684211,0.326315789,0,7.142857143,0.0,0.322580645,0.0,0
0,2,18,143848,1,0,-1,0.8888888890000001,0.111111111,0,0.0,0.0,0.0,0.0,0
1,6,43,6879,1,6,9396,0.837209302,0.162790698,0,14.28571429,0.0,0.571428571,4.166666667,0
0,2,2,1172123,0,6,606,0.5,0.5,0,0.0,0.0,0.0,4.5,1
0,4,75,0,1,0,7092,0.8,0.2,0,30.0,0.0,0.066666667,0.0,0
1,4,18,187079,0,32,5990,0.833333333,0.166666667,0,0.0,0.338235294,0.0,18.0,1
1,2,13,0,0,13,3815,1.0,0.0,0,100.0,0.087912088,0.0,8.6,1
1,2,0,0,1,3,199,0.0,0.0,0,0.0,0.0,0.0,3.0,1
1,0,0,0,1,32,-1,0.0,0.0,0,0.0,0.325,0.0,13.5,1
1,0,51,5707171,0,17,3992,1.0,0.0,0,100.0,0.144,0.0,8.142857142999999,1
0,5,183,1382862,0,0,7298,0.409836066,0.590163934,0,53.65853659,0.0,0.425925926,0.0,0
1,0,23,0,0,9,3072,1.0,0.0,1,100.0,0.02,0.0,5.5,1
0,3,164,10466422,1,0,5731,0.853658537,0.146341463,0,16.0,0.0,0.4166666670000001,0.0,0
1,0,0,0,0,5,4175,0.0,0.0,2,0.0,0.0,0.0,3.5,1
0,7,229,15325,1,7,7027,0.938864629,0.061135371,0,60.0,0.2,0.0,5.5,0
0,7,378,12,0,7,7130,0.936507937,0.063492063,0,64.17910448,0.0,0.625,6.0,0
1,2,22,0,0,7,2300,0.545454545,0.454545455,2,60.0,0.1,0.0,4.166666667,1
1,4,14,7521365,1,7,4565,0.7857142859999999,0.214285714,0,0.0,0.054545455,0.0,5.0,1
1,0,51,5697976,0,17,3992,1.0,0.0,0,100.0,0.144,0.0,8.142857142999999,1
1,0,123,0,0,32,2048,0.073170732,0.926829268,3,16.66666667,0.207207207,0.00877193,7.9,1
0,4,226,23006,1,10,3346,0.960176991,0.039823009,0,69.23076923,0.036036036,0.444444444,6.166666667,0
1,1,0,9678243,1,32,8407,0.0,0.0,0,0.0,0.24137931,0.0,11.8,1
0,5,135,8362,1,0,4106,0.6074074070000001,0.392592593,0,83.33333333,0.0,0.037735849,0.0,0
1,0,0,0,0,0,396,0.0,0.0,0,0.0,0.0,0.0,0.0,1
1,3,0,0,0,13,2541,0.0,0.0,0,0.0,0.185185185,0.0,8.666666667000001,1
0,7,62,0,0,0,5231,0.983870968,0.0161290319999999,0,100.0,0.0,0.0,0.0,0
1,2,22,0,1,32,2300,0.545454545,0.454545455,2,60.0,0.275510204,0.0,8.142857142999999,1
0,2,64,713698,1,0,3237,0.15625,0.84375,0,0.0,0.0,0.111111111,0.0,0
1,0,0,0,1,50,-1,0.0,0.0,0,0.0,0.360465116,0.0,19.0,1
0,6,203,337,1,6,6217,0.541871921,0.458128079,0,0.0,0.162162162,0.0,5.0,0
1,0,0,0,0,7,2130,0.0,0.0,3,0.0,0.0,0.0,5.0,1
1,2,29,0,1,15,-1,1.0,0.0,3,0.0,0.11627907,0.0,4.5,1
1,3,185,0,0,9,3151,0.8810810809999999,0.118918919,0,26.08695652,0.04,0.727272727,5.75,1
1,3,65,2272,0,6,7157,0.938461538,0.061538462,0,100.0,0.139534884,1.0,4.5,0
0,2,56,1029187,1,0,1976,1.0,0.0,0,100.0,0.0,0.0,0.0,0
1,4,116,0,0,10,6137,0.6724137929999999,0.327586207,0,0.0,0.0,0.078947368,6.833333333,0
0,1,12,784246,1,0,-1,0.333333333,0.666666667,0,100.0,0.0,0.0,0.0,0
1,2,0,0,0,3,-1,0.0,0.0,0,0.0,0.0,0.0,2.5,1
1,6,8,22211,0,6,1338,1.0,0.0,0,0.0,0.025,0.0,5.0,1
1,0,0,0,1,3,2975,0.0,0.0,0,0.0,0.0,0.0,2.5,1
1,1,0,7375648,1,32,535,0.0,0.0,0,0.0,0.296296296,0.0,12.5,1
0,7,125,12,0,9,7133,0.952,0.048,0,40.0,0.0,0.5,5.4,0
1,2,10,0,0,8,3228,0.0,1.0,4,0.0,0.0,0.0,5.5,1
1,7,189,48,1,8,9121,0.740740741,0.259259259,0,83.33333333,0.0,0.040816327,6.0,0
0,3,0,704437,1,9,8143,0.0,0.0,0,0.0,0.166666667,0.0,4.5,0
1,0,0,0,0,50,-1,0.0,0.0,0,0.0,0.329411765,0.0,19.0,1
0,4,380,670999,0,0,5939,0.663157895,0.336842105,0,50.58823529,0.0,0.0625,0.0,1
0,5,90,2188,0,10,7615,0.577777778,0.422222222,0,64.28571429,0.0,0.1578947369999999,6.75,0
0,8,222,213,0,10,8217,0.959459459,0.040540541,0,97.2027972,0.0,0.222222222,5.5,0
1,0,0,0,0,12,-1,0.0,0.0,2,0.0,0.0,0.0,7.2,1
1,1,13,0,1,0,-1,0.692307692,0.307692308,0,50.0,0.0,0.0,0.0,0
0,6,36,9583,1,0,5028,0.916666667,0.083333333,0,0.0,0.0,0.333333333,0.0,0
1,0,4,0,0,0,1804,1.0,0.0,1,100.0,0.076923077,0.0,0.0,1
0,2,14,2087703,0,7,-1,0.7142857140000001,0.285714286,0,55.55555556,0.03030303,0.5,5.5,0
0,2,80,167733,1,0,-2,0.5125,0.4875,0,71.42857143,0.0,0.102564103,0.0,0
0,1,43,3520923,1,0,-1,0.325581395,0.674418605,0,26.92307692,0.0,0.0,0.0,0
0,0,32,0,1,0,3091,0.75,0.25,0,70.0,0.0,0.75,0.0,0
1,0,123,0,0,32,2048,0.073170732,0.926829268,3,16.66666667,0.223300971,0.00877193,9.0,1
0,10,129,8,1,14,8517,0.426356589,0.573643411,0,100.0,0.0,0.0,14.0,0
1,1,4,9488655,0,9,1546,0.75,0.25,0,100.0,0.0,0.0,6.3,0
0,7,593,12,0,7,7133,0.939291737,0.060708263,0,75.51020408,0.0,0.472222222,5.333333333,0
0,7,32,3617,0,0,3066,0.875,0.125,0,0.0,0.0,0.0,0.0,0
0,5,201,1457,1,7,7874,0.865671642,0.134328358,0,50.0,0.1555555559999999,0.148148148,4.5,0
1,0,0,0,0,1,-1,0.0,0.0,0,0.0,0.0,0.0,1.0,1
1,5,6,0,0,0,8431,1.0,0.0,0,0.0,0.0,0.0,0.0,0
1,4,225,332188,1,7,8919,0.7555555559999999,0.244444444,0,0.0,0.0,0.036363636,5.75,0
1,2,0,0,1,7,2335,0.0,0.0,2,0.0,0.0,0.0,4.2,1
0,7,85,2790,0,8,9052,0.8,0.2,1,66.66666667,0.081967213,0.117647059,5.666666667,0
1,3,0,0,0,5,6153,0.0,0.0,0,0.0,0.0,0.0,4.0,1
0,2,1326,287489,0,8,4812,0.99321267,0.00678733,0,86.84210526,0.0,0.5555555560000001,7.2,0
0,6,107,1394,1,6,9325,0.878504673,0.121495327,0,20.0,0.0,0.230769231,6.0,0
0,4,206,629814,1,0,1059,0.844660194,0.155339806,0,13.04347826,0.0,0.1875,0.0,0
1,0,26,0,1,4,1,0.884615385,0.115384615,0,100.0,0.0,0.0,2.5,1
0,3,184,543661,1,0,7542,0.89673913,0.10326087,0,16.66666667,0.0,0.210526316,0.0,0
0,6,281,606,1,10,7839,0.7615658359999999,0.238434164,0,34.21052632,0.0,0.253731343,8.5,0
1,1,133,507771,0,5,1899,0.902255639,0.097744361,2,30.0,0.0,0.153846154,3.0,1
0,0,14,2847770,1,2,111,1.0,0.0,0,0.0,0.096774194,0.0,2.0,1
0,4,0,15992,0,12,-1,0.0,0.0,0,0.0,0.0,0.0,7.8,0
0,7,1133,12,0,5,7132,0.939099735,0.060900265,0,67.45283019,0.0,0.304347826,4.666666667,0
1,0,184,0,1,8,2824,0.298913043,0.701086957,0,20.83333333,0.195652174,0.046511628,5.0,1
1,2,0,0,1,8,603,0.0,0.0,0,0.0,0.030769231,0.0,4.714285714,1
0,5,261,67890,1,10,6708,0.7279693490000001,0.272030651,0,100.0,0.0,0.0,6.4,0
1,1,0,0,0,32,4377,0.0,0.0,0,0.0,0.192307692,0.0,13.0,1
1,5,22,0,0,17,5627,0.181818182,0.818181818,0,25.0,0.051724138,0.277777778,7.666666667,1
0,2,70,0,1,0,-1,0.8857142859999999,0.114285714,0,75.0,0.0,0.0,0.0,0
0,4,172,330836,1,0,8854,0.959302326,0.040697674,0,46.15384615,0.0,0.142857143,0.0,0
1,0,0,0,0,0,129,0.0,0.0,0,0.0,0.0,0.0,0.0,1
1,3,0,0,0,7,7419,0.0,0.0,0,0.0,0.0,0.0,5.5,1
0,7,168,1338,0,8,5484,0.80952381,0.19047619,0,25.92592593,0.150943396,0.375,4.5,0
0,4,33,461672,1,0,-1,0.8787878790000001,0.121212121,0,72.72727273,0.0,0.75,0.0,0
1,3,0,4365,0,10,1953,0.0,0.0,0,0.0,0.057692308,0.0,9.0,1
1,5,22,0,0,0,7298,0.318181818,0.681818182,0,0.0,0.085714286,0.0,0.0,1
1,0,0,0,0,92,1282,0.0,0.0,2,0.0,0.06097561,0.0,17.85714286,1
1,0,18,0,1,5,3,0.833333333,0.166666667,1,100.0,0.020833333,0.0,3.5,1
0,5,99,0,1,18,7455,0.8888888890000001,0.111111111,0,55.55555556,0.01010101,0.090909091,7.375,0
0,4,335,41424,1,9,5119,0.904477612,0.095522388,0,67.85714286,0.0,0.0625,6.333333333,0
1,2,18,2301844,0,7,1731,0.166666667,0.833333333,0,100.0,0.0,0.0,5.2,1
0,4,22,77435,0,0,5058,0.772727273,0.227272727,0,0.0,0.0,0.0,0.0,1
0,1,49,3474559,1,0,2329,0.428571429,0.571428571,0,20.58823529,0.0,0.285714286,0.0,0
1,0,4,5828815,1,17,4004,1.0,0.0,0,100.0,0.165289256,0.0,8.142857142999999,1
1,4,130,8902890,0,10,-1,0.884615385,0.115384615,0,21.42857143,0.0,0.133333333,6.25,1
1,0,78,9050107,0,8,2791,0.987179487,0.012820513,2,97.2972973,0.0,1.0,3.571428571,1
1,4,35,306936,0,9,6867,0.914285714,0.085714286,0,0.0,0.023255814,0.0,9.0,1
1,0,0,0,0,7,3493,0.0,0.0,0,0.0,0.0,0.0,5.5,1
1,5,21,0,0,7,5616,0.19047619,0.80952381,3,25.0,0.018181818,0.176470588,3.75,1
1,5,212,6923,1,10,6672,0.580188679,0.419811321,0,10.84337349,0.037735849,0.0,8.0,0
0,7,686,12,0,7,7133,0.970845481,0.029154519,0,70.14925373,0.0,0.35,5.6,0
0,4,110,969082,1,0,5092,0.281818182,0.7181818179999999,0,38.57142857,0.0,0.544303797,0.0,0
1,0,17,0,0,85,-2,1.0,0.0,0,0.0,0.456790123,0.0,14.5,1
1,0,0,0,0,9,342,0.0,0.0,0,0.0,0.0,0.0,4.5,1
1,0,51,5697976,0,17,3992,1.0,0.0,0,100.0,0.165354331,0.0,7.375,1
1,3,44,493547,0,10,2041,0.659090909,0.340909091,0,66.66666667,0.02247191,0.133333333,6.625,0
0,2,63,0,1,0,4108,0.047619048,0.952380952,0,6.666666667,0.0,0.4,0.0,0
0,5,78,2188,0,10,7615,0.602564103,0.397435897,0,73.33333333,0.0,0.096774194,9.5,0
0,5,11,1778,1,11,7199,1.0,0.0,0,0.0,0.056338028,0.0,5.125,0
0,5,709,148445,1,13,9293,0.977433004,0.022566996,0,86.66666667,0.240740741,0.5,6.5,0
0,5,0,4424,0,9,12648,0.0,0.0,0,0.0,0.06779661,0.0,5.2,0
0,5,37,86615,1,13,5910,0.594594595,0.405405405,0,50.0,0.0,0.333333333,8.333333332999999,0
1,0,45,0,1,13,175,1.0,0.0,4,100.0,0.013157895,0.0,5.714285714,1
0,8,158,50,0,7,12210,1.0,0.0,0,100.0,0.147540984,0.0,4.333333333,0
0,4,30,1115708,1,0,7246,0.266666667,0.7333333329999999,0,10.52631579,0.0,0.272727273,0.0,0
0,5,113,2187,0,10,7617,0.628318584,0.371681416,0,83.63636364,0.0,0.023809524,6.2,0
1,4,73,167115,0,8,1726,1.0,0.0,0,100.0,0.088888889,0.0,6.333333333,1
0,6,149,3790,1,12,8434,0.89261745,0.10738255,0,89.61038961,0.0,0.3125,5.083333333,0
1,8,1067,70,1,9,8965,0.868791003,0.131208997,0,40.0,0.184210526,0.0,8.0,0
1,0,237,0,0,7,4,0.852320675,0.147679325,0,84.32432432,0.0,0.114285714,4.0,1
0,8,340,216,0,10,8215,0.961764706,0.038235294,0,96.5648855,0.0,0.076923077,5.222222222,0
0,2,222,0,1,0,6512,0.7612612609999999,0.238738739,0,38.29787234,0.0,0.075471698,0.0,0
1,2,7,0,0,6,560,0.857142857,0.142857143,0,0.0,0.057692308,0.0,3.6,1
0,6,72,2040,1,8,9504,0.833333333,0.166666667,0,61.53846154,0.0,0.25,6.571428571,0
1,5,111,326461,0,7,7975,0.972972973,0.027027027,0,75.0,0.0,0.333333333,5.333333333,0
1,0,0,0,1,8,4041,0.0,0.0,1,0.0,0.0,0.0,7.0,1
0,3,189,1077782,1,0,4567,0.968253968,0.031746032,0,100.0,0.0,0.0,0.0,0
0,6,147,11068,1,10,5339,0.442176871,0.557823129,0,12.5,0.1,0.1707317069999999,5.285714286,0
1,8,5,115,1,8,5160,0.4,0.6,0,0.0,0.053333333,0.666666667,3.818181818,0
0,5,204,875896,0,0,7296,0.534313725,0.465686275,0,64.96815287,0.0,0.410526316,0.0,0
1,0,40,0,0,10,1884,0.2,0.8,2,9.090909091,0.0,0.625,5.714285714,1
1,6,8,20989,0,0,1337,1.0,0.0,0,0.0,0.0,0.0,0.0,1
0,5,84,0,0,0,7298,0.535714286,0.464285714,0,75.75757576,0.0,0.102564103,0.0,0
0,5,102,4248,1,4,-1,0.941176471,0.058823529,0,0.0,0.0,0.0,3.333333333,0
0,8,22,0,0,1,5160,1.0,0.0,0,0.0,0.0,0.0,1.0,0
1,5,37,1547,1,14,5290,0.918918919,0.081081081,0,62.5,0.0,0.0,9.333333333,0
1,3,11,0,1,5,2241,1.0,0.0,1,100.0,0.0,0.0,3.666666667,1
1,0,421,837228,0,10,-1,0.180522565,0.819477435,0,19.13357401,0.0,0.107246377,4.6,1
1,7,0,1083622,0,7,-1,0.0,0.0,0,0.0,0.15,0.0,7.0,1
1,0,0,0,0,0,86,0.0,0.0,0,0.0,0.05,0.0,0.0,1
1,0,22,0,0,5,2724,0.227272727,0.772727273,0,30.76923077,0.0,0.294117647,3.5,1
0,2,10,0,1,2,5958,1.0,0.0,0,100.0,0.0,0.0,2.0,0
1,0,13,8774851,0,11,261,0.846153846,0.153846154,0,0.0,0.0,0.0,7.5,1
0,5,115,603548,0,0,7296,0.6521739129999999,0.347826087,0,80.0,0.0,0.2,0.0,0
1,4,11,2390594,0,6,8157,0.454545455,0.545454545,1,0.0,0.0,1.0,3.75,1
1,0,0,0,0,5,-1,0.0,0.0,0,0.0,0.102564103,0.0,4.0,1
1,0,45,0,0,0,1733,1.0,0.0,0,0.0,0.1578947369999999,0.0,0.0,1
1,1,23,0,1,6,-1,0.956521739,0.043478261,0,66.66666667,0.0,1.0,4.666666667,1
0,6,254,5126,1,6,6298,0.952755906,0.047244094,0,77.55102041,0.076923077,0.25,4.6,0
0,5,64,1237904,1,0,3122,0.3125,0.6875,0,20.37037037,0.0,0.045454545,0.0,0
0,5,137,12866,1,10,6681,0.810218978,0.189781022,0,25.0,0.0,0.192307692,8.5,0
0,7,207,1300,1,6,5511,0.937198068,0.062801932,0,53.57142857,0.0,0.615384615,4.0,0
0,0,7,0,0,0,2155,0.428571429,0.571428571,0,100.0,0.0,0.0,0.0,1
0,4,177,1264128,1,10,6977,0.830508475,0.169491525,0,22.72727273,0.0,0.066666667,7.333333333,0
0,2,0,0,1,7,3747,0.0,0.0,2,0.0,0.0,0.0,5.666666667,1
1,2,7,4956499,0,6,-1,0.857142857,0.142857143,0,50.0,0.0,1.0,4.6,0
1,0,0,0,0,14,3632,0.0,0.0,3,0.0,0.049019608,0.0,8.0,1
1,6,8,20989,0,8,1337,1.0,0.0,0,0.0,0.048780488,0.0,6.0,1
1,5,128,5347,1,12,8759,0.8125,0.1875,0,46.15384615,0.067961165,0.166666667,4.5,0
1,0,10,0,0,56,62,0.6,0.4,0,50.0,0.290322581,0.25,13.4,1
1,1,33,1782754,0,5,-1,0.909090909,0.090909091,1,100.0,0.0,0.0,4.5,0
1,0,4,0,0,11,2249,1.0,0.0,2,100.0,0.0,0.0,5.6,1
1,1,47,0,0,6,1276,0.638297872,0.361702128,0,6.666666667,0.027777778,0.647058824,6.0,1
0,7,560,12,0,8,7131,0.921428571,0.078571429,0,70.46979866,0.0,0.8409090909999999,5.75,0
1,2,83,0,0,8,-1,0.289156627,0.710843373,0,0.0,0.127659574,0.016949153,5.75,1
1,0,146,0,0,10,3910,0.246575342,0.753424658,1,16.66666667,0.0,0.036363636,6.0,1
0,3,809,73540,1,0,4502,0.991347342,0.008652658,0,99.72222222,0.0,0.142857143,0.0,0
0,5,299,106451,0,8,5057,0.993311037,0.006688963,0,50.0,0.0,1.0,7.0,0
0,5,113,2192,0,10,7618,0.637168142,0.362831858,0,85.45454545,0.0,0.024390244,7.333333333,0
0,10,53,8,1,11,8520,0.622641509,0.377358491,0,80.0,0.0,0.0,11.0,0
0,8,190,136,1,19,5224,0.721052632,0.278947368,0,39.65517241,0.116883117,0.075471698,9.2,0
1,0,0,0,0,32,2120,0.0,0.0,0,0.0,0.352941176,0.0,32.0,1
0,3,104,244512,1,0,5273,0.884615385,0.115384615,0,100.0,0.0,0.166666667,0.0,0
0,4,39,3621446,0,6,2079,0.128205128,0.871794872,0,0.0,0.107142857,0.352941176,4.0,0
0,2,24,707722,1,0,2479,0.875,0.125,0,40.0,0.0,1.0,0.0,0
0,5,101,13186,0,17,7836,0.930693069,0.069306931,0,41.66666667,0.049180328,0.571428571,6.363636364,0
1,1,13,6104856,0,6,-1,1.0,0.0,3,0.0,0.0,0.0,4.0,1
1,0,103,1416696,0,5,6255,0.932038835,0.067961165,1,0.0,0.026315789,0.285714286,4.0,1
0,2,84,512629,1,0,2308,0.5476190479999999,0.452380952,0,50.0,0.0,0.026315789,0.0,0
1,0,0,0,0,6,142,0.0,0.0,0,0.0,0.058823529,0.0,6.0,1
1,2,24,0,1,5,7715,1.0,0.0,0,100.0,0.046511628,0.0,3.0,1
0,10,0,1,2,40,8347,0.0,0.0,1,0.0,0.0591133,0.0,5.428571429,1
0,3,12,378774,1,0,-1,0.916666667,0.083333333,0,92.85714286,0.0,1.0,0.0,0
0,4,16,321794,0,9,4924,0.9375,0.0625,0,0.0,0.0,0.0,5.166666667,0
0,5,175,14227,1,6,5908,0.891428571,0.108571429,0,14.28571429,0.022727273,0.052631579,4.0,0
0,3,88,0,1,10,4027,0.954545455,0.045454545,0,33.33333333,0.0,0.5,6.0,0
0,3,45,763318,1,0,5701,0.422222222,0.577777778,0,33.33333333,0.0,0.192307692,0.0,0
1,0,15,0,0,5,-1,0.666666667,0.333333333,0,0.0,0.0,0.0,4.333333333,1
0,2,31,1196152,0,13,1015,0.032258065,0.967741935,1,0.0,0.0,0.1,6.5,1
1,0,13,0,0,8,2573,1.0,0.0,0,100.0,0.081632653,0.0,5.25,1
1,0,103,0,0,0,537,0.7669902909999999,0.233009709,0,0.0,0.12,0.791666667,0.0,1
1,3,23,0,0,136,7154,0.391304348,0.608695652,0,100.0,0.170289855,0.0,23.9047619,1
1,6,8,20989,0,0,1337,1.0,0.0,0,0.0,0.034482759,0.0,0.0,1
0,4,45,1758310,1,0,1535,0.7333333329999999,0.266666667,0,42.85714286,0.0,0.25,0.0,0
0,7,66,6019,0,9,4949,0.712121212,0.287878788,0,20.0,0.134146341,0.210526316,4.6363636360000005,0
0,7,737,12,0,6,7131,0.875169607,0.124830393,0,66.05166052,0.0,0.467391304,4.333333333,0
1,0,1,0,0,9,899,1.0,0.0,0,0.0,0.0,0.0,5.4,1
0,1,139,2819002,1,0,3916,0.935251799,0.0647482009999999,0,20.0,0.0,0.111111111,0.0,0
1,2,19,8858690,1,4,8934,0.1578947369999999,0.842105263,0,28.57142857,0.0,0.125,3.0,0
0,3,0,1096263,0,3,7685,0.0,0.0,0,0.0,0.0,0.0,3.0,0
0,0,14,2851324,1,2,112,1.0,0.0,0,0.0,0.09375,0.0,2.0,1
1,7,38,33,1,8,8941,1.0,0.0,0,100.0,0.0,0.0,6.5,0
0,2,0,6974,0,16,3509,0.0,0.0,0,0.0,0.317829457,0.0,8.6,1
1,4,0,0,0,9,3017,0.0,0.0,0,0.0,0.0,0.0,6.25,0
1,0,0,0,1,9,187,0.0,0.0,0,0.0,0.081632653,0.0,6.666666667,1
0,2,134,2320287,1,0,3419,0.5074626870000001,0.492537313,0,83.33333333,0.0,0.0,0.0,0
0,3,9,600126,0,0,-1,0.444444444,0.5555555560000001,0,0.0,0.0,0.0,0.0,0
0,4,38,665238,0,0,7650,0.342105263,0.657894737,0,0.0,0.0,0.4,0.0,0
0,4,167,531106,1,0,-1,0.964071856,0.035928144,0,87.75510204,0.0,0.0,0.0,0
1,5,21,14674,1,23,7603,1.0,0.0,1,0.0,0.0,0.0,5.5,0
1,0,4,0,0,4,-1,1.0,0.0,0,100.0,0.238095238,0.0,4.0,1
0,5,107,3535732,1,0,9173,1.0,0.0,0,100.0,0.0,0.0,0.0,0
0,4,26,4046162,0,0,2695,0.923076923,0.076923077,0,0.0,0.043478261,0.5,0.0,0
0,5,76,240533,0,6,4160,0.315789474,0.684210526,0,28.57142857,0.072289157,0.019230769,3.846153846,0
0,7,853,12,0,7,7131,0.944900352,0.055099648,0,71.51515152,0.0,0.468085106,4.5,0
1,0,0,0,0,6,-1,0.0,0.0,1,0.0,0.25,0.0,2.4,1
0,5,244,3629,1,10,8708,0.987704918,0.012295082,0,76.92307692,0.0,0.0,10.0,0
0,5,1,22046,1,28,12203,0.0,1.0,0,0.0,0.0,0.0,9.8,0
0,3,81,471755,1,0,8422,0.962962963,0.037037037,0,100.0,0.0,0.0,0.0,0
1,5,0,0,0,0,5626,0.0,0.0,0,0.0,0.115384615,0.0,0.0,1
1,0,4,0,1,4,3639,1.0,0.0,0,100.0,0.0,0.0,2.4,1
1,0,73,5008870,1,32,152,0.8904109590000001,0.109589041,0,87.80487805,0.3125,0.375,14.0,1
0,4,118,9627807,1,0,-1,0.974576271,0.025423729,0,95.45454545,0.0,0.666666667,0.0,0
0,3,406,1099626,1,0,4537,0.963054187,0.036945813,0,63.63636364,0.0,0.066666667,0.0,0
1,4,13,460221,1,7,4973,0.846153846,0.153846154,0,0.0,0.023255814,0.0,5.0,0
0,4,126,538542,1,0,3052,0.96031746,0.03968254,0,40.0,0.0,0.4,0.0,0
0,4,12,244386,0,0,3596,0.916666667,0.083333333,1,0.0,0.0,0.0,0.0,0
0,4,130,207870,1,0,3469,0.953846154,0.046153846,0,50.0,0.0,0.5,0.0,0
0,1,266,0,1,0,2652,0.819548872,0.180451128,0,0.0,0.0,0.041666667,0.0,0
0,3,28,0,0,0,4489,0.892857143,0.107142857,1,0.0,0.0,0.0,0.0,1
0,7,137,3706,1,11,7611,0.700729927,0.299270073,0,10.25641026,0.0,0.146341463,5.857142857,0
1,4,168,461551,1,2,7233,0.6785714290000001,0.321428571,0,83.33333333,0.0,0.0,2.0,0
0,0,19,0,0,0,-1,0.1578947369999999,0.842105263,0,14.28571429,0.0,0.0,0.0,0
0,6,8,22211,0,6,1338,1.0,0.0,0,0.0,0.025641026,0.0,5.0,1
1,8,416,73,0,5,9803,0.963942308,0.036057692,0,50.0,0.035714286,0.266666667,5.0,0
1,5,0,13076,0,9,9239,0.0,0.0,0,0.0,0.053571429,0.0,7.0,0
0,3,130,0,1,0,5093,0.846153846,0.153846154,0,65.11627907,0.0,0.2,0.0,0
1,6,4,3866,0,8,7100,1.0,0.0,1,100.0,0.162162162,0.0,6.4,1
1,0,1,0,0,10,4757,1.0,0.0,1,100.0,0.0,0.0,6.2,1
0,6,218,689,1,7,6257,0.8761467890000001,0.123853211,0,55.17241379,0.0,0.0,7.0,0
1,0,38,0,0,8,778,0.421052632,0.578947368,3,11.11111111,0.056338028,0.227272727,5.5,1
1,8,5,115,1,14,5160,0.4,0.6,0,0.0,0.051948052,0.666666667,4.5,0
0,3,2,0,1,0,6240,0.5,0.5,0,0.0,0.0,1.0,0.0,0
1,0,23,0,0,7,-1,0.826086957,0.173913043,0,100.0,0.01754386,0.0,4.666666667,1
1,0,21,136428,0,0,1080,0.19047619,0.80952381,0,25.0,0.0,0.176470588,0.0,1
1,4,0,1883895,1,13,8872,0.0,0.0,0,0.0,0.047619048,0.0,6.75,0
1,2,3,0,0,64,1658,1.0,0.0,2,0.0,0.349794239,0.0,18.55555556,1
1,3,67,2336,0,6,7159,0.940298507,0.059701493,0,100.0,0.139534884,1.0,4.5,0
0,4,47,9400344,1,0,2925,0.872340426,0.127659574,0,100.0,0.0,0.0,0.0,0
1,2,0,7115751,1,4,3339,0.0,0.0,1,0.0,0.0,0.0,3.166666667,1
1,4,0,50436,0,32,5783,0.0,0.0,0,0.0,0.316455696,0.0,11.5,1
0,3,502,2112856,1,0,2756,0.986055777,0.013944223,0,97.05882353,0.0,0.285714286,0.0,0
1,0,4,5816617,1,17,4003,1.0,0.0,0,100.0,0.12195122,0.0,7.375,1
1,0,5,0,0,0,3229,0.4,0.6,0,0.0,0.196078431,0.0,0.0,1
1,0,16,0,0,11,2783,0.9375,0.0625,1,100.0,0.0,0.0,5.375,1
0,3,225,226699,1,5,-1,0.964444444,0.035555556,0,36.36363636,0.073170732,0.25,4.5,0
1,0,27,0,0,8,-1,0.7777777779999999,0.222222222,2,33.33333333,0.0,0.666666667,5.25,1
0,5,102,13812,1,10,-1,0.921568627,0.078431373,0,0.0,0.0,0.125,6.0,0
1,0,184,0,0,0,8,0.913043478,0.086956522,0,46.15384615,0.0,0.625,0.0,1
1,0,17,0,0,17,-1,0.117647059,0.882352941,1,0.0,0.169811321,0.0,8.0,1
1,0,13,0,0,5,-1,1.0,0.0,1,0.0,0.264705882,0.0,3.0,1
1,0,5,0,0,8,1087,1.0,0.0,0,0.0,0.0,0.0,3.8,1
1,1,0,0,0,32,4376,0.0,0.0,0,0.0,0.180555556,0.0,15.66666667,1
0,4,192,113965,1,0,6220,0.760416667,0.239583333,0,12.5,0.0,0.195652174,0.0,0
1,3,118,2025445,1,9,2539,0.940677966,0.059322034,3,0.0,0.0,0.142857143,6.0,1
0,1,107,3830391,1,7,1527,0.934579439,0.065420561,2,100.0,0.0,0.0,4.8,1
1,0,92,0,0,75,227,0.97826087,0.02173913,0,33.33333333,0.121212121,0.0,39.0,1
1,0,12,0,0,8,5193,0.25,0.75,0,0.0,0.0,0.0,5.5,1
0,3,35,2586888,1,12,3952,0.257142857,0.7428571429999999,0,10.52631579,0.038961039,0.653846154,6.833333333,0
1,5,170,3993,1,8,7840,0.9,0.1,0,14.28571429,0.012987013,0.117647059,4.3,0
1,0,22,0,1,11,284,0.954545455,0.045454545,3,0.0,0.0,0.0,6.222222222,1
0,5,209,6843,1,10,6668,0.574162679,0.425837321,0,10.84337349,0.0,0.0,9.5,0
1,0,0,0,0,7,8683,0.0,0.0,0,0.0,0.0,0.0,4.75,1
1,2,0,318914,0,32,-1,0.0,0.0,0,0.0,0.481481481,0.0,32.0,1
0,1,27,3186834,1,0,1038,0.518518519,0.481481481,0,100.0,0.0,0.0,0.0,0
1,0,31,0,0,16,2777,0.612903226,0.387096774,0,100.0,0.191011236,0.166666667,7.411764706,1
1,2,67,247225,1,5,3044,0.865671642,0.134328358,0,53.33333333,0.0,0.444444444,4.0,1
0,6,35,56198,0,0,7621,0.7428571429999999,0.257142857,0,0.0,0.0,0.0,0.0,1
1,4,118,326140,1,7,8465,0.889830508,0.110169492,0,46.66666667,0.0,0.384615385,5.8,0
1,1,0,0,0,32,3763,0.0,0.0,1,0.0,0.288135593,0.0,17.0,1
0,0,6,0,0,0,-1,0.666666667,0.333333333,0,0.0,0.117647059,1.0,0.0,1
0,8,5,0,0,0,5159,0.4,0.6,0,0.0,0.0,0.666666667,0.0,0
0,4,90,142338,1,0,2910,0.7555555559999999,0.244444444,0,48.0,0.0,0.181818182,0.0,0
1,2,0,0,1,8,7957,0.0,0.0,0,0.0,0.0,0.0,7.0,0
1,2,0,0,1,8,-1,0.0,0.0,3,0.0,0.058823529,0.0,5.333333333,1
1,5,108,10626,1,12,8973,0.981481481,0.018518519,0,95.0,0.019607843,0.0,6.25,0
1,5,21,0,0,0,5627,0.19047619,0.80952381,0,25.0,0.211538462,0.294117647,0.0,1
0,7,820,12,0,9,7132,0.947560976,0.052439024,0,68.61313869,0.0,0.279069767,6.0,0
0,5,210,4114,1,8,7837,0.928571429,0.071428571,0,0.0,0.0,0.0,4.75,0
0,6,403,684,1,6,6260,0.930521092,0.0694789079999999,0,53.33333333,0.0,0.107142857,6.0,0
0,5,289,16226,1,9,8466,0.923875433,0.076124567,0,34.782608700000004,0.0,0.363636364,9.0,0
0,5,76,180067,1,0,8768,0.447368421,0.552631579,0,42.85714286,0.0,0.023809524,0.0,0
0,7,798,12,0,10,7133,0.788220551,0.211779449,0,56.44329897,0.0,0.289940828,6.333333333,0
1,4,26,383748,1,10,3262,0.038461538,0.961538462,0,0.0,0.0,0.0,6.666666667,1
1,0,0,0,0,0,0,0.0,0.0,0,0.0,0.03030303,0.0,0.0,1
1,5,565,11963,1,8,8645,0.957522124,0.042477876,0,73.07692308,0.0,0.083333333,6.666666667,0
1,2,22,0,0,64,3750,0.954545455,0.045454545,2,100.0,0.323809524,0.0,14.33333333,1
1,2,4,4484551,1,13,2074,0.0,1.0,3,0.0,0.045454545,0.0,5.5,1
0,3,94,6595652,1,9,4110,1.0,0.0,0,100.0,0.016393443,0.0,5.5,0
0,7,238,413,0,7,8455,0.8277310920000001,0.172268908,0,73.46938776,0.327586207,0.926829268,3.857142857,0
0,5,114,131196,1,0,3179,0.728070175,0.271929825,0,36.36363636,0.0,0.193548387,0.0,0
0,5,184,14420,0,7,6070,0.510869565,0.489130435,0,9.259259259,0.0,0.133333333,6.0,0
1,2,22,0,0,64,3750,0.954545455,0.045454545,2,100.0,0.380952381,0.0,14.33333333,1
0,5,43,1885,1,7,5454,0.790697674,0.209302326,0,10.0,0.0,0.0,5.333333333,0
0,5,109,98,0,10,4057,0.697247706,0.302752294,0,83.33333333,0.042735043,0.03030303,5.545454545,0
0,2,71,1283116,1,0,2484,0.971830986,0.028169014,0,0.0,0.0,0.0,0.0,0
1,2,171,8844492,0,25,-1,0.842105263,0.1578947369999999,0,40.54054054,0.213114754,0.222222222,9.75,1
1,2,1,0,0,5,-1,0.0,1.0,1,0.0,0.0,0.0,3.333333333,1
1,6,78,5638,1,12,7919,0.897435897,0.102564103,0,57.14285714,0.101449275,0.125,6.142857143,0
1,10,10,1,0,28,8348,0.0,1.0,1,0.0,0.073170732,0.0,7.285714286,1
1,0,4,0,0,8,-1,0.0,1.0,0,0.0,0.171875,0.0,4.285714286,1
0,3,99,3481179,1,0,-1,0.484848485,0.515151515,0,8.333333332999999,0.0,0.039215686,0.0,0
1,0,17,0,0,7,-1,0.941176471,0.058823529,0,0.0,0.015873016,1.0,3.75,1
0,5,61,98707,0,5,8571,0.93442623,0.06557377,0,50.0,0.071428571,0.25,5.0,0
0,4,51,73732,1,10,4378,0.980392157,0.019607843,0,100.0,0.0,0.0,5.4,0
1,0,56,0,0,7,-1,1.0,0.0,0,0.0,0.085714286,0.0,5.0,1
0,3,72,84997,1,0,4307,0.8472222220000001,0.152777778,0,38.46153846,0.0,0.0,0.0,0
0,4,38,0,0,0,7380,0.7105263159999999,0.289473684,0,0.0,0.0,1.454545455,0.0,0
1,5,22,3532926,0,17,5627,0.181818182,0.818181818,0,25.0,0.046153846,0.277777778,7.666666667,1
0,4,19,2617136,1,0,5078,0.684210526,0.315789474,0,0.0,0.0,0.0,0.0,0
1,0,12,0,1,5,1771,0.75,0.25,0,92.30769231,0.0,0.0,5.0,1
1,0,51,5707171,0,17,3992,1.0,0.0,0,100.0,0.125984252,0.0,7.375,1
1,3,61,8876061,0,4,-1,0.0,1.0,0,0.0,0.047619048,0.016393443,4.0,1
1,0,37,0,0,5,1369,1.0,0.0,0,100.0,0.0,0.0,4.5,1
0,2,51,775330,1,0,1527,0.862745098,0.1372549019999999,0,22.22222222,0.0,0.7142857140000001,0.0,0
1,0,33,0,1,9,2105,0.787878788,0.212121212,1,71.42857143,0.0,0.0,5.8,1
1,2,0,7010277,1,7,7726,0.0,0.0,0,0.0,0.0,0.0,3.6,1
0,6,252,600,1,10,7836,0.773809524,0.226190476,0,28.57142857,0.0,0.263157895,5.0,0
0,5,4,66583,0,19,9806,1.0,0.0,0,0.0,0.09375,0.0,7.6,0
1,2,122,0,1,8,3671,0.467213115,0.532786885,1,3.389830508,0.016393443,0.107692308,4.833333333,1
0,2,151,0,1,0,6111,0.907284768,0.092715232,0,55.0,0.0,0.357142857,0.0,0
1,0,0,0,0,2,5090,0.0,0.0,0,0.0,0.0,0.0,2.0,1
0,3,498,407033,0,0,-1,0.977911647,0.022088353,0,60.86956522,0.0,0.090909091,0.0,0
0,6,55,1634,1,6,2390,0.854545455,0.145454545,0,72.22222222,0.0,0.375,3.142857143,0
0,5,49,372124,1,10,8778,0.857142857,0.142857143,0,100.0,0.0,0.0,6.166666667,0
0,7,146,12,0,4,7133,0.910958904,0.089041096,0,51.85185185,0.0,0.384615385,3.25,0
0,5,313,2330327,1,16,3358,0.060702875,0.939297125,0,82.09523809999997,0.1,0.193877551,6.5,0
0,0,40,0,0,6,19,0.65,0.35,0,10.0,0.046511628,0.0,5.25,1
0,3,57,5268681,1,0,1918,0.6315789470000001,0.368421053,0,26.31578947,0.0,0.142857143,0.0,0
0,10,42,2,1,11,5640,0.595238095,0.404761905,1,0.0,0.023255814,0.0,5.666666667,0
1,5,9,138139,0,11,-1,1.0,0.0,0,100.0,0.0,0.0,11.0,1
0,10,122,8,1,18,8516,0.418032787,0.581967213,0,100.0,0.0,0.0,18.0,0
1,0,4,0,0,7,1837,1.0,0.0,0,100.0,0.1607142859999999,0.0,5.6,1
0,4,15,532418,1,0,1731,0.933333333,0.066666667,1,100.0,0.0,0.0,0.0,0
1,2,3,0,0,7,4629,0.666666667,0.333333333,3,0.0,0.0,0.0,3.8,1
0,7,59,6315,1,8,3778,0.847457627,0.152542373,1,78.125,0.0,0.222222222,6.666666667,0
0,4,141,289244,1,9,2238,0.929078014,0.0709219859999999,0,20.0,0.0,0.8,6.2,0
1,4,61,187558,1,9,6416,0.93442623,0.06557377,0,50.0,0.035714286,0.25,5.666666667,0
0,4,26,893829,1,19,7379,0.884615385,0.115384615,0,0.0,0.014285714,1.0,8.6,0
0,3,45,10594355,0,0,5819,0.8222222220000001,0.177777778,0,100.0,0.0,0.125,0.0,0
0,3,90,0,1,0,5178,0.577777778,0.422222222,0,56.25,0.0,0.026315789,0.0,0
1,7,79,2634,1,25,-1,0.898734177,0.101265823,0,50.0,0.0,0.125,10.6,0
0,6,624,689,1,10,6256,0.953525641,0.046474359,0,51.61290323,0.0,0.413793103,10.0,0
0,3,140,428294,1,0,-1,0.6571428570000001,0.342857143,0,33.33333333,0.0,0.0,0.0,0
1,0,15,0,0,64,-1,0.933333333,0.066666667,5,85.71428571,0.347826087,1.0,14.38461538,1
1,2,7,8227812,0,11,5838,1.0,0.0,3,0.0,0.0,0.0,6.3,1
0,3,1219,2374842,1,0,5763,0.995898277,0.004101723,0,98.42105263,0.0,0.6,0.0,0
0,3,1187,3234267,1,0,2475,0.98062342,0.01937658,0,95.87628866,0.0,0.434782609,0.0,0
1,0,23,0,0,5,-12,0.260869565,0.739130435,1,0.0,0.0,0.352941176,3.5,1
1,0,3,0,0,7,216,0.666666667,0.333333333,2,50.0,0.0,1.0,3.857142857,1
1,5,14,0,0,15,7802,0.071428571,0.928571429,0,0.0,0.02739726,0.153846154,7.0,1
1,1,0,0,0,20,359,0.0,0.0,1,0.0,0.223684211,0.0,8.2,1
1,3,1,18105,0,20,7087,0.0,1.0,0,0.0,0.204724409,0.0,6.5,1
0,2,0,5473793,0,0,-1,0.0,0.0,0,0.0,0.0,0.0,0.0,0
1,2,24,485297,0,0,1448,0.708333333,0.291666667,0,100.0,0.0,0.0,0.0,1
0,2,144,106159,1,7,3709,0.986111111,0.013888889,0,33.33333333,0.0,0.0,6.0,0
0,1,19,6734931,0,8,-1,0.526315789,0.473684211,3,100.0,0.0,0.0,4.625,1
0,3,734,180227,1,6,3192,0.991825613,0.008174387,0,99.54954955,0.0,0.0,4.833333333,0
0,4,81,283306,1,7,-1,0.320987654,0.6790123459999999,0,80.0,0.0,0.0,4.4,0
1,1,1,0,1,32,2414,0.0,1.0,0,0.0,0.25,1.0,7.75,1
0,4,224,0,1,0,4911,0.8482142859999999,0.151785714,0,39.28571429,0.0,0.294117647,0.0,0
0,3,249,0,1,0,3837,0.963855422,0.036144578,0,94.87179487,0.0,0.7777777779999999,0.0,0
1,2,22,0,0,32,2300,0.545454545,0.454545455,2,60.0,0.279569892,0.0,8.0,1
1,5,19,0,0,67,5613,0.6315789470000001,0.368421053,0,100.0,0.126760563,0.0,20.6,1
0,6,27,13684,1,9,12561,1.0,0.0,0,100.0,0.0172413789999999,0.0,5.8,0
1,2,103,767936,0,5,7063,0.932038835,0.067961165,1,0.0,0.142857143,0.285714286,4.0,1
0,7,387,12,0,4,7133,0.909560724,0.090439276,0,73.07692308,0.0,0.428571429,3.25,0
0,8,259,72,0,5,9803,0.926640927,0.073359073,0,36.36363636,0.0,0.368421053,4.2,0
1,8,29,23,0,10,10676,0.931034483,0.068965517,0,60.0,0.101265823,0.0,4.888888889,0
0,4,161,415941,1,0,5380,0.863354037,0.136645963,0,0.0,0.0,0.045454545,0.0,0
1,2,10,0,0,6,-1,0.3,0.7,0,0.0,0.086956522,0.571428571,3.6,1
1,1,0,0,0,9,4258,0.0,0.0,2,0.0,0.035294118,0.0,4.222222222,1
1,0,15,0,1,7,333,0.6,0.4,0,0.0,0.045454545,0.0,6.5,1
0,3,511,49987,1,0,-1,0.962818004,0.037181996,0,14.28571429,0.0,0.1578947369999999,0.0,0
0,5,521,90283,1,6,6656,0.990403071,0.009596929,0,99.13043478,0.0,0.0,4.75,0
1,0,51,0,0,17,3993,1.0,0.0,0,100.0,0.166666667,0.0,7.375,1
1,0,4,0,0,49,-2,1.0,0.0,1,0.0,0.457364341,0.0,14.42857143,1
1,0,0,6251197,1,9,2613,0.0,0.0,1,0.0,0.0,0.0,7.0,1
0,2,195,294088,0,0,4005,0.974358974,0.025641026,0,83.33333333,0.0,0.6,0.0,0
1,0,29,0,1,0,2179,0.5862068970000001,0.413793103,0,16.66666667,0.090909091,0.166666667,0.0,1
0,6,44,13887,0,12,7986,0.727272727,0.272727273,0,14.28571429,0.0,0.333333333,6.2,0
0,7,115,5067,1,9,4761,0.617391304,0.382608696,0,23.07692308,0.123076923,0.113636364,4.333333333,0
0,3,47,460823,1,0,6290,0.978723404,0.021276596,0,100.0,0.0,0.0,0.0,0
0,3,94,968408,1,12,7452,1.0,0.0,0,100.0,0.0,0.0,7.666666667,0
0,5,114,380,1,12,5044,0.938596491,0.061403509,0,64.28571429,0.0,0.142857143,7.4,0
0,3,72,798,0,13,5516,0.458333333,0.541666667,0,27.77777778,0.16,0.076923077,5.75,1
1,0,13,0,0,13,-1,0.153846154,0.846153846,0,50.0,0.0,0.0,6.0,1
1,0,37,0,0,7,3208,0.864864865,0.135135135,3,85.71428571,0.0,0.8,5.5,1
0,5,499,55262,1,5,5090,0.951903808,0.048096192,0,76.76767677,0.0,0.25,5.0,0
0,6,388,12978,1,9,8881,0.940721649,0.0592783509999999,0,83.87096774,0.0,0.260869565,5.285714286,0
1,0,27,0,0,8,829,0.481481481,0.518518519,0,83.33333333,0.0,0.0,7.0,1
0,2,3,435701,1,0,-1,1.0,0.0,0,100.0,0.0,0.0,0.0,0
1,5,19,9298906,0,65,5613,0.6315789470000001,0.368421053,0,100.0,0.14379085,0.0,20.2,1
1,5,16,0,0,0,7295,0.0625,0.9375,0,14.28571429,0.0,0.2,0.0,1
1,1,0,0,0,32,359,0.0,0.0,1,0.0,0.211111111,0.0,10.6,1
0,3,155,2552376,1,0,4574,0.935483871,0.064516129,0,33.33333333,0.0,0.4,0.0,0
1,0,17,0,0,5,643,1.0,0.0,1,100.0,0.0,0.0,4.4,1
0,7,49,1499,1,12,8904,0.306122449,0.6938775509999999,0,25.0,0.0,0.0,6.166666667,0
1,0,1,0,1,5,2420,1.0,0.0,0,0.0,0.0,0.0,4.0,1
1,5,14,0,0,0,7295,0.071428571,0.928571429,0,14.28571429,0.023255814,0.230769231,0.0,1
1,0,0,8237707,0,5,4634,0.0,0.0,1,0.0,0.0,0.0,4.0,1
1,0,147,1379977,0,2,958,0.829931973,0.1700680269999999,1,0.0,0.0,0.08,2.0,1
1,0,10,0,0,2,2555,0.3,0.7,0,0.0,0.038461538,0.0,2.0,1
1,0,0,0,0,4,2886,0.0,0.0,0,0.0,0.0,0.0,3.5,1
1,1,10,0,1,12,2920,0.6,0.4,1,0.0,0.051546392,0.0,4.909090909,1
1,10,10,1,0,19,8347,0.0,1.0,1,0.0,0.073170732,0.0,7.285714286,1
0,0,9,3524124,0,0,5942,0.0,1.0,0,0.0,0.043478261,0.111111111,0.0,1
1,3,1,17964,0,8,7083,0.0,1.0,0,0.0,0.050847458,0.0,4.0,1
1,5,203,6844,1,10,6669,0.60591133,0.39408867,0,11.53846154,0.037735849,0.0,8.0,0
0,6,100,690,1,7,9205,0.87,0.13,0,37.5,0.0,0.0,5.666666667,0
1,5,161,846519,1,7,4300,0.534161491,0.465838509,0,50.0,0.06557377,0.213333333,5.0,0
0,3,406,2470539,1,0,-1,0.140394089,0.859605911,0,4.545454545,0.0,0.080229226,0.0,0
1,7,0,632751,0,30,2521,0.0,0.0,0,0.0,0.1875,0.0,15.5,1
1,2,62,1917321,1,11,1822,0.870967742,0.129032258,1,0.0,0.0625,0.0,7.666666667,1
0,0,36,6322841,1,0,171,0.5277777779999999,0.472222222,0,42.85714286,0.055555556,0.117647059,0.0,1
1,3,28,0,0,1,6382,0.035714286,0.964285714,0,0.0,0.021276596,0.037037037,1.0,1
1,5,1034,117262,0,7,6171,0.016441006,0.983558994,0,1.807228916,0.0,0.030481809,4.25,0
1,1,22,0,1,4,1479,0.818181818,0.181818182,0,100.0,0.0,0.0,3.0,1
1,0,8,0,1,7,385,0.875,0.125,0,50.0,0.0,1.0,4.5,1
1,1,11,0,0,32,-1,1.0,0.0,3,0.0,0.263736264,0.0,9.333333333,1
0,5,286,14284,0,9,6073,0.688811189,0.311188811,0,14.54545455,0.0,0.08988764,5.0,0
0,3,16,1187803,1,2,-1,1.0,0.0,0,0.0,0.0,0.0,2.0,0
0,3,234,2070017,1,0,-1,0.645299145,0.354700855,0,18.42105263,0.0,0.048192771,0.0,0
1,6,64,4114,1,16,12873,0.890625,0.109375,0,45.45454545,0.0,0.142857143,9.0,0
1,2,22,0,0,7,2300,0.545454545,0.454545455,2,60.0,0.083333333,0.0,4.0,1
0,2,103,3749732,1,0,8453,0.951456311,0.048543689,0,66.66666667,0.0,0.0,0.0,0
0,4,43,3213,1,9,3955,0.813953488,0.186046512,0,82.60869565,0.0,0.0,5.4,0
0,4,7,286175,1,9,3596,0.857142857,0.142857143,0,0.0,0.0,0.0,7.125,0
1,0,30,0,0,32,-1,0.9,0.1,0,85.71428571,0.237113402,0.333333333,9.0,1
1,0,0,0,1,5,-1,0.0,0.0,0,0.0,0.0,0.0,4.0,1
0,6,204,683,1,10,6259,0.857843137,0.142156863,0,51.61290323,0.0,0.0,10.0,0
0,2,398,2657084,1,0,-1,0.967336683,0.032663317,0,0.0,0.0,0.230769231,0.0,0
1,6,24,10656,0,5,-1,0.791666667,0.208333333,0,0.0,0.083333333,0.2,5.0,1
1,0,24,0,0,7,-1,0.75,0.25,0,0.0,0.0,0.0,4.666666667,1
0,2,58,4139578,0,0,-1,0.931034483,0.068965517,0,94.11764706,0.0,0.75,0.0,0
0,6,96,684,1,9,9202,0.854166667,0.145833333,0,35.29411765,0.0,0.0,6.333333333,0
0,6,279,683,1,11,6260,0.8960573479999999,0.103942652,0,51.61290323,0.0,0.0,11.0,0
0,4,314,14483,0,2,-1,0.920382166,0.079617834,1,74.54545455,0.0,0.16,2.0,0
0,6,0,20493,2,8,12121,0.0,0.0,0,0.0,0.103448276,0.0,5.0,0
1,4,5,0,0,15,2658,1.0,0.0,0,100.0,0.146067416,0.0,6.666666667,1
0,3,148,0,1,0,6389,0.945945946,0.054054054,0,40.0,0.0,0.125,0.0,0
1,2,1,0,1,8,3729,1.0,0.0,2,0.0,0.0,0.0,4.272727273,1
1,0,4,0,0,5,-1,0.5,0.5,0,0.0,0.333333333,1.0,3.0,1
1,8,25,65,1,24,9156,0.2,0.8,1,0.0,0.081967213,0.0,8.5,1
0,7,100,12,0,7,7132,0.91,0.09,0,25.0,0.0,0.333333333,5.0,0
1,0,29,0,0,8,1266,0.931034483,0.068965517,3,0.0,0.0,0.0,4.375,1
1,5,22,0,0,11,5627,0.181818182,0.818181818,0,25.0,0.024691358,0.277777778,7.333333333,1
0,6,307,682,1,7,6259,0.905537459,0.094462541,0,51.61290323,0.0,0.413793103,7.0,0
1,2,2,0,1,14,3317,0.5,0.5,1,0.0,0.0,1.0,9.25,1
1,2,30,0,0,32,5767,0.966666667,0.033333333,0,100.0,0.194805195,0.0,14.66666667,1
1,0,428,0,0,0,284,0.352803738,0.647196262,0,70.27027027,0.0,0.0072202169999999,0.0,1
1,3,27,4716690,0,40,971,1.0,0.0,1,100.0,0.245098039,0.0,12.33333333,1
0,3,177,1022937,1,0,3465,0.983050847,0.016949153,0,85.71428571,0.0,1.0,0.0,0
0,5,28,34164,0,4,-1,0.535714286,0.464285714,0,0.0,0.068965517,0.076923077,3.333333333,0
1,3,85,5776915,0,5,5529,0.129411765,0.870588235,1,0.0,0.0,0.27027027,3.666666667,1
1,0,1,0,0,75,296,0.0,1.0,1,0.0,0.161849711,0.0,23.07692308,1
1,3,0,599013,0,0,3377,0.0,0.0,0,0.0,0.0,0.0,0.0,1
1,0,1,0,0,0,10,1.0,0.0,0,0.0,0.0,0.0,0.0,1
1,5,21,0,0,10,5627,0.19047619,0.80952381,0,25.0,0.063829787,0.294117647,10.0,1
1,2,27,0,0,10,3053,0.8888888890000001,0.111111111,4,100.0,0.045454545,0.0,6.333333333,1
1,0,0,0,1,9,177,0.0,0.0,2,0.0,0.020833333,0.0,5.25,1
1,3,185,0,0,9,3151,0.8810810809999999,0.118918919,0,26.08695652,0.02,0.681818182,5.75,1
0,0,27,3286659,1,0,-1,1.0,0.0,0,100.0,0.0,0.0,0.0,0
0,3,30,909720,1,0,2134,0.7,0.3,0,100.0,0.0,0.0,0.0,0
0,7,659,12,0,8,7132,0.869499241,0.130500759,0,59.43396226,0.0,0.372093023,6.333333333,0
1,2,150,2488533,1,10,-1,0.9,0.1,0,100.0,0.0,0.0,5.75,1
0,7,320,12,0,7,7134,0.9625,0.0375,0,52.0,0.0,0.666666667,5.333333333,0
0,8,13,0,0,0,5161,0.846153846,0.153846154,0,0.0,0.0,0.5,0.0,0
1,1,103,1063779,0,0,6996,0.932038835,0.067961165,0,0.0,0.102564103,0.285714286,0.0,1
0,3,167,87260,1,0,7325,0.568862275,0.431137725,0,26.92307692,0.0,0.0,0.0,0
0,10,77,644,0,7,6326,0.597402597,0.402597403,1,66.66666667,0.02173913,0.0,5.0,0
1,0,0,0,0,7,2388,0.0,0.0,0,0.0,0.0,0.0,5.5,1
0,1,210,3075756,1,0,1523,0.985714286,0.014285714,0,0.0,0.0,0.0,0.0,0
1,0,26,0,1,9,2668,1.0,0.0,3,100.0,0.0,0.0,5.4,1
0,6,119,688,1,7,9204,0.756302521,0.243697479,0,18.75,0.0,0.379310345,6.5,0
1,0,0,0,0,5,7,0.0,0.0,1,0.0,0.0,0.0,3.25,1
1,5,14,0,0,0,7295,0.071428571,0.928571429,0,14.28571429,0.064516129,0.846153846,0.0,1
1,0,51,5707171,0,15,3993,1.0,0.0,0,100.0,0.131578947,0.0,8.5,1
0,4,25,122264,1,0,1079,0.6,0.4,0,100.0,0.0,0.2,0.0,0
1,3,81,62156,1,13,5201,0.901234568,0.098765432,0,33.33333333,0.071428571,0.0,8.5,0
0,0,15,0,0,0,384,0.666666667,0.333333333,0,0.0,0.0,0.4,0.0,1
0,7,288,124,1,7,9283,0.7638888890000001,0.236111111,0,73.68421053,0.055555556,0.073529412,4.166666667,0
0,4,15,0,1,0,-1,0.066666667,0.933333333,0,100.0,0.0,0.0,0.0,0
0,5,47,1499,0,9,5154,0.319148936,0.6808510640000001,0,33.33333333,0.034482759,0.1875,5.6,0
1,1,1,0,0,0,5010,1.0,0.0,0,0.0,0.0,0.0,0.0,1
0,5,93,3753,1,10,5751,0.344086022,0.655913978,0,0.0,0.0,0.098360656,5.666666667,0
0,6,55,1625,1,9,2388,0.818181818,0.181818182,0,72.22222222,0.0,0.3,5.2,0
1,0,108,0,0,10,1301,0.759259259,0.240740741,0,46.42857143,0.011494253,1.0,6.444444444,1
0,5,122,109494,1,8,5701,0.93442623,0.06557377,0,80.0,0.0,0.0,6.5,0
0,4,79,805233,1,0,3737,0.607594937,0.392405063,0,3.225806452,0.0,0.161290323,0.0,0
0,5,3,54756,1,11,7693,0.666666667,0.333333333,0,0.0,0.069444444,2.0,7.0,0
1,1,1,296455,0,8,2719,0.0,1.0,0,0.0,0.0,1.0,7.0,1
1,10,29,1,0,29,8346,0.344827586,0.655172414,1,0.0,0.088495575,0.0,9.0,1
0,4,18,3775557,1,0,8052,0.833333333,0.166666667,0,33.33333333,0.0,0.666666667,0.0,0
1,4,20,0,0,9,3101,0.4,0.6,2,0.0,0.174418605,0.0,5.75,1
0,4,60,14444,0,9,6126,0.283333333,0.716666667,0,66.66666667,0.0,0.046511628,6.5,0
1,2,34,0,0,10,3259,1.0,0.0,0,100.0,0.0,0.0,7.285714286,1
0,0,144,0,1,0,-1,0.395833333,0.604166667,0,10.0,0.0,0.103448276,0.0,0
0,7,526,12,0,4,7133,0.969581749,0.030418251,0,46.66666667,0.03030303,0.3125,3.5,0
1,0,3,0,0,3,-1,1.0,0.0,0,0.0,0.45,0.0,2.25,1
0,4,70,0,1,0,3533,0.642857143,0.357142857,0,68.75,0.0,0.04,0.0,0
0,4,131,1789478,1,4,6674,0.977099237,0.022900763,0,66.66666667,0.0,0.0,4.0,0
1,5,22,5528499,0,6,5616,0.181818182,0.818181818,1,25.0,0.04109589,0.166666667,4.0,1
0,3,292,1961966,1,5,-1,0.684931507,0.315068493,0,75.0,0.0,0.054347826,3.25,0
0,4,2,134706,1,10,2292,0.0,1.0,0,0.0,0.0,0.0,4.6,1
0,3,55,0,1,0,1812,0.981818182,0.018181818,0,100.0,0.0,0.0,0.0,0
0,4,54,7339056,1,0,-1,0.5555555560000001,0.444444444,0,79.31034483,0.0,0.125,0.0,0
1,5,2,36388,1,8,-1,0.5,0.5,0,0.0,0.022222222,0.0,4.333333333,0
0,6,114,690,1,11,9205,0.8245614040000001,0.175438596,0,32.0,0.0,0.1,8.5,0
1,0,27,0,1,7,5569,0.8888888890000001,0.111111111,0,100.0,0.0,0.0,7.0,1
1,4,168,198408,0,8,3715,0.81547619,0.18452381,1,68.60465116,0.0,0.129032258,5.2,0
0,8,267,945,1,10,8759,0.951310861,0.048689139,0,52.0,0.049019608,0.307692308,5.25,0
1,2,323,0,1,10,5378,0.198142415,0.801857585,0,0.775193798,0.06557377,0.054054054,5.8,0
1,0,64,0,0,32,3206,0.078125,0.921875,0,27.27272727,0.261363636,0.118644068,10.8,1
1,6,58,386,0,32,7826,0.0,1.0,0,0.0,0.240740741,0.0,16.5,1
0,5,72,211436,0,6,-1,0.194444444,0.805555556,0,60.0,0.047619048,0.637931034,6.0,0
1,3,97,346466,1,10,2625,0.907216495,0.092783505,0,11.11111111,0.055555556,0.222222222,5.555555556,0
1,1,0,173942,0,34,2362,0.0,0.0,0,0.0,0.186170213,0.0,7.157894737,1
0,4,74,39984,1,11,6136,0.945945946,0.054054054,0,50.0,0.0,0.5,7.0,0
0,8,461,70,1,9,8969,0.731019523,0.268980477,0,75.0,0.194444444,0.0080645159999999,7.0,0
1,0,1,0,1,12,7528,1.0,0.0,4,0.0,0.0,0.0,5.4,1
1,4,0,5034121,1,4,6036,0.0,0.0,0,0.0,0.0,0.0,3.333333333,1
1,5,19,0,0,67,5616,0.6315789470000001,0.368421053,0,100.0,0.126760563,0.0,20.6,1
0,1,122,0,1,0,6828,0.926229508,0.073770492,0,12.5,0.0,0.222222222,0.0,0
1,0,5,0,0,6,1433,0.4,0.6,0,0.0,0.0,0.0,4.5,1
1,2,7,0,0,0,804,0.857142857,0.142857143,0,0.0,0.0,0.0,0.0,1
1,0,4,0,1,9,1797,1.0,0.0,2,100.0,0.042105263,0.0,5.4,1
0,5,509,14420,0,8,6070,0.713163065,0.286836935,0,36.36363636,0.0,0.116438356,6.0,0
1,0,51,5707171,0,17,3992,1.0,0.0,0,100.0,0.181102362,0.0,7.375,1
1,5,21,0,0,9,5616,0.19047619,0.80952381,0,25.0,0.212121212,0.176470588,4.75,1
1,4,7,0,0,27,8019,0.0,1.0,0,0.0,0.049180328,0.0,7.090909091,1
0,6,164,57349,1,7,9109,0.68902439,0.31097561,0,25.0,0.0,0.117647059,5.0,0
0,5,155,106251,1,0,8710,0.8516129029999999,0.148387097,0,74.50980392,0.0,0.695652174,0.0,0
1,5,15,0,0,0,7295,0.0,1.0,0,0.0,0.114285714,0.0,0.0,1
1,3,6,0,0,21,4609,0.333333333,0.666666667,4,0.0,0.0,0.0,6.142857143,1
1,6,203,7974,1,10,-1,0.960591133,0.039408867,0,56.25,0.0,0.5,5.818181817999999,0
1,0,0,0,0,13,2986,0.0,0.0,0,0.0,0.181818182,0.0,8.666666667000001,1
1,3,11,1173510,0,6,672,0.545454545,0.454545455,0,0.0,0.038461538,0.0,6.0,1
0,6,214,2521,0,9,7814,0.8224299070000001,0.177570093,0,77.92207792,0.111111111,0.605263158,7.333333333,0
0,0,162,0,0,0,1602,0.987654321,0.0123456789999999,0,83.33333333,0.0,0.0,0.0,1
0,3,17,0,1,0,3220,0.647058824,0.352941176,0,0.0,0.0,0.333333333,0.0,0
1,0,1,0,0,0,1901,1.0,0.0,1,0.0,0.0,0.0,0.0,1
1,4,0,3245304,0,9,2535,0.0,0.0,0,0.0,0.021276596,0.0,6.5,1
0,8,158,50,0,7,12210,0.993670886,0.006329114,0,97.22222222,0.147540984,0.0,4.333333333,0
1,3,123,891715,1,14,3936,0.853658537,0.146341463,0,78.37837838,0.0,0.111111111,6.5,1
1,5,21,0,0,9,5616,0.19047619,0.80952381,1,25.0,0.0,0.176470588,5.666666667,1
1,0,0,0,1,0,76,0.0,0.0,0,0.0,0.218181818,0.0,0.0,1
0,5,231,32,0,12,7764,0.350649351,0.649350649,0,5.714285714,0.165354331,0.4266666670000001,4.6111111110000005,0
0,1,79,0,1,0,2286,0.936708861,0.063291139,0,0.0,0.0,0.0,0.0,0
1,5,83,0,0,4,5616,0.469879518,0.5301204820000001,0,56.92307692,0.0,0.363636364,4.0,1
1,3,1,17964,0,6,7083,0.0,1.0,0,0.0,0.019607843,0.0,5.0,1
0,3,24,1276401,0,0,-1,0.333333333,0.666666667,0,75.67567568,0.0,0.25,0.0,0
0,5,92,595432,1,0,8458,0.5,0.5,0,11.11111111,0.0,0.065217391,0.0,0
1,1,47,341948,0,0,1950,0.0,1.0,2,0.0,0.027027027,0.0,0.0,1
1,0,13,0,0,9,3340,0.923076923,0.076923077,5,90.90909091,0.0,1.0,6.0,1
0,2,31,170804,0,0,-1,0.677419355,0.322580645,0,64.0,0.0,0.3,0.0,0
0,7,12,892,0,62,7968,0.583333333,0.4166666670000001,0,0.0,0.098039216,0.0,12.91666667,1
0,2,14,0,0,0,563,0.928571429,0.071428571,0,100.0,0.0,1.0,0.0,1
1,4,0,3100263,0,7,3378,0.0,0.0,0,0.0,0.5,0.0,7.0,1
1,2,0,0,0,2,8884,0.0,0.0,0,0.0,0.0,0.0,2.0,1
0,4,9,12214,0,7,3327,1.0,0.0,0,0.0,0.0,0.0,5.1428571430000005,0
1,5,219,33,0,12,7767,0.397260274,0.602739726,0,12.21374046,0.189655172,0.454545455,4.625,0
1,0,51,5707171,0,17,3993,1.0,0.0,0,100.0,0.1640625,0.0,7.375,1
0,5,23,0,0,0,7296,0.304347826,0.695652174,0,0.0,0.0,0.0,0.0,0
0,3,61,0,1,0,4913,0.721311475,0.278688525,0,33.33333333,0.0,0.235294118,0.0,0
0,5,110,3199234,0,0,7299,0.436363636,0.563636364,0,54.71698113,0.0,0.338709677,0.0,0
1,0,10,0,0,0,-1,0.3,0.7,0,0.0,0.095238095,0.571428571,0.0,1
1,3,151,202433,1,8,5987,0.8675496690000001,0.132450331,0,28.57142857,0.090909091,0.25,6.0,0
0,2,54,0,1,0,2545,0.518518519,0.481481481,0,53.84615385,0.0,0.5,0.0,0
0,7,152,121,1,10,9285,0.8486842109999999,0.151315789,0,6.25,0.105882353,0.217391304,5.2,0
1,0,81,0,0,32,2192,0.851851852,0.148148148,0,86.04651163,0.204301075,0.333333333,13.0,1
0,0,8,0,0,5,3379,0.875,0.125,0,0.0,0.022222222,0.0,4.75,1
0,3,401,3342642,0,0,3198,0.957605985,0.042394015,0,97.69230769,0.0,0.294117647,0.0,0
1,1,112,0,0,4,-2,0.107142857,0.892857143,0,88.88888889,0.117647059,0.15,4.0,0
1,1,0,272827,1,5,962,0.0,0.0,0,0.0,0.041666667,0.0,3.666666667,1
1,6,128,98000,0,8,5948,0.984375,0.015625,0,100.0,0.044444444,0.0,6.333333333,0
1,4,234,33254,0,9,7120,0.675213675,0.324786325,0,69.56521739,0.036363636,0.407894737,4.75,0
1,3,1,18263,0,192,7086,0.0,1.0,0,0.0,0.42384106,0.0,19.61538462,1
1,2,47,4026793,1,5,1374,0.787234043,0.212765957,2,76.74418605,0.0,0.3,4.0,1
0,2,96,268961,1,0,2485,0.947916667,0.052083333,0,60.0,0.0,0.4,0.0,0
1,0,237,0,0,0,4,0.852320675,0.147679325,0,84.32432432,0.0,0.114285714,0.0,1
1,5,83,0,0,4,5612,0.469879518,0.5301204820000001,0,56.92307692,0.107142857,0.363636364,4.0,1
0,4,31,309164,1,7,6591,0.64516129,0.35483871,0,50.0,0.0,0.272727273,7.0,0
0,3,33,1168950,1,0,1179,0.090909091,0.909090909,0,0.0,0.0,0.033333333,0.0,0
1,0,69,0,0,8,3270,0.666666667,0.333333333,1,75.0,0.0,0.0,6.0,1
1,0,78,0,1,32,2047,0.884615385,0.115384615,3,86.04651163,0.147826087,0.444444444,7.9,1
0,7,80,2439,1,7,9133,0.2875,0.7125,0,50.0,0.08,0.192982456,5.1428571430000005,0
1,5,154,92602,1,11,6163,0.980519481,0.019480519,0,66.66666667,0.0,0.0,10.5,0
0,6,204,184,1,7,5886,0.916666667,0.083333333,0,89.01098901,0.0,0.117647059,4.75,0
1,2,57,8137075,0,32,3277,1.0,0.0,0,100.0,0.176470588,0.0,10.0,1
1,0,38,6093988,0,24,1115,1.0,0.0,0,100.0,0.326086957,0.0,7.285714286,1
1,8,5,2305,0,7,6753,0.8,0.2,0,0.0,0.0,0.0,6.0,1
1,3,584,0,0,7,-1,0.969178082,0.030821918,0,96.91780822,0.0,0.055555556,7.0,1
1,0,45,0,0,0,686,1.0,0.0,0,0.0,0.19047619,0.0,0.0,1
1,5,21,0,0,4,5627,0.19047619,0.80952381,1,25.0,0.0,0.294117647,4.0,1
1,10,7,1,0,38,8347,0.571428571,0.428571429,0,0.0,0.09375,0.0,13.2,1
1,3,1,18105,1,18,7087,0.0,1.0,0,0.0,0.011976048,0.0,6.470588235,1
0,5,429,0,0,10,-1,0.223776224,0.7762237759999999,0,2.491103203,0.078947368,0.039039039,5.875,0
1,2,84,0,1,7,1082,0.535714286,0.464285714,0,42.85714286,0.0,0.0,6.2,1
0,0,7,0,0,0,1856,0.7142857140000001,0.285714286,0,0.0,0.0,0.0,0.0,0
1,0,0,126941,0,52,322,0.0,0.0,4,0.0,0.0,0.0,14.6,1
1,1,56,1530583,0,9,647,0.482142857,0.517857143,0,0.0,0.060606061,0.0,6.5,1
1,3,20,0,0,8,6382,0.0,1.0,0,0.0,0.0,0.0,8.0,1
0,2,51,8007474,1,0,1986,0.68627451,0.31372549,0,8.333333332999999,0.0,0.375,0.0,0
0,5,24,0,0,0,7296,0.083333333,0.916666667,0,0.0,0.0,0.090909091,0.0,0
0,2,180,173889,1,9,7164,0.972222222,0.027777778,0,62.5,0.0,0.0,9.0,0
0,3,176,1564669,1,0,-1,0.909090909,0.090909091,0,84.48275862,0.0,0.125,0.0,0
0,8,131,0,0,11,7445,0.58778626,0.41221374,0,87.80487805,0.129032258,0.037037037,5.4,0
0,2,32,5403,0,0,2634,0.0625,0.9375,0,100.0,0.0,0.0,0.0,1
1,0,4,0,0,829,16,1.0,0.0,0,100.0,0.7238805970000001,0.0,96.22222222,1
1,6,25,889,0,19,5659,0.64,0.36,0,100.0,0.228915663,0.0,8.0,1
1,3,0,0,0,12,-1,0.0,0.0,0,0.0,0.0,0.0,8.0,1
0,5,305,76725,1,10,5668,0.626229508,0.373770492,0,65.78947368,0.0,0.087719298,6.818181817999999,0
1,4,49,16925,1,6,8246,0.979591837,0.020408163,0,100.0,0.023255814,0.0,4.666666667,0
1,5,22,0,1,0,5627,0.181818182,0.818181818,0,25.0,0.0,0.277777778,0.0,1
1,0,10,0,0,0,323,0.2,0.8,0,0.0,0.0,0.0,0.0,1
1,0,4,0,0,17,1834,1.0,0.0,0,100.0,0.225352113,0.0,17.0,1
0,5,62,89705,1,8,8145,0.693548387,0.306451613,0,50.0,0.0,0.0,5.75,0
0,5,272,15306,1,8,7605,0.977941176,0.022058824,0,44.44444444,0.0,0.166666667,7.0,0
1,0,8,0,0,13,-1,1.0,0.0,1,0.0,0.115702479,0.0,4.222222222,1
0,5,5,138069,1,4,-1,0.8,0.2,0,0.0,0.0,0.0,4.0,0
1,4,26,421761,1,11,3251,0.192307692,0.807692308,0,0.0,0.024390244,0.0,10.5,1
0,0,9,0,1,8,869,1.0,0.0,0,0.0,0.263157895,0.0,6.5,1
1,0,55,0,0,30,1109,0.127272727,0.872727273,2,83.33333333,0.217054264,0.020833333,6.066666667000001,1
1,2,0,7668130,1,4,4521,0.0,0.0,0,0.0,0.0,0.0,2.333333333,1
0,5,0,20423,1,20,12377,0.0,0.0,0,0.0,0.0,0.0,9.4,0
1,5,21,0,0,10,5616,0.19047619,0.80952381,0,25.0,0.206896552,0.176470588,5.333333333,1
1,7,0,632751,0,13,2521,0.0,0.0,0,0.0,0.063829787,0.0,5.4,1
0,5,8,148,1,7,7304,0.875,0.125,0,0.0,0.0,0.0,4.4,0
0,10,45,0,1,7,3891,0.177777778,0.8222222220000001,0,0.0,0.0,0.054054054,6.333333333,0
1,2,50,13523,0,8,615,0.96,0.04,1,96.55172414,0.272727273,0.0,8.0,1
0,5,59,65678,1,11,7506,0.915254237,0.084745763,0,44.44444444,0.0,1.0,5.0,0
1,4,43,202714,1,11,5211,0.093023256,0.906976744,0,0.0,0.0,0.0,7.666666667,1
0,5,89,28448,1,4,6133,0.820224719,0.179775281,0,100.0,0.0,0.0,2.6,0
0,3,450,185802,1,0,6735,0.74,0.26,0,71.42857143,0.0,0.068376068,0.0,0
1,2,72,0,0,0,1013,0.930555556,0.069444444,0,0.0,0.0,0.0,0.0,1
1,3,178,0,1,94,5590,0.994382022,0.005617978,3,66.66666667,0.245508982,0.0,10.51851852,1
0,2,151,1680589,1,0,2914,0.668874172,0.331125828,0,95.18072289,0.0,0.06,0.0,0
0,5,170,13244,1,12,5207,0.947058824,0.052941176,0,58.82352941,0.073394495,0.333333333,5.384615385,0
0,5,49,317,0,10,-1,0.93877551,0.06122449,0,78.57142857,0.0,1.0,10.0,0
1,7,8,309382,0,7,2139,0.125,0.875,0,0.0,0.038461538,0.0,7.0,1
0,5,0,9602,0,13,4842,0.0,0.0,0,0.0,0.083333333,0.0,5.666666667,1
1,5,34,8523,1,8,-1,0.705882353,0.294117647,0,9.090909091,0.0,0.1,5.0,0
1,0,48,0,0,32,-1,1.0,0.0,0,100.0,0.258064516,0.0,14.0,1
1,4,70,77959,1,11,-1,0.8714285709999999,0.128571429,0,37.5,0.0,0.0,6.571428571,0
1,2,31,4669,0,0,1546,0.225806452,0.774193548,0,4.347826087,0.076923077,0.125,0.0,1
1,0,0,0,0,9,5728,0.0,0.0,1,0.0,0.057692308,0.0,6.2,1
0,4,55,324208,1,8,3459,0.709090909,0.290909091,0,0.0,0.0,0.25,5.5,0
0,8,22,0,0,1,5160,0.636363636,0.363636364,0,50.0,0.0,0.0,1.0,0
1,2,0,4669,0,5,1546,0.0,0.0,1,0.0,0.0681818179999999,0.0,4.0,1
0,2,260,561890,1,0,4995,0.15,0.85,0,9.090909091,0.0,0.004524887,0.0,0
1,10,30,1,0,41,8347,0.333333333,0.666666667,1,0.0,0.061946903,0.0,9.0,1
1,0,19,0,0,16,4099,0.421052632,0.578947368,4,0.0,0.01,0.727272727,7.375,1
1,5,14,0,0,0,7295,0.071428571,0.928571429,0,14.28571429,0.15625,0.230769231,0.0,1
1,4,7,443326,0,4,3015,1.0,0.0,1,0.0,0.045454545,0.0,3.0,1
1,0,17,0,0,14,2817,1.0,0.0,0,0.0,0.019230769,0.0,9.333333333,1
0,4,288,7896,1,0,4875,0.78125,0.21875,0,6.382978723,0.0,0.206349206,0.0,0
0,4,70,430644,0,7,3063,0.8,0.2,0,11.11111111,0.0,0.285714286,4.571428571,0
1,0,0,0,0,7,1613,0.0,0.0,2,0.0,0.0,0.0,4.8,1
1,1,8,998801,0,8,-1,0.875,0.125,3,50.0,0.020408163,1.0,4.0,1
0,5,9,32,0,52,7764,0.0,1.0,0,0.0,0.0681818179999999,0.0,12.5,1
0,3,28,1518041,1,4,2646,0.142857143,0.857142857,0,57.44680851,0.03125,0.833333333,3.5,0
0,5,190,166944,1,0,-1,0.773684211,0.226315789,0,2.631578947,0.0,0.186046512,0.0,0
0,5,74,249487,1,11,3374,0.756756757,0.243243243,0,64.10256410000001,0.0,0.333333333,7.666666667,0
1,4,11,8063233,0,5,8195,0.909090909,0.090909091,0,0.0,0.0,0.0,4.0,1
0,2,129,0,1,8,4401,0.697674419,0.302325581,0,8.333333332999999,0.0,0.051282051,4.6,0
0,5,213,4087,1,8,7838,0.929577465,0.070422535,0,33.33333333,0.0,0.066666667,5.833333333,0
1,5,19,0,0,67,5614,0.6315789470000001,0.368421053,0,100.0,0.15483871,0.0,20.6,1
0,7,511,12,0,7,7132,0.951076321,0.048923679,0,79.33884298,0.0,0.4,5.75,0
0,2,22,2457400,1,0,3097,0.409090909,0.590909091,0,58.33333333,0.0,0.461538462,0.0,0
1,2,6,0,1,7,1859,1.0,0.0,0,0.0,0.0,0.0,5.0,1
0,6,82,62777,1,0,1936,0.926829268,0.073170732,0,0.0,0.0,0.0,0.0,0
1,0,47,0,0,8,1969,0.659574468,0.340425532,0,100.0,0.228915663,0.0,4.1,1
0,2,278,0,1,0,6831,0.974820144,0.025179856,0,37.5,0.0,0.571428571,0.0,0
1,4,76,239536,0,8,1573,0.552631579,0.447368421,0,24.32432432,0.03125,0.294117647,6.166666667,0
0,3,40,0,0,0,-1,0.95,0.05,0,100.0,0.03030303,0.5,0.0,1
1,4,80,11284,1,9,2137,0.9375,0.0625,0,96.66666667,0.053571429,0.2,5.75,0
1,1,7,35612,0,11,254,0.857142857,0.142857143,1,0.0,0.0,1.0,6.0,1
0,4,78,5257779,1,0,2480,0.5256410260000001,0.474358974,0,26.66666667,0.0,0.081081081,0.0,0
1,5,17,6195,1,12,8027,1.0,0.0,1,0.0,0.0,0.0,6.6363636360000005,0
0,4,271,453826,1,0,8386,0.948339483,0.051660517,0,20.0,0.0,0.285714286,0.0,0
1,4,3,0,0,10,4166,0.0,1.0,5,0.0,0.047297297,0.0,6.294117647,1
1,0,4,0,1,4,1802,1.0,0.0,0,100.0,0.027777778,0.0,4.0,1
1,0,6,0,0,7,1975,1.0,0.0,0,0.0,0.0,0.0,5.166666667,1
1,0,13,4427853,0,10,518,1.0,0.0,2,100.0,0.07,0.0,6.6,1
0,6,87,15987,0,6,3573,0.310344828,0.689655172,0,18.03278689,0.0,0.7,4.666666667,0
1,0,35,0,0,12,1574,0.4,0.6,0,50.0,0.107142857,0.285714286,6.25,1
1,2,0,0,1,7,6302,0.0,0.0,3,0.0,0.0,0.0,4.6,1
1,2,84,315959,0,10,4979,0.7023809520000001,0.297619048,0,62.0,0.02,0.72,6.5,1
1,0,20,0,0,5,484,1.0,0.0,1,100.0,0.081632653,0.0,4.0,1
1,1,0,0,0,1,2644,0.0,0.0,0,0.0,0.038461538,0.0,1.0,1
1,0,4,0,0,3,3270,1.0,0.0,0,100.0,0.033333333,0.0,3.0,1
0,5,88,2190,0,7,7616,0.579545455,0.420454545,0,61.9047619,0.0,0.162162162,5.818181817999999,0
0,3,83,1465448,0,0,-1,0.915662651,0.084337349,0,70.0,0.0,0.285714286,0.0,0
0,3,429,699776,1,0,3624,0.979020979,0.020979021,0,70.0,0.0,0.111111111,0.0,0
1,0,3,0,0,32,2532,1.0,0.0,0,0.0,0.3666666670000001,0.0,19.0,1
0,4,82,804801,1,0,6272,0.902439024,0.097560976,0,40.0,0.0,0.25,0.0,0
1,2,22,0,1,32,2300,0.545454545,0.454545455,2,60.0,0.244897959,0.0,8.142857142999999,1
1,1,0,0,0,8,5621,0.0,0.0,0,0.0,0.0,0.0,5.0,1
1,2,132,4830221,0,10,1706,1.0,0.0,2,100.0,0.050505051,0.0,6.9,1
1,0,0,0,0,7,554,0.0,0.0,0,0.0,0.0,0.0,7.0,1
1,5,98,116833,1,7,6055,0.816326531,0.183673469,0,63.63636364,0.0,0.166666667,6.5,0
0,5,197,7701846,1,0,6202,0.670050761,0.329949239,0,100.0,0.0,0.0,0.0,0
1,6,55,11781,0,3,920,0.945454545,0.054545455,0,33.33333333,0.0,0.0,3.0,1
1,0,1,0,1,10,3640,1.0,0.0,0,0.0,0.053571429,0.0,6.666666667,1
0,6,0,1973,0,0,8493,0.0,0.0,1,0.0,0.0,0.0,0.0,1
1,2,83,7237293,1,9,1854,0.8433734940000001,0.156626506,1,50.0,0.026666667,0.0,4.375,1
1,2,0,0,1,8,645,0.0,0.0,1,0.0,0.0144927539999999,0.0,2.833333333,1
1,3,19,8161447,1,4,-1,0.842105263,0.1578947369999999,0,100.0,0.0,0.0,4.0,1
1,1,0,0,1,4,-1,0.0,0.0,0,0.0,0.0,0.0,3.0,1
0,4,17,1100059,0,0,8770,0.647058824,0.352941176,0,66.66666667,0.0,0.0,0.0,0
0,5,129,8925548,0,0,7297,0.434108527,0.565891473,0,13.33333333,0.03125,0.054794521,0.0,0
0,6,170,184,1,9,5887,0.935294118,0.064705882,0,93.25842697,0.0,0.090909091,5.4,0
1,0,103,1416696,0,0,6255,0.932038835,0.067961165,0,0.0,0.088235294,0.285714286,0.0,1
0,3,5,18736,1,0,1054,0.0,1.0,0,0.0,0.0,0.0,0.0,0
1,1,28,8441470,1,0,7142,0.25,0.75,0,4.545454545,0.076923077,0.142857143,0.0,1
0,2,57,0,0,0,-1,0.596491228,0.403508772,0,80.85106383,0.0,0.391304348,0.0,1
0,4,368,34048,0,11,7123,0.77173913,0.22826087,0,55.20833333,0.0,0.5,5.0,0
0,4,19,1274420,1,0,-1,1.0,0.0,0,100.0,0.0,0.0,0.0,0
1,0,0,0,0,13,554,0.0,0.0,0,0.0,0.188679245,0.0,8.666666667000001,1
1,0,0,0,0,32,5106,0.0,0.0,0,0.0,0.289473684,0.0,13.75,1
0,4,267,3035738,1,8,2604,0.333333333,0.666666667,0,35.39823009,0.092307692,0.494382022,4.25,0
1,0,0,0,1,32,5850,0.0,0.0,0,0.0,0.327272727,0.0,32.0,1
1,0,0,0,1,8,1605,0.0,0.0,0,0.0,0.0,0.0,5.25,1
0,4,47,2244720,1,0,7505,0.85106383,0.14893617,0,85.71428571,0.0,0.0,0.0,0
1,4,16,0,1,9,3861,0.9375,0.0625,0,100.0,0.0,0.0,6.0,1
0,4,104,36313,1,7,2341,0.846153846,0.153846154,0,75.0,0.0,0.5625,4.571428571,0
0,6,51,63706,0,8,-1,0.62745098,0.37254902,0,18.18181818,0.027027027,0.263157895,6.666666667,1
1,0,42,0,0,24,-1,0.7857142859999999,0.214285714,2,82.35294118,0.028985507,0.0,9.363636364,1
0,3,63,100826,1,0,3394,0.761904762,0.238095238,0,44.44444444,0.0,0.066666667,0.0,0
1,0,51,5707171,0,17,3993,1.0,0.0,0,100.0,0.203389831,0.0,7.375,1
1,5,19,3340968,0,6,5614,0.6315789470000001,0.368421053,0,100.0,0.1578947369999999,0.0,5.0,1
0,3,36,0,1,0,5382,0.611111111,0.388888889,0,28.57142857,0.0,0.142857143,0.0,0
1,6,1,27719,0,32,7588,1.0,0.0,1,0.0,0.213740458,0.0,8.083333332999999,1
0,7,156,12,0,10,7130,0.942307692,0.057692308,0,35.71428571,0.0,0.5555555560000001,5.8,0
0,2,74,0,1,0,3965,0.445945946,0.554054054,0,17.39130435,0.0,0.073170732,0.0,0
0,2,37,0,1,0,1416,1.0,0.0,0,0.0,0.0,0.0,0.0,0
0,3,32,2521464,1,0,2179,0.75,0.25,0,50.0,0.0,0.25,0.0,0
1,3,0,1984172,1,14,5037,0.0,0.0,0,0.0,0.166666667,0.0,5.857142857,0
0,5,55,767,0,7,4079,0.145454545,0.854545455,0,63.63636364,0.0,0.063829787,3.5,0
1,0,15,0,0,5,50,0.8,0.2,0,0.0,0.0,0.0,4.0,1
0,7,358,12,0,8,7132,0.840782123,0.1592178769999999,0,61.22448979999999,0.0,0.649122807,6.0,0
0,6,128,1010,1,8,7292,0.4765625,0.5234375,0,20.0,0.038461538,0.014925373,5.0,0
0,7,397,12,0,7,7132,0.964735516,0.035264484,0,74.54545455,0.0,0.285714286,6.0,0
0,5,26,2715729,0,0,2704,0.692307692,0.307692308,0,28.57142857,0.0,0.25,0.0,0
0,5,322,52480,1,7,7226,0.8447204970000001,0.155279503,0,52.68817204,0.0,0.5,4.4,0
1,1,47,77586,0,0,-1,0.0,1.0,2,0.0,0.0,0.0,0.0,1
0,8,68,187,1,9,9900,0.588235294,0.411764706,0,78.72340426,0.0,0.071428571,6.0,0
0,6,127,4133,1,8,7600,0.771653543,0.228346457,1,18.75,0.0,0.24137931,5.5,0
1,1,1,395612,0,2,2995,1.0,0.0,0,0.0,0.04,0.0,2.0,1
1,4,12,7191477,0,6,4202,1.0,0.0,0,100.0,0.020408163,0.0,3.666666667,0
0,0,24,0,0,64,-1,1.0,0.0,4,100.0,0.316205534,0.0,12.52941176,1
0,5,86,128102,1,8,6300,0.279069767,0.7209302329999999,0,11.76470588,0.049180328,0.161290323,5.8,0
0,5,24,154918,1,6,9284,0.5,0.5,0,0.0,0.0,0.166666667,4.166666667,0
1,7,55,13,0,7,9318,0.109090909,0.8909090909999999,0,5.555555556,0.0875,0.102040816,2.8,0
0,4,0,38038,1,8,7516,0.0,0.0,0,0.0,0.0,0.0,4.75,0
1,4,26,5178465,0,42,8018,0.115384615,0.884615385,0,0.0,0.054263566,0.0,7.454545455,1
0,7,525,12,0,9,7134,0.958095238,0.041904762,0,75.82417582,0.0,0.363636364,6.5,0
1,5,211,6844,1,11,6669,0.597156398,0.402843602,0,10.84337349,0.035714286,0.0,9.0,0
1,0,4,5816617,0,17,4003,1.0,0.0,0,100.0,0.1796875,0.0,7.375,1
0,7,121,228,1,10,5809,0.694214876,0.305785124,0,57.14285714,0.0,0.216216216,8.666666667000001,0
0,3,86,0,1,0,4174,0.604651163,0.395348837,0,3.846153846,0.0,0.470588235,0.0,0
1,0,24,0,0,10,1469,0.916666667,0.083333333,0,0.0,0.296296296,0.0,10.0,1
0,2,30,865185,1,0,5223,0.166666667,0.833333333,0,9.523809524,0.0,0.08,0.0,0
0,3,32,0,0,0,4923,0.90625,0.09375,0,0.0,0.0,0.0,0.0,0
0,5,422,14592,0,6,6070,0.680094787,0.319905213,0,13.43283582,0.0,0.059259259,4.4,0
1,0,51,5697976,0,17,3992,1.0,0.0,0,100.0,0.205128205,0.0,8.142857142999999,1
0,5,210,172375,1,11,-1,0.828571429,0.171428571,0,8.0,0.066666667,0.361111111,5.181818182,0
1,7,0,632751,0,30,2521,0.0,0.0,0,0.0,0.083333333,0.0,15.5,1
1,0,429,0,1,6,779,0.398601399,0.601398601,0,53.54609929,0.0,0.139534884,5.0,1
1,9,8,3536,0,7,-1,0.625,0.375,1,25.0,0.1363636359999999,0.0,7.0,1
1,2,103,271260,1,8,6865,0.932038835,0.067961165,0,0.0,0.017857143,0.285714286,7.5,1
1,1,4,0,0,13,1877,1.0,0.0,0,100.0,0.055555556,0.0,5.5,1
1,2,31,1768405,0,24,-1,0.483870968,0.516129032,1,0.0,0.291079812,0.4375,11.73333333,1
0,8,76,0,0,0,5160,0.407894737,0.592105263,0,29.8245614,0.0,0.133333333,0.0,0
0,4,52,2537042,1,0,-1,0.538461538,0.461538462,0,11.76470588,0.0,0.583333333,0.0,0
0,5,97,5320327,0,0,7296,0.536082474,0.463917526,0,70.3125,0.0,0.266666667,0.0,0
0,4,107,55134,0,9,7814,0.76635514,0.23364486,0,82.92682927,0.0,0.28,5.0,0
1,2,29,0,1,15,-1,1.0,0.0,3,0.0,0.12037037,0.0,4.769230769,1
1,0,13,0,0,7,-1,0.7692307690000001,0.230769231,0,0.0,0.0,0.0,4.75,1
0,3,47,702387,1,0,2786,0.531914894,0.468085106,0,60.71428571,0.0,0.1363636359999999,0.0,0
1,0,51,5707171,1,17,3992,1.0,0.0,0,100.0,0.154471545,0.0,7.375,1
1,2,0,0,1,7,3770,0.0,0.0,1,0.0,0.0,0.0,5.0,1
1,0,0,0,1,8,3420,0.0,0.0,3,0.0,0.0,0.0,4.75,1
0,4,49,2217046,1,0,7308,0.93877551,0.06122449,0,0.0,0.0,0.0,0.0,0
1,0,30,0,1,11,-1,0.3666666670000001,0.6333333329999999,0,70.0,0.0,0.105263158,7.0,1
0,3,66,1642644,1,0,5466,0.8939393940000001,0.106060606,0,75.0,0.0,0.142857143,0.0,0
0,2,32,0,0,0,-1,0.78125,0.21875,0,33.33333333,0.0,0.285714286,0.0,1
0,6,250,9814,1,0,7747,0.7440000000000001,0.256,0,34.04255319,0.0,0.109375,0.0,0
0,7,36,0,0,0,5232,0.972222222,0.027777778,0,0.0,0.0,0.0,0.0,0
1,5,11,0,0,1,7296,0.0,1.0,0,0.0,0.020408163,0.0,1.0,1
0,5,74,2188,0,10,7618,0.594594595,0.405405405,0,70.37037037,0.0,0.033333333,9.333333333,0
0,8,12,1488031,0,0,5159,1.0,0.0,0,100.0,0.0,0.0,0.0,0
1,0,35,0,0,4,967,0.257142857,0.7428571429999999,1,75.0,0.108108108,0.115384615,3.333333333,1
1,3,1,17964,0,6,7083,0.0,1.0,0,0.0,0.021276596,0.0,5.0,1
0,4,81,1229068,0,4,8130,0.222222222,0.7777777779999999,0,25.0,0.0,0.015873016,4.0,0
0,2,44,1345725,1,0,5908,0.681818182,0.318181818,0,70.0,0.0,0.357142857,0.0,0
0,3,155,0,0,0,5085,0.090322581,0.909677419,0,40.0,0.0,0.0,0.0,0
1,2,2,242805,0,8,2347,0.5,0.5,0,0.0,0.0,1.0,6.333333333,0
1,4,0,1106852,0,10,-1,0.0,0.0,0,0.0,0.085714286,0.0,6.333333333,0
1,1,103,8386524,1,0,7128,0.932038835,0.067961165,0,0.0,0.02,0.285714286,0.0,1
1,0,0,0,1,50,-1,0.0,0.0,0,0.0,0.418604651,0.0,19.0,1
0,10,25,63,0,15,7489,0.52,0.48,0,0.0,0.0,0.0,15.0,0
0,2,34,795896,0,0,-1,0.764705882,0.235294118,0,100.0,0.0,0.0,0.0,0
1,3,765,94313,0,13,5942,0.994771242,0.005228758,0,90.90909091,0.095238095,0.0,6.777777778,0
0,8,142,0,0,10,7446,0.542253521,0.457746479,0,54.83870968,0.06504065,0.030769231,4.769230769,0
1,4,7,0,0,46,8018,0.0,1.0,0,0.0,0.035460993,0.0,7.083333333,1
0,4,32,2751403,1,0,2910,0.84375,0.15625,0,85.71428571,0.0,0.4,0.0,0
0,2,768,244548,0,0,-1,0.962239583,0.037760417,0,27.77777778,0.0,0.068965517,0.0,0
1,2,0,318619,0,3,-1,0.0,0.0,0,0.0,0.230769231,0.0,3.0,1
0,2,299,0,1,0,3544,0.826086957,0.173913043,0,11.32075472,0.0,0.153846154,0.0,0
0,4,233,666841,1,0,4107,0.9527897,0.0472103,0,18.18181818,0.0,0.272727273,0.0,0
1,1,1,6293523,1,14,3523,1.0,0.0,0,0.0,0.097222222,0.0,7.833333333,1
0,0,5,0,0,4,3232,0.4,0.6,0,0.0,0.0,0.0,4.0,1
1,0,12,8116481,0,7,-1,1.0,0.0,0,0.0,0.0,0.0,6.666666667,1
0,3,55,5247508,1,0,1579,0.527272727,0.472727273,0,35.29411765,0.0,0.230769231,0.0,0
0,4,340,592208,1,0,4711,0.964705882,0.035294118,0,0.0,0.0,0.583333333,0.0,0
1,5,21,0,0,15,5616,0.19047619,0.80952381,0,25.0,0.038461538,0.176470588,9.5,1
1,2,0,0,1,6,8415,0.0,0.0,1,0.0,0.052631579,0.0,4.0,1
1,0,20,0,0,2,3829,0.45,0.55,0,66.66666667,0.0,0.090909091,2.0,1
0,6,200,683,1,13,6260,0.91,0.09,0,80.0,0.0,0.0,13.0,0
1,0,7,0,0,10,4668,0.571428571,0.428571429,2,0.0,0.171875,1.0,4.5,1
0,4,117,396309,1,6,4824,0.683760684,0.316239316,0,45.23809524,0.0,0.324324324,5.0,0
1,3,0,436375,0,6,5441,0.0,0.0,0,0.0,0.095238095,0.0,4.333333333,1
1,2,61,1317,0,32,9127,0.409836066,0.590163934,1,80.0,0.013071895,0.083333333,8.454545455,1
0,5,42,62075,1,9,4964,0.333333333,0.666666667,0,38.70967742,0.094117647,0.321428571,4.9,0
1,10,28,1,0,29,8347,0.357142857,0.642857143,1,0.0,0.036036036,0.0,7.8,1
0,5,89,0,0,0,7299,0.06741573,0.93258427,0,13.63636364,0.0,0.5542168670000001,0.0,0
0,4,43,842241,0,14,-1,0.813953488,0.186046512,0,38.46153846,0.096774194,0.0,6.666666667,0
1,0,13,0,1,4,58,0.923076923,0.076923077,0,0.0,0.0,0.0,2.666666667,1
1,3,12,0,0,5,1256,0.916666667,0.083333333,1,100.0,0.0,0.0,3.8,1
0,3,225,751879,1,0,-1,0.973333333,0.026666667,0,60.0,0.0,0.166666667,0.0,0
0,2,114,5639332,1,0,3775,0.614035088,0.3859649120000001,0,95.45454545,0.0,0.0,0.0,0
0,4,107,0,0,7,7689,0.336448598,0.6635514020000001,0,60.71428571,0.0,0.056338028,7.0,0
0,1,33,8057895,0,0,-1,0.96969697,0.03030303,0,0.0,0.0,1.0,0.0,0
0,5,26,0,0,13,6683,0.7692307690000001,0.230769231,0,25.0,0.029126214,0.5,7.888888888999999,0
1,3,31,296349,1,8,6788,0.258064516,0.7419354840000001,0,25.0,0.012048193,0.086956522,4.363636364,0
1,2,12,5776415,0,8,-1,0.75,0.25,0,100.0,0.0,0.0,8.0,1
1,1,0,0,1,9,-1,0.0,0.0,0,0.0,0.02,0.0,6.333333333,1
0,0,3,0,0,0,315,0.333333333,0.666666667,0,0.0,0.0,0.0,0.0,1
0,3,46,9482009,1,0,3153,0.8478260870000001,0.152173913,0,50.0,0.0,0.0,0.0,0
1,1,23,0,1,32,4284,0.7826086959999999,0.217391304,2,20.0,0.258823529,0.0,10.2,1
0,3,330,351713,1,0,-1,0.966666667,0.033333333,0,70.0,0.0,0.0,0.0,0
1,0,51,5697976,0,17,3992,1.0,0.0,0,100.0,0.198412698,0.0,7.375,1
0,4,41,1759878,1,0,3295,0.585365854,0.414634146,0,11.11111111,0.0,0.0,0.0,0
0,5,291,11681,1,8,5657,0.9003436429999999,0.099656357,0,22.22222222,0.0,0.103448276,4.4,0
0,5,106,0,1,2,-1,0.820754717,0.179245283,0,73.33333333,0.0,0.1578947369999999,2.0,0
1,4,3,1146509,0,8,1747,1.0,0.0,0,0.0,0.0625,0.0,6.0,1
0,7,42,19,0,9,8292,0.5,0.5,0,25.0,0.102564103,0.095238095,5.1111111110000005,0
0,3,366,427885,1,0,1725,0.93442623,0.06557377,0,84.31372549,0.0,0.125,0.0,0
0,4,359,2956421,2,40,4798,0.855153203,0.144846797,3,0.0,0.432494279,0.326923077,15.16,1
1,7,17,286,1,7,7422,0.0,1.0,0,0.0,0.0,0.0,4.6,0
0,3,163,736894,1,26,3924,0.963190184,0.036809816,0,99.31034483,0.0862068969999999,0.166666667,14.5,0
1,5,21,0,0,9,5616,0.19047619,0.80952381,0,25.0,0.0,0.176470588,4.75,1
0,4,53,1078203,1,8,5184,0.867924528,0.132075472,0,72.72727273,0.0,0.428571429,5.25,0
1,6,46,23249,1,12,-1,0.434782609,0.565217391,0,23.52941176,0.0,0.076923077,8.0,0
1,0,0,0,0,7,-1,0.0,0.0,0,0.0,0.0,0.0,5.333333333,1
0,4,28,196420,1,2,-1,0.321428571,0.6785714290000001,0,50.0,0.0,0.052631579,2.0,0
1,2,0,0,1,7,553,0.0,0.0,2,0.0,0.081081081,0.0,4.125,1
0,5,88,0,0,0,7296,0.420454545,0.579545455,0,50.0,0.0,0.196078431,0.0,0
1,0,1,0,0,4,895,0.0,1.0,0,0.0,0.0,0.0,4.0,1
1,6,252,6030,1,9,8278,0.7857142859999999,0.214285714,0,40.98360656,0.082568807,0.148148148,4.733333333,0
0,2,23,0,0,8,-1,0.347826087,0.6521739129999999,0,30.76923077,0.0,0.2,6.666666667,0
1,3,166,62673,1,7,-1,0.957831325,0.042168675,0,77.77777778,0.0,0.285714286,5.5,0
0,2,64,678863,1,0,1796,0.859375,0.140625,0,83.33333333,0.0,0.333333333,0.0,0
0,3,78,8453855,1,2,8843,0.987179487,0.012820513,0,80.0,0.0,0.0,2.0,0
0,5,48,1980,0,7,-1,0.854166667,0.145833333,0,0.0,0.0,0.285714286,7.0,0
1,1,0,0,1,7,3368,0.0,0.0,0,0.0,0.0,0.0,5.5,1
1,1,12,0,0,9,-1,0.666666667,0.333333333,3,40.0,0.0,0.5,7.0,1
1,5,83,0,0,4,5627,0.469879518,0.5301204820000001,0,56.92307692,0.0,0.363636364,4.0,1
0,3,38,135685,1,0,-1,0.921052632,0.078947368,0,85.0,0.0,1.0,0.0,0
0,4,157,375554,1,0,-1,0.923566879,0.0764331209999999,0,33.33333333,0.0,0.083333333,0.0,0
1,4,0,18244,0,5,7856,0.0,0.0,0,0.0,0.055555556,0.0,3.666666667,1
1,10,10,1,0,33,8347,0.0,1.0,1,0.0,0.142857143,0.0,10.5,1
0,5,194,0,0,0,7299,0.31443299,0.68556701,0,39.68253968,0.0,0.466165414,0.0,0
1,1,87,0,0,6,7967,0.988505747,0.011494253,0,100.0,0.117647059,0.0,5.0,1
0,2,0,210556,0,0,3894,0.0,0.0,0,0.0,0.0,0.0,0.0,0
0,4,113,1487897,1,0,-1,0.884955752,0.115044248,0,25.0,0.0,0.153846154,0.0,0
1,7,0,632001,0,15,2520,0.0,0.0,0,0.0,0.140350877,0.0,4.857142857,1
1,0,1,0,0,0,-1,1.0,0.0,0,0.0,0.0,0.0,0.0,1
0,5,142,1590,0,3,8049,0.901408451,0.098591549,0,44.44444444,0.0,0.214285714,3.0,0
0,6,468,881,0,32,5670,0.352564103,0.647435897,0,6.956521738999999,0.272727273,0.168316832,12.5,1
0,2,1,0,1,0,184,1.0,0.0,0,0.0,0.041666667,0.0,0.0,0
1,0,0,0,0,52,72,0.0,0.0,3,0.0,0.020618557,0.0,14.8,1
1,2,42,0,1,7,-1,0.738095238,0.261904762,1,37.5,0.037383178,0.727272727,4.214285714,1
1,0,87,10422666,0,8,1993,0.344827586,0.655172414,5,32.3943662,0.0,0.684210526,4.714285714,1
1,0,4,0,0,24,0,1.0,0.0,0,100.0,0.1,0.0,10.875,1
0,4,280,12829,1,8,3926,0.989285714,0.010714286,0,90.625,0.0,0.0,5.0,0
0,7,144,0,0,0,5231,0.986111111,0.013888889,0,0.0,0.0,0.5,0.0,0
1,0,65,0,0,5,55,1.0,0.0,1,100.0,0.0,0.0,3.333333333,1
0,5,131,0,0,0,7299,0.145038168,0.854961832,0,0.0,0.0,0.026785714,0.0,0
0,8,14,7280414,0,0,5159,1.0,0.0,0,0.0,0.0,0.0,0.0,0
1,4,19,0,0,17,8018,0.736842105,0.263157895,0,100.0,0.028169014,0.0,7.909090909,1
0,4,445,86031,1,0,6375,0.975280899,0.024719101,0,93.42105263,0.0,0.181818182,0.0,0
0,4,26,535644,1,0,3502,0.807692308,0.192307692,0,76.47058824,0.0,0.6,0.0,0
0,6,51,249228,1,7,8534,0.8039215690000001,0.196078431,0,60.0,0.108108108,0.0,5.0,0
0,5,0,102713,0,10,-1,0.0,0.0,0,0.0,0.025,0.0,7.0,0
0,3,171,369654,1,0,4662,0.666666667,0.333333333,0,2.380952381,0.0,0.140350877,0.0,0
1,6,7,43534,1,5,8971,0.571428571,0.428571429,0,0.0,0.0,0.0,4.333333333,0
0,8,31,0,0,1,5161,0.774193548,0.225806452,0,0.0,0.0,0.0,1.0,0
1,3,0,52062,0,10,-1,0.0,0.0,0,0.0,0.090909091,0.0,6.5,1
1,2,29,149347,0,0,1633,0.103448276,0.896551724,0,0.0,0.0,0.0,0.0,1
1,0,585,7955434,1,8,-1,0.969230769,0.030769231,3,96.91780822,0.0,0.055555556,4.333333333,1
0,0,3,0,1,8,1272,0.333333333,0.666666667,0,0.0,0.046511628,1.0,5.5,1
0,3,149,0,0,9,5085,0.093959732,0.906040268,0,14.28571429,0.0,0.0,9.0,0
1,4,26,0,0,46,8019,0.115384615,0.884615385,0,0.0,0.1,0.0,6.923076922999999,1
0,5,24,337414,0,10,2747,0.583333333,0.4166666670000001,0,12.5,0.058252427,0.2,5.666666667,0
1,5,21,0,0,9,5616,0.19047619,0.80952381,0,25.0,0.214285714,0.176470588,4.666666667,1
0,0,0,0,0,0,2208,0.0,0.0,0,0.0,0.0,0.0,0.0,1
1,0,21,0,1,11,532,0.904761905,0.095238095,0,100.0,0.0,0.0,6.666666667,1
0,8,9,0,0,1,5160,1.0,0.0,0,0.0,0.0,0.0,1.0,0
0,4,2,134706,1,13,2292,0.0,1.0,0,0.0,0.072289157,0.0,5.2,1
1,3,1,17964,0,3,7083,0.0,1.0,0,0.0,0.0,0.0,3.0,1
1,3,12,0,0,8,535,0.75,0.25,4,100.0,0.0,0.0,4.909090909,1
0,4,0,81531,0,0,-1,0.0,0.0,0,0.0,0.0,0.0,0.0,0
0,6,42,1194,0,0,8396,0.761904762,0.238095238,0,50.0,0.0,0.5,0.0,0
1,5,0,1500702,1,14,6811,0.0,0.0,0,0.0,0.095238095,0.0,6.125,0
1,0,19,0,0,0,232,0.894736842,0.105263158,0,0.0,0.0,0.0,0.0,1
0,2,117,0,1,0,2024,0.581196581,0.418803419,0,78.37837838,0.0,0.081632653,0.0,0
0,4,146,884585,1,0,3875,0.8972602740000001,0.102739726,0,12.5,0.0,0.133333333,0.0,0
0,5,143,51109,1,0,5784,0.426573427,0.573426573,0,16.66666667,0.0,0.012195122,0.0,0
0,10,10,1,0,20,8348,0.0,1.0,1,0.0,0.073170732,0.0,7.285714286,1
0,8,509,70,1,9,8965,0.736738703,0.263261297,0,50.0,0.194444444,0.007462687,7.0,0
1,2,10,0,0,8,3228,0.0,1.0,4,0.0,0.0,0.0,5.6,1
1,3,9,0,0,15,-1,1.0,0.0,0,0.0,0.011111111,0.0,5.777777778,1
0,4,174,946388,1,0,-1,0.6724137929999999,0.327586207,0,14.0625,0.0,0.210526316,0.0,0
1,0,18,8262494,0,29,360,0.833333333,0.166666667,1,0.0,0.218934911,0.0,7.764705882,1
0,7,0,1005,1,14,12127,0.0,0.0,1,0.0,0.111111111,0.0,4.0476190480000005,0
0,5,149,1586,0,12,8048,0.899328859,0.100671141,0,47.05882353,0.0,0.2,7.5,0
1,4,440,33109,0,11,7121,0.818181818,0.181818182,0,59.0,0.061538462,0.4875,5.6,0
1,2,21,0,0,0,2838,0.476190476,0.523809524,0,0.0,0.0,0.0,0.0,0
0,5,0,24073,1,11,9120,0.0,0.0,0,0.0,0.048192771,0.0,6.1111111110000005,0
0,5,302,52982,1,7,7226,0.913907285,0.086092715,1,68.75,0.0,0.576923077,5.1428571430000005,0
1,0,31,0,0,22,-1,0.483870968,0.516129032,1,0.0,0.341463415,0.375,10.66666667,1
0,5,150,14837,1,7,8075,0.7533333329999999,0.246666667,0,44.44444444,0.0,0.378378378,4.5,0
1,4,19,0,0,40,8018,0.736842105,0.263157895,0,100.0,0.044444444,0.0,8.0,1
0,5,9,28769,0,32,7408,1.0,0.0,0,0.0,0.16730038,0.0,7.592592592999999,1
1,0,4,5828815,0,17,4003,1.0,0.0,0,100.0,0.188976378,0.0,7.375,1
0,8,13,0,0,0,5160,0.846153846,0.153846154,0,100.0,0.0,0.0,0.0,0
0,2,141,1624160,1,0,1340,0.8794326240000001,0.120567376,0,0.0,0.0,0.117647059,0.0,0
0,4,237,0,1,0,4527,0.966244726,0.033755274,0,36.36363636,0.0,0.25,0.0,0
1,2,23,0,0,8,3242,0.826086957,0.173913043,2,66.66666667,0.0,0.0,4.6,1
1,2,1,0,2,7,1723,1.0,0.0,0,0.0,0.044117647,0.0,4.857142857,1
1,2,0,393662,0,4,-1,0.0,0.0,0,0.0,0.0,0.0,4.0,1
0,7,48,9478551,0,0,5232,0.916666667,0.083333333,0,25.0,0.0,0.25,0.0,0
1,0,8,0,0,7,6810,1.0,0.0,0,100.0,0.0,0.0,5.0,1
0,8,37,830227,0,0,5161,0.513513514,0.486486486,0,6.25,0.0,0.0,0.0,0
1,7,0,37405,0,5,3154,0.0,0.0,0,0.0,0.0,0.0,5.0,1
1,8,0,383,0,11,7446,0.0,0.0,0,0.0,0.073170732,0.0,5.1428571430000005,0
0,5,110,10681,1,10,7519,0.763636364,0.236363636,0,41.17647059,0.0,0.038461538,6.0,0
1,4,151,33428,0,11,7122,0.662251656,0.337748344,0,57.89473684,0.033333333,0.470588235,6.0,0
1,0,13,0,0,5,-1,0.7692307690000001,0.230769231,0,0.0,0.0,0.0,4.0,1
0,10,55,2,1,14,5640,0.472727273,0.527272727,0,0.0,0.0,0.137931034,9.0,0
1,0,71,3672187,0,7,552,0.985915493,0.014084507,1,100.0,0.0,0.0,3.666666667,1
0,4,141,1440134,1,0,1838,0.808510638,0.191489362,0,82.92682927,0.0,0.037037037,0.0,0
1,0,0,0,0,13,454,0.0,0.0,0,0.0,0.169491525,0.0,8.666666667000001,1
0,4,33,510056,1,8,-1,0.848484848,0.151515152,0,0.0,0.021276596,0.2,4.25,0
0,2,142,405472,0,10,7223,0.943661972,0.056338028,0,60.0,0.0,0.125,6.0,0
0,3,63,6808988,1,8,7724,0.825396825,0.174603175,0,50.0,0.0,0.0,6.0,0
0,0,27,0,0,0,296,0.037037037,0.962962963,0,0.0,0.0,0.307692308,0.0,1
1,3,0,4365,0,11,1953,0.0,0.0,0,0.0,0.177777778,0.0,10.5,1
0,5,118,0,0,0,7297,0.533898305,0.466101695,0,77.92207792,0.0,0.272727273,0.0,0
0,2,70,0,0,0,-1,0.414285714,0.585714286,1,0.0,0.0,0.0,0.0,0
1,4,65,6917791,1,7,6507,0.923076923,0.076923077,0,28.57142857,0.0,0.8,5.666666667,0
1,0,4,0,0,7,-1,0.0,1.0,0,0.0,0.0,0.0,5.5,1
1,3,77,0,0,6,3171,0.4415584420000001,0.558441558,1,37.5,0.0,0.0,4.333333333,0
0,2,161,0,1,0,-1,0.968944099,0.031055901,0,83.33333333,0.0,0.4,0.0,0
0,4,93,3453085,0,10,5658,0.4301075270000001,0.569892473,0,77.77777778,0.0,0.075471698,4.625,0
1,1,1,0,0,15,3157,1.0,0.0,1,0.0,0.008849558,0.0,7.375,1
0,1,411,0,1,0,5879,0.96836983,0.03163017,0,77.77777778,0.0,0.0,0.0,0
1,2,80,0,0,4,3830,0.575,0.425,0,0.0,0.0,0.323529412,3.5,0
0,4,66,361415,0,0,4593,0.818181818,0.181818182,0,25.0,0.0,0.083333333,0.0,0
1,4,12,30,0,64,6589,0.333333333,0.666666667,1,0.0,0.350089767,0.0,7.4354838710000015,0
1,2,31,1211946,0,32,1016,0.032258065,0.967741935,0,0.0,0.247311828,0.1,18.33333333,1
0,5,225,618,0,6,6431,0.951111111,0.048888889,0,85.33333333,0.0,0.181818182,5.0,0
0,5,176,2606,1,10,7887,0.994318182,0.005681818,0,100.0,0.065934066,2.0,6.0,0
1,1,0,173942,0,34,2362,0.0,0.0,0,0.0,0.20212766,0.0,7.157894737,1
0,5,186,0,0,0,7298,0.086021505,0.913978495,0,2.97029703,0.0,0.294117647,0.0,0
1,1,2,0,0,5,-1,1.0,0.0,1,0.0,0.0,0.0,5.0,1
0,3,67,261325,0,0,-1,0.985074627,0.014925373,0,100.0,0.0,0.0,0.0,0
1,5,0,132629,0,11,-1,0.0,0.0,0,0.0,0.083333333,0.0,11.0,1
0,4,54,7531072,1,0,5105,0.333333333,0.666666667,0,14.28571429,0.0,0.055555556,0.0,0
0,2,222,156886,1,0,2085,0.878378378,0.121621622,0,37.5,0.0,0.074074074,0.0,0
1,7,147,149,0,8,9639,0.414965986,0.585034014,0,38.0952381,0.0,0.093023256,4.75,0
1,0,81,5008870,1,32,152,0.851851852,0.148148148,0,86.04651163,0.302325581,0.333333333,16.0,1
1,5,0,0,0,0,5626,0.0,0.0,0,0.0,0.166666667,0.0,0.0,1
1,0,0,0,1,32,-1,0.0,0.0,1,0.0,0.234042553,0.0,12.2,1
1,0,11,0,0,5,-1,0.090909091,0.909090909,0,0.0,0.038461538,0.4,4.0,1
0,0,31,0,0,12,-1,0.032258065,0.967741935,1,0.0,0.0,0.1,6.666666667,1
1,0,585,0,0,3,7,0.969230769,0.030769231,0,96.92832765,0.058823529,0.055555556,3.0,1
1,5,0,0,0,0,5626,0.0,0.0,0,0.0,0.1578947369999999,0.0,0.0,1
0,5,73,26325,1,7,5350,0.97260274,0.02739726,0,50.0,0.0,0.0,4.666666667,0
1,4,68,12091,0,8,7928,0.911764706,0.088235294,0,100.0,0.0,0.0,4.5,1
0,7,303,1876,1,14,-1,0.712871287,0.287128713,0,7.692307692000001,0.0,0.068965517,7.333333333,0
0,3,78,142439,1,0,-1,0.538461538,0.461538462,0,80.0,0.0,0.027777778,0.0,0
1,0,4,5816617,0,15,4003,1.0,0.0,0,100.0,0.118421053,0.0,8.5,1
1,0,0,0,0,6,1521,0.0,0.0,1,0.0,0.0,0.0,5.0,1
0,5,49,31719,0,10,9689,0.959183673,0.040816327,0,60.0,0.046875,1.0,6.4,0
1,5,126,150879,1,6,-1,0.658730159,0.341269841,0,55.67010309,0.0,0.255813953,5.333333333,0
0,4,20,191279,1,0,3103,0.3,0.7,0,0.0,0.0,0.214285714,0.0,0
0,10,2,0,1,16,8348,0.5,0.5,0,50.0,0.144508671,0.0,6.45,1
1,4,54,541454,1,23,2305,0.666666667,0.333333333,0,0.0,0.0,0.0,16.66666667,1
0,5,38,20789,0,10,7187,0.973684211,0.026315789,0,100.0,0.0,0.0,6.0,0
1,4,890,32633,0,7,7119,0.924719101,0.075280899,0,58.82352941,0.04,0.597014925,3.5,0
1,3,0,4365,0,10,1953,0.0,0.0,0,0.0,0.113636364,0.0,10.0,1
1,9,133,15,0,7,9399,0.766917293,0.233082707,0,62.5,0.025,0.0,4.666666667,0
0,2,51,0,0,0,-1,0.8235294120000001,0.176470588,0,70.0,0.0,0.0,0.0,0
1,0,35,0,0,32,3921,0.971428571,0.028571429,0,100.0,0.3378378379999999,0.0,18.0,1
1,0,52,0,1,5,4520,0.461538462,0.538461538,2,100.0,0.084745763,0.0,4.1428571430000005,1
0,6,113,1286,1,8,10234,0.557522124,0.442477876,0,37.03703704,0.202702703,0.12,5.375,0
0,5,162,923184,1,0,-1,0.956790123,0.043209877,0,40.0,0.0,0.0,0.0,0
1,1,47,341948,0,0,1950,0.0,1.0,1,0.0,0.114285714,0.0,0.0,1
0,7,71,671,1,7,8837,0.845070423,0.1549295769999999,0,93.5483871,0.107526882,0.0,4.909090909,0
0,2,44,0,1,0,4937,0.931818182,0.0681818179999999,0,100.0,0.0,0.0,0.0,0
0,3,67,882816,1,0,4243,0.850746269,0.149253731,0,60.0,0.0,0.2,0.0,0
1,3,29,40986,0,13,7015,0.8275862070000001,0.172413793,0,37.5,0.023255814,0.2,5.375,1
0,4,10,0,0,3,816,0.9,0.1,0,0.0,0.0625,0.0,2.5,1
1,0,9,0,0,8,2786,0.5555555560000001,0.444444444,4,100.0,0.0,0.0,4.444444444,1
1,2,103,1222496,0,0,7051,0.932038835,0.067961165,0,0.0,0.029411765,0.285714286,0.0,1
1,3,64,0,1,6,8019,0.46875,0.53125,0,0.0,0.0,0.235294118,4.0,1
1,0,15,0,0,7,-1,0.933333333,0.066666667,5,85.71428571,0.0,1.0,4.9,1
1,1,28,8441470,1,0,7142,0.25,0.75,0,4.545454545,0.075,0.142857143,0.0,1
1,3,36,0,1,7,235,0.916666667,0.083333333,1,50.0,0.0,0.666666667,5.666666667,1
1,2,53,0,1,11,5034,0.981132075,0.018867925,0,100.0,0.0,0.0,5.833333333,1
0,2,35,0,1,0,-1,0.942857143,0.057142857,0,100.0,0.0,0.0,0.0,0
1,5,83,0,0,4,5613,0.469879518,0.5301204820000001,1,56.92307692,0.0,0.363636364,4.0,1
1,0,0,0,0,32,50,0.0,0.0,0,0.0,0.275,0.0,8.5,1
0,4,172,211508,1,0,5948,0.7209302329999999,0.279069767,0,60.0,0.0,0.020833333,0.0,0
0,2,44,0,1,0,1758,0.8409090909999999,0.159090909,0,0.0,0.0,0.285714286,0.0,0
0,5,234,35724,1,0,4103,1.0,0.0,0,100.0,0.0,0.0,0.0,0
1,3,1,18105,1,288,7087,0.0,1.0,0,0.0,0.480725624,0.0,35.54545455,1
0,2,179,1853658,1,0,-1,0.748603352,0.251396648,0,94.69026549,0.0,0.133333333,0.0,0
0,5,76,125414,0,12,4594,0.736842105,0.263157895,0,25.0,0.033898305,0.2,8.333333332999999,0
1,0,15,0,0,9,-1,1.0,0.0,2,0.0,0.0,0.0,6.0,1
0,3,302,389161,0,0,-1,0.940397351,0.059602649,0,84.61538462,0.0,0.0,0.0,0
1,0,22,0,0,7,340,0.954545455,0.045454545,1,100.0,0.0,0.0,4.2,1
0,3,144,4194715,1,10,-1,0.444444444,0.5555555560000001,0,41.11111111,0.106060606,0.5375,5.0,0
1,0,8,1566145,0,0,105,0.5,0.5,0,94.44444444,0.0,0.0,0.0,1
0,3,9,0,0,0,1127,0.5555555560000001,0.444444444,0,0.0,0.0,0.5,0.0,0
0,6,21,6412,0,13,6316,0.428571429,0.571428571,0,0.0,0.162601626,0.75,4.3684210530000005,1
1,0,8,0,0,3,295,0.125,0.875,2,0.0,0.0,0.0,3.0,1
1,7,375,12,0,12,7133,0.906666667,0.093333333,0,62.3655914,0.0,0.371428571,7.5,0
1,4,325,108957,1,10,8932,0.975384615,0.024615385,0,44.44444444,0.079365079,0.25,4.285714286,0
0,0,7,0,1,9,-1,0.857142857,0.142857143,0,50.0,0.0,1.0,4.75,0
0,2,449,211827,0,0,-1,0.982182628,0.0178173719999999,0,88.88888889,0.0,0.0,0.0,0
0,3,1130,39678,1,0,7759,0.884955752,0.115044248,0,95.50561798,0.0,0.030769231,0.0,0
0,3,116,788754,1,10,2613,0.7155172409999999,0.284482759,1,20.68965517,0.0,0.242424242,5.625,0
1,1,4,0,0,3,359,0.25,0.75,0,0.0,0.195652174,0.0,3.0,1
1,0,4,0,0,7,0,1.0,0.0,0,100.0,0.064516129,0.0,5.0,1
1,8,118,0,0,0,7448,0.542372881,0.457627119,0,57.89473684,0.0,0.018518519,0.0,0
1,10,1,1,0,9,8348,0.0,1.0,2,0.0,0.0,0.0,6.5,1
1,0,4,0,0,4,-1,0.0,1.0,0,0.0,0.035714286,0.0,4.0,1
0,5,14,627184,1,5,4481,0.357142857,0.642857143,0,28.57142857,0.0,0.222222222,4.6,0
0,0,16,3461289,1,11,-1,0.5,0.5,0,0.0,0.071428571,0.25,6.454545455,1
0,6,36,38008,1,0,7415,0.805555556,0.194444444,0,61.53846154,0.0,0.285714286,0.0,0
1,2,21,4641,0,0,1535,0.857142857,0.142857143,1,0.0,0.142857143,0.0,0.0,1
1,3,0,0,1,7,-1,0.0,0.0,1,0.0,0.095238095,0.0,4.833333333,1
0,1,177,1453975,1,0,2695,1.0,0.0,0,100.0,0.0,0.0,0.0,0
0,7,210,12,0,10,7133,0.971428571,0.028571429,0,94.44444444,0.0,0.5,6.2,0
1,5,0,4150,0,5,12184,0.0,0.0,0,0.0,0.0862068969999999,0.0,3.25,0
0,7,17,285,1,6,7420,0.0,1.0,0,0.0,0.0,0.0,3.333333333,0
0,5,8,2639822,1,7,7578,0.625,0.375,0,0.0,0.0,0.333333333,5.0,0
1,2,58,0,1,4,2299,0.8620689659999999,0.137931034,0,100.0,0.0,0.0,3.75,0
0,5,75,243844,1,0,5330,0.92,0.08,0,0.0,0.0,0.166666667,0.0,0
1,3,1,17964,0,200,7083,0.0,1.0,2,0.0,0.125475285,0.0,31.85714286,1
1,7,301,121,1,8,9285,0.750830565,0.249169435,0,73.68421053,0.040816327,0.066666667,3.333333333,0
1,7,184,340,0,9,-1,0.994565217,0.005434783,0,100.0,0.173913043,0.0,5.25,0
0,1,35,632297,1,5,-1,0.8,0.2,0,22.22222222,0.0,0.571428571,3.5,0
0,4,90,12157,0,9,2699,0.122222222,0.877777778,2,8.196721311000001,0.0,0.088607595,6.25,0
0,5,81,27218,1,13,5207,0.7654320990000001,0.234567901,0,10.0,0.0,0.315789474,8.5,0
0,3,130,5664469,1,0,1400,0.992307692,0.007692308,0,100.0,0.0,0.0,0.0,0
1,4,22,2363,0,19,1620,0.227272727,0.772727273,0,0.0,0.075471698,0.058823529,5.523809524,1
1,3,1,17964,0,5,7083,0.0,1.0,0,0.0,0.0,0.0,4.5,1
0,2,18,0,1,0,1985,0.833333333,0.166666667,0,100.0,0.0,0.0,0.0,0
0,6,169,12761,1,8,8149,0.633136095,0.366863905,0,50.0,0.0,0.14516129,4.25,0
1,0,4,0,0,0,4081,1.0,0.0,0,0.0,0.02,0.0,0.0,1
0,6,183,184,1,7,5886,0.93989071,0.06010929,0,89.74358974,0.024390244,0.090909091,3.75,0
0,4,110,1841877,1,0,3919,0.372727273,0.627272727,0,21.62162162,0.0,0.217391304,0.0,0
0,4,0,0,1,9,5396,0.0,0.0,0,0.0,0.035087719,0.0,3.714285714,0
0,3,7,0,1,10,6056,1.0,0.0,0,0.0,0.0,0.0,7.5,0
1,0,4,5816617,1,17,4003,1.0,0.0,0,100.0,0.155737705,0.0,8.142857142999999,1
1,0,0,0,0,5,-1,0.0,0.0,1,0.0,0.0,0.0,4.333333333,1
0,2,0,420949,0,0,7740,0.0,0.0,0,0.0,0.0,0.0,0.0,0
0,5,187,0,0,0,7297,0.101604278,0.8983957220000001,0,12.61261261,0.0,0.482142857,0.0,0
1,0,8,0,0,10,127,0.625,0.375,1,0.0,0.0,0.0,5.6,1
1,5,18,0,0,0,5614,0.5555555560000001,0.444444444,0,25.0,0.11627907,0.375,0.0,1
0,4,19,16251,1,7,6334,0.947368421,0.052631579,0,100.0,0.0,0.0,3.333333333,0
1,0,9,0,0,32,1454,0.333333333,0.666666667,0,0.0,0.19047619,0.0,11.0,1
1,5,0,31306,0,11,-1,0.0,0.0,0,0.0,0.0,0.0,6.235294118,0
1,5,21,0,0,9,5616,0.19047619,0.80952381,0,25.0,0.085714286,0.176470588,4.75,1
0,4,177,127814,1,10,6613,0.8022598870000001,0.197740113,0,19.44444444,0.0,0.6571428570000001,5.0,0
0,1,60,766225,0,0,479,0.8666666670000001,0.133333333,0,83.72093023,0.0,0.375,0.0,1
0,5,80,8740,1,2,6993,0.4,0.6,0,35.0,0.0,0.125,2.0,0
0,3,61,5750434,1,0,-1,0.639344262,0.360655738,0,0.0,0.0,0.409090909,0.0,0
0,4,79,13336,0,0,5442,0.873417722,0.126582278,0,33.33333333,0.0,0.3,0.0,0
1,10,25,1,0,56,8346,0.44,0.56,1,0.0,0.111111111,0.0,14.2,1
1,10,1,1,0,13,8348,0.0,1.0,2,0.0,0.0,0.0,8.5,1
0,3,432,1026485,1,0,6956,0.962962963,0.037037037,0,50.0,0.0,0.0,0.0,0
0,10,134,1,0,8,8345,0.888059701,0.111940299,0,11.11111111,0.0,0.266666667,3.9,0
0,3,13,77953,1,62,2176,0.0,1.0,0,0.0,0.0,0.0,23.0,0
0,5,973,624160,1,0,7365,0.956834532,0.043165468,0,63.85542169,0.0,0.357142857,0.0,0
0,8,10,0,0,0,5159,1.0,0.0,0,0.0,0.0,0.0,0.0,0
0,10,62,35,1,13,5891,1.0,0.0,0,0.0,0.0,0.0,13.0,0
1,0,51,5697976,0,17,3992,1.0,0.0,0,100.0,0.220338983,0.0,8.142857142999999,1
1,2,0,0,0,6,-1,0.0,0.0,0,0.0,0.0,0.0,4.333333333,0
1,0,4,5816617,0,15,4003,1.0,0.0,0,100.0,0.117647059,0.0,8.5,1
0,3,96,721319,1,0,2381,0.9375,0.0625,0,66.66666667,0.0,0.333333333,0.0,0
1,0,65,0,0,6,-1,0.061538462,0.938461538,1,11.11111111,0.317073171,0.393442623,4.0,1
1,10,30,1,0,56,8347,0.333333333,0.666666667,1,0.0,0.050505051,0.0,14.2,1
1,2,17,9876852,1,0,5340,0.588235294,0.411764706,0,0.0,0.0,0.285714286,0.0,0
1,5,101,2190,0,10,7616,0.6237623760000001,0.376237624,0,84.44444444,0.0,0.026315789,8.0,0
1,5,14,0,0,0,7295,0.071428571,0.928571429,0,14.28571429,0.117647059,0.846153846,0.0,1
0,4,68,547473,1,0,4781,0.382352941,0.6176470589999999,0,11.11111111,0.0,0.0,0.0,0
0,10,39,1,0,8,8348,0.7435897440000001,0.256410256,2,33.33333333,0.0,0.4,6.0,1
0,5,53,365936,1,0,5394,0.622641509,0.377358491,0,42.85714286,0.0,0.15,0.0,0
1,0,77,519579,0,19,507,0.5324675320000001,0.467532468,0,28.94736842,0.402985075,0.166666667,8.2,1
0,7,682,323,1,10,6435,0.8870967740000001,0.112903226,0,85.71428571,0.204081633,0.090909091,7.0,0
1,0,43,0,1,21,1528,1.0,0.0,1,100.0,0.094594595,0.0,7.8,1
1,7,0,155,0,24,7905,0.0,0.0,0,0.0,0.325242718,0.0,10.8,1
1,0,88,0,1,32,2046,0.897727273,0.102272727,3,85.71428571,0.198113208,0.5555555560000001,9.0,1
1,0,4,0,1,18,-2,1.0,0.0,2,0.0,0.114942529,0.0,5.12,1
0,5,108,123374,1,0,3726,1.0,0.0,0,100.0,0.0,0.0,0.0,0
1,0,0,0,0,13,667,0.0,0.0,0,0.0,0.166666667,0.0,8.666666667000001,1
1,1,1,0,1,9,5062,1.0,0.0,3,0.0,0.09375,0.0,5.0,1
0,2,29,10421238,0,0,4912,0.75862069,0.24137931,0,60.0,0.0,0.428571429,0.0,0
0,5,153,1577,0,7,8047,0.8496732029999999,0.1503267969999999,0,40.0,0.0161290319999999,0.130434783,3.8,0
1,0,9,0,1,200,31,1.0,0.0,1,0.0,0.14559387,0.0,25.77777778,1
0,6,24,9424,1,9,5409,0.4166666670000001,0.583333333,0,52.38095238,0.117647059,0.285714286,5.428571429,0
1,0,31,0,1,22,-1,0.483870968,0.516129032,1,0.0,0.327272727,0.4375,9.538461538,1
0,4,73,134900,1,8,4582,0.780821918,0.219178082,0,0.0,0.096774194,0.0625,5.6,0
0,2,16,6125655,1,0,2087,0.6875,0.3125,0,100.0,0.0,0.0,0.0,0
1,10,18,1,0,26,8347,0.611111111,0.388888889,2,100.0,0.0,0.0,15.0,1
1,3,0,4360,0,10,1953,0.0,0.0,0,0.0,0.121212121,0.0,10.0,1
1,2,7,0,0,406,2615,0.571428571,0.428571429,0,0.0,0.135440181,0.0,206.0,1
1,5,756,569875,0,6,-1,1.0,0.0,0,100.0,0.0,0.0,4.4,0
0,4,159,596193,0,9,2887,0.937106918,0.062893082,0,33.33333333,0.063829787,0.2,4.25,0
1,3,273,2336,0,6,7160,0.8205128209999999,0.179487179,0,64.84375,0.139534884,0.530612245,4.5,0
1,0,120,0,0,11,1589,0.033333333,0.966666667,6,7.142857143,0.03968254,0.0,6.692307692000001,1
0,4,57,654847,1,11,4375,0.894736842,0.105263158,0,0.0,0.0,0.833333333,8.25,0
1,4,0,0,0,7,4260,0.0,0.0,4,0.0,0.0,0.0,3.9,1
1,3,36,0,0,10,-2,0.222222222,0.7777777779999999,0,50.0,0.0,0.142857143,6.25,1
1,1,34,2884517,0,5,1629,1.0,0.0,0,100.0,0.023809524,0.0,5.0,1
1,7,0,37934,0,5,3153,0.0,0.0,0,0.0,0.052631579,0.0,5.0,1
0,2,142,0,0,0,1002,0.950704225,0.049295775,0,33.33333333,0.0,0.142857143,0.0,0
0,0,9,0,0,10,1393,1.0,0.0,1,0.0,0.0,0.0,6.0,1
0,6,2,710503,0,10,1079,1.0,0.0,0,0.0,0.015384615,0.0,4.875,1
1,0,10,0,0,12,1612,1.0,0.0,0,0.0,0.0,0.0,7.0,1
0,6,825,5685,1,7,8546,0.989090909,0.010909091,0,22.22222222,0.0,0.333333333,6.5,0
0,3,20,450746,1,11,8296,0.85,0.15,0,0.0,0.0,0.0,5.0,1
1,0,4,0,1,15,2618,1.0,0.0,3,100.0,0.081632653,0.0,4.769230769,1
1,3,6,0,0,13,4609,0.333333333,0.666666667,4,0.0,0.0,0.0,5.214285714,1
1,5,21,0,0,5,5627,0.19047619,0.80952381,1,25.0,0.045454545,0.294117647,5.0,1
0,3,9,0,1,11,4852,0.222222222,0.7777777779999999,0,100.0,0.0,0.0,6.0,0
1,1,29,9421973,0,7,-1,0.137931034,0.8620689659999999,3,0.0,0.046153846,0.0,5.0,1
0,3,318,721902,1,0,2457,0.666666667,0.333333333,0,84.21052632,0.0,0.037735849,0.0,0
0,4,77,539425,1,0,3938,0.922077922,0.0779220779999999,0,16.66666667,0.0,0.166666667,0.0,0
0,6,112,688,1,10,9203,0.8482142859999999,0.151785714,0,33.33333333,0.0,0.0,8.0,0
0,0,11,0,0,0,257,0.0,1.0,0,0.0,0.206896552,0.0,0.0,1
0,7,162,1338,0,7,5484,0.864197531,0.135802469,0,42.10526316,0.126984127,0.272727273,4.375,0
0,7,729,12,0,10,7131,0.92866941,0.07133059,0,76.25570776,0.0,0.211538462,5.833333333,0
1,5,95,0,0,0,7296,0.168421053,0.831578947,0,24.63768116,0.0,0.544303797,0.0,0
0,4,258,3133254,0,0,8645,0.976744186,0.023255814,0,25.0,0.0,0.0,0.0,0
0,4,57,312044,1,0,1662,0.684210526,0.315789474,0,81.08108108,0.0,0.0,0.0,0
0,7,336,124,1,7,9283,0.7351190479999999,0.264880952,0,73.68421053,0.0,0.056179775,4.0,0
1,0,20,0,0,7,6388,1.0,0.0,1,100.0,0.0,0.0,4.0,1
0,3,49,0,1,2,-1,0.979591837,0.020408163,0,50.0,0.0,0.0,2.0,0
0,6,145,687,1,7,9202,0.813793103,0.186206897,0,22.58064516,0.0,0.37037037,6.5,0
0,7,17,20110,0,23,4465,0.647058824,0.352941176,0,0.0,0.0,0.0,23.0,0
1,0,51,5707171,0,15,3992,1.0,0.0,0,100.0,0.118421053,0.0,8.5,1
0,2,277,3308718,1,0,2523,0.992779783,0.0072202169999999,0,75.0,0.0,0.0,0.0,0
0,5,88,5294,1,7,3514,0.647727273,0.352272727,0,92.64705882,0.068965517,0.0,5.6,0
0,5,403,6192,0,8,6220,0.751861042,0.248138958,0,13.04347826,0.0,0.28,6.0,0
1,5,0,637659,0,6,5469,0.0,0.0,0,0.0,0.0,0.0,5.2,0
0,8,169,213,0,15,8217,0.952662722,0.047337278,0,80.0,0.0,0.125,4.833333333,0
0,7,103,623,1,9,9174,0.796116505,0.203883495,0,45.0,0.0,0.047619048,6.0,0
1,0,7,0,1,39,216,0.857142857,0.142857143,0,0.0,0.240437158,1.0,5.571428571,1
1,1,146,1664096,1,9,3654,0.95890411,0.04109589,1,87.5,0.0,0.166666667,4.125,1
0,5,0,12791,1,10,2948,0.0,0.0,0,0.0,0.0,0.0,5.5,0
0,5,248,690,0,9,9032,0.383064516,0.616935484,0,18.83116883,0.0625,0.006535948,5.25,0
1,4,114,844062,1,9,-1,0.938596491,0.061403509,0,0.0,0.0,0.0,6.5,0
1,4,39,203194,1,7,4826,0.923076923,0.076923077,0,25.0,0.0,0.666666667,7.0,0
1,5,0,14605,0,7,8916,0.0,0.0,0,0.0,0.0,0.0,5.0,1
0,8,111,0,0,0,7449,0.594594595,0.405405405,0,88.88888889,0.0,0.022222222,0.0,0
0,3,54,0,1,2,-1,0.87037037,0.12962963,0,60.0,0.0,0.285714286,2.0,0
0,5,95,0,1,17,-1,0.8842105259999999,0.115789474,0,55.55555556,0.009433962,0.0,5.727272727000001,0
1,0,40,0,0,10,-1,1.0,0.0,0,100.0,0.0,0.0,10.0,1
1,0,57,0,0,5,2737,0.7192982459999999,0.280701754,0,66.66666667,0.0,0.0625,4.0,1
0,5,86,53473,1,4,8826,0.7209302329999999,0.279069767,0,76.0,0.121212121,0.166666667,2.5,0
1,0,4,5816617,0,17,4003,1.0,0.0,0,100.0,0.191304348,0.0,8.142857142999999,1
1,4,0,586042,0,7,7858,0.0,0.0,1,0.0,0.0,0.0,5.0,1
1,4,12,30,0,12,6588,0.333333333,0.666666667,1,0.0,0.222222222,0.0,6.1,1
0,4,95,390840,1,0,2963,0.831578947,0.168421053,0,84.09090909,0.0,0.3125,0.0,0
0,3,13,0,1,0,8899,0.615384615,0.384615385,0,88.88888889,0.0,0.2,0.0,0
1,0,4,0,1,15,2618,1.0,0.0,4,100.0,0.126582278,0.0,4.8,1
1,0,0,0,0,14,723,0.0,0.0,2,0.0,0.047058824,0.0,6.631578947,1
1,1,4,0,1,7,5643,1.0,0.0,0,100.0,0.0,0.0,4.6,1
1,0,15,0,0,6,268,0.8,0.2,0,100.0,0.076923077,0.0,4.333333333,1
1,0,4,5828815,1,17,4004,1.0,0.0,0,100.0,0.13740458,0.0,7.375,1
0,5,132,99,0,9,4060,0.734848485,0.265151515,0,81.08108108,0.026086957,0.114285714,4.1875,0
0,5,106,73306,1,11,6801,0.226415094,0.773584906,0,20.0,0.0,0.182926829,7.8,0
0,3,100,7524,0,7,-2,0.98,0.02,0,100.0,0.0,1.0,5.5,0
1,0,7,0,0,5,443,0.857142857,0.142857143,0,0.0,0.022727273,1.0,3.0,1
0,4,4,1121373,1,0,8492,1.0,0.0,0,0.0,0.0,0.0,0.0,0
1,5,21,0,0,8,5627,0.19047619,0.80952381,1,25.0,0.0,0.294117647,5.666666667,1
1,2,118,0,1,4,-1,0.949152542,0.050847458,0,71.42857143,0.0,0.0,3.333333333,0
0,2,35,247607,0,0,2559,0.571428571,0.428571429,0,62.5,0.0,0.266666667,0.0,0
1,0,0,0,0,12,1422,0.0,0.0,3,0.0,0.0,0.0,7.0,1
0,3,0,6840689,1,9,8814,0.0,0.0,0,0.0,0.072289157,0.0,5.888888889,0
0,5,24,2885582,0,0,7297,0.083333333,0.916666667,0,16.66666667,0.0,0.318181818,0.0,0
0,6,44,909893,0,0,3585,0.454545455,0.545454545,0,29.16666667,0.0,0.041666667,0.0,0
0,0,19,0,0,6,313,0.263157895,0.736842105,0,0.0,0.214285714,0.0,5.0,1
0,4,25,892596,1,0,6455,0.8,0.2,0,62.5,0.0,0.6,0.0,0
0,4,16,40123,1,7,-1,0.1875,0.8125,0,58.33333333,0.0,0.0,5.25,0
1,0,44,0,0,12,740,1.0,0.0,3,100.0,0.0,0.0,4.666666667,1
0,6,53,545,0,12,11046,0.716981132,0.283018868,0,27.77777778,0.079365079,0.333333333,6.0,0
0,4,170,60221,1,0,-1,0.876470588,0.123529412,0,83.78378378,0.0,0.0,0.0,0
0,4,92,105063,1,8,4981,0.902173913,0.097826087,0,0.0,0.0,0.0,8.0,0
0,7,1556,12,0,8,7133,0.936375321,0.063624679,0,74.74489796,0.0,0.343434343,6.0,0
0,3,23,181574,1,9,3924,0.913043478,0.086956522,0,92.85714286,0.018181818,0.5,5.2,0
1,0,9,0,1,66,31,1.0,0.0,1,0.0,0.182481752,0.0,9.454545455,1
1,5,0,0,0,5,5627,0.0,0.0,0,0.0,0.25,0.0,3.333333333,1
1,0,24,0,0,12,-1,0.958333333,0.041666667,0,0.0,0.0,0.0,4.285714286,1
1,0,39,0,0,7,2411,0.102564103,0.897435897,0,22.22222222,0.0,0.2,5.5,1
0,10,53,8,1,15,8519,0.622641509,0.377358491,0,80.0,0.0,0.0,10.5,0
1,0,9,0,1,7,4537,0.111111111,0.8888888890000001,0,0.0,0.0,0.375,5.0,1
0,2,37,7804106,1,11,8399,0.216216216,0.783783784,0,19.04761905,0.0,0.0,6.8,0
0,5,77,2192,0,10,7618,0.649350649,0.350649351,0,83.33333333,0.0,0.037037037,7.0,0
1,0,16,0,0,8,4652,0.9375,0.0625,0,100.0,0.0,0.0,6.0,1
1,5,14,0,0,0,7295,0.071428571,0.928571429,0,14.28571429,0.085714286,0.230769231,0.0,1
1,0,10,0,0,5,308,0.9,0.1,0,0.0,0.0,0.0,3.6,1
0,1,140,3551602,0,11,3501,0.771428571,0.228571429,0,4.0,0.0,0.625,5.583333333,0
1,2,0,1041293,0,35,4334,0.0,0.0,0,0.0,0.191176471,0.0,19.0,1
1,2,27,4558,0,13,1536,0.8888888890000001,0.111111111,0,85.71428571,0.095588235,0.0,5.857142857,1
1,5,77,381,0,99,6426,0.363636364,0.636363636,2,42.10526316,0.124050633,0.06122449,27.38461538,1
1,1,1,0,0,7,1629,1.0,0.0,0,0.0,0.304347826,0.0,4.0,1
1,6,0,565,1,10,12844,0.0,0.0,0,0.0,0.106060606,0.0,5.0,0
0,2,169,0,0,4,1613,0.970414201,0.029585799,0,25.0,0.076923077,0.0,4.0,1
1,0,4,0,0,7,2604,1.0,0.0,2,100.0,0.0,0.0,4.6,1
1,2,8,0,1,64,389,1.0,0.0,3,100.0,0.319444444,0.0,13.0,1
1,3,0,0,1,13,-1,0.0,0.0,2,0.0,0.0,0.0,5.222222222,1
0,6,328,689,1,23,6257,0.93902439,0.06097561,0,72.72727273,0.0,0.0,23.0,0
1,5,7,0,0,0,7296,0.428571429,0.571428571,0,0.0,0.218181818,0.0,0.0,1
1,0,33,0,1,9,2105,0.787878788,0.212121212,0,71.42857143,0.0,0.0,6.2,1
1,2,5,8547,0,15,2499,1.0,0.0,0,0.0,0.074074074,0.0,13.5,1
1,0,3,0,0,5,-1,1.0,0.0,0,0.0,0.0,0.0,3.666666667,1
0,6,360,6431,1,11,-1,0.941666667,0.058333333,0,83.67346939,0.0,0.428571429,7.0,0
1,0,22,0,0,64,-1,0.954545455,0.045454545,2,100.0,0.45971564,0.0,15.81818182,1
0,3,131,0,1,0,-1,0.396946565,0.603053435,0,59.25925926,0.0,0.025316456,0.0,0
0,4,3,2182328,0,492,2694,1.0,0.0,2,0.0,0.083491461,0.0,250.0,1
1,0,72,0,0,15,5,0.277777778,0.7222222220000001,1,0.0,0.0,0.057692308,7.4,1
0,4,30,2992243,1,0,-1,0.966666667,0.033333333,0,66.66666667,0.0,0.0,0.0,0
1,1,1,0,0,7,2943,1.0,0.0,0,0.0,0.0,0.0,4.75,1
1,0,115,0,0,5,2,0.965217391,0.034782609,0,100.0,0.034482759,0.0,5.0,1
1,0,286,0,0,18,4687,0.307692308,0.692307692,0,25.0,0.162162162,0.015151515,7.666666667,1
1,0,51,5697976,0,17,3992,1.0,0.0,0,100.0,0.140625,0.0,7.375,1
1,0,90,0,1,5,959,0.522222222,0.477777778,0,37.5,0.0,0.0,5.0,1
1,2,110,4691,0,5,1532,0.727272727,0.272727273,0,3.448275862,0.092592593,0.7666666670000001,4.5,1
0,5,24,0,0,0,9241,0.25,0.75,0,100.0,0.0,0.0,0.0,1
1,0,0,0,0,12,3310,0.0,0.0,2,0.0,0.115384615,0.0,5.222222222,1
0,4,56,67137,1,7,6606,0.8214285709999999,0.1785714289999999,0,0.0,0.0,0.0,5.25,0
0,5,95,16114,1,6,4010,0.7473684209999999,0.252631579,0,69.56521739,0.102040816,0.083333333,5.666666667,0
0,2,104,1216719,1,0,1499,0.326923077,0.673076923,0,20.0,0.0,0.0,0.0,0
0,0,74,0,1,4,4737,0.310810811,0.689189189,0,0.0,0.0,0.0,4.0,0
0,5,98,26739,1,11,7993,0.969387755,0.030612245,0,25.0,0.0,0.666666667,6.5,0
1,0,0,0,0,7,2629,0.0,0.0,0,0.0,0.0,0.0,5.5,1
0,5,4,2419,1,8,12790,1.0,0.0,0,0.0,0.1549295769999999,0.0,5.571428571,0
0,3,305,2402905,1,10,1776,0.957377049,0.042622951,1,96.0,0.020408163,0.076923077,5.5,1
1,1,0,0,0,12,-1,0.0,0.0,2,0.0,0.098360656,0.0,6.0,1
0,3,276,428453,1,20,7926,0.869565217,0.130434783,0,12.5,0.0,0.0,10.0,0
1,5,21,0,0,15,5615,0.19047619,0.80952381,0,25.0,0.037037037,0.176470588,9.5,1
0,0,14,0,1,0,6265,0.285714286,0.7142857140000001,0,0.0,0.0,0.1,0.0,0
1,0,4,0,0,6,-1,1.0,0.0,1,100.0,0.255813953,0.0,3.625,1
1,0,88,0,0,32,2047,0.897727273,0.102272727,3,85.71428571,0.165048544,0.5555555560000001,9.0,1
1,0,11,0,0,5,286,0.0,1.0,0,0.0,0.0,0.0,3.0,1
0,5,210,1741827,0,0,7299,0.557142857,0.442857143,0,69.59064327,0.0,0.462365591,0.0,0
1,6,20,889,0,6,5659,1.0,0.0,0,100.0,0.0,0.0,4.666666667,1
1,5,0,0,0,0,5616,0.0,0.0,0,0.0,0.1363636359999999,0.0,0.0,1
1,0,48,0,0,7,-1,1.0,0.0,3,100.0,0.03125,0.0,5.1428571430000005,1
1,0,13,0,0,11,268,0.846153846,0.153846154,0,100.0,0.0,0.0,5.25,1
1,0,18,8509505,0,9,431,0.666666667,0.333333333,0,80.0,0.0,0.166666667,4.666666667,1
1,3,24,0,0,0,3598,0.0,1.0,0,0.0,0.121212121,0.0,0.0,1
0,2,71,145369,1,9,1645,0.915492958,0.0845070419999999,0,100.0,0.012987013,0.0,4.555555556,0
1,5,18,8326,1,7,1759,0.166666667,0.833333333,0,10.0,0.025,0.0,4.555555556,0
0,5,576,33777,0,12,6365,0.5034722220000001,0.496527778,0,26.84210526,0.0,0.517482517,7.0,0
1,4,26,150317,1,10,7005,0.5,0.5,0,63.63636364,0.0,0.0,6.0,0
0,0,75,0,0,0,-1,0.8,0.2,0,11.11111111,0.0,0.666666667,0.0,0
0,5,61,257847,1,0,5226,0.196721311,0.8032786890000001,0,16.94915254,0.0,0.040816327,0.0,0
1,5,60,0,0,0,7297,0.3666666670000001,0.6333333329999999,0,75.0,0.0,0.131578947,0.0,0
0,2,79,1342641,0,0,2322,0.8860759490000001,0.113924051,0,66.66666667,0.0,0.666666667,0.0,0
1,0,13,0,0,12,3672,0.076923077,0.923076923,1,0.0,0.037037037,0.333333333,6.2,1
0,1,52,8078909,1,0,-1,0.288461538,0.711538462,0,0.0,0.0,0.027027027,0.0,0
1,5,14,10352326,0,0,7295,0.071428571,0.928571429,0,14.28571429,0.035714286,0.846153846,0.0,1
1,5,22,0,0,17,5626,0.181818182,0.818181818,1,25.0,0.04,0.277777778,7.666666667,1
0,6,76,2460,1,13,7915,0.210526316,0.7894736840000001,0,20.0,0.0,0.133333333,6.166666667,0
0,5,100,395589,1,8,3213,0.53,0.47,0,18.42105263,0.028985507,0.063829787,5.833333333,0
0,4,18,11312,1,3,-1,0.5,0.5,0,0.0,0.0,0.7777777779999999,2.666666667,0
1,4,54,541454,1,12,2305,0.648148148,0.351851852,0,0.0,0.0,0.0,7.333333333,1
1,0,22,0,0,8,2188,1.0,0.0,0,0.0,0.0,0.0,6.0,0
0,5,97,178542,1,9,11039,0.969072165,0.030927835,0,25.0,0.0,0.0,7.0,0
1,0,25,0,0,22,-1,0.16,0.84,3,30.76923077,0.195348837,0.428571429,6.7407407410000015,1
1,0,23,0,1,6,595,1.0,0.0,0,100.0,0.0,0.0,4.5,1
1,2,16,0,0,13,5674,0.1875,0.8125,1,0.0,0.009708738,0.0,5.75,1
0,4,40,1212797,1,0,8369,0.825,0.175,0,33.33333333,0.0,0.0,0.0,0
0,7,440,12,0,8,7132,0.9,0.1,0,66.91729323,0.0,0.522727273,6.0,0
0,3,21,246250,1,8,3639,0.904761905,0.095238095,0,84.61538462,0.0,1.0,8.0,0
1,0,4,0,0,11,-1,1.0,0.0,0,100.0,0.0,0.0,5.333333333,1
1,5,14,0,0,0,5616,0.214285714,0.7857142859999999,0,16.66666667,0.130434783,0.090909091,0.0,1
1,1,56,0,1,9,-1,1.0,0.0,0,0.0,0.0,0.0,5.0,1
1,5,36,0,0,4,7297,0.166666667,0.833333333,0,15.38461538,0.1,0.266666667,3.6,1
1,0,0,0,1,40,1096,0.0,0.0,2,0.0,0.275510204,0.0,12.15384615,1
0,1,16,0,1,0,-1,0.0,1.0,0,0.0,0.0,0.0,0.0,0
1,2,73,0,0,13,4752,1.0,0.0,1,100.0,0.0,0.0,5.571428571,1
1,0,16,0,0,9,1250,0.9375,0.0625,3,100.0,0.0,0.0,5.1111111110000005,1
1,0,50,0,0,75,-1,0.54,0.46,1,41.66666667,0.333333333,0.347826087,40.5,1
1,0,51,0,0,38,1086,0.254901961,0.745098039,1,39.28571429,0.402116402,0.210526316,22.57142857,1
1,5,21,0,1,10,5122,0.19047619,0.80952381,0,0.0,0.0,0.352941176,5.8,0
1,2,0,8119106,0,15,-1,0.0,0.0,0,0.0,0.178082192,0.0,4.666666667,1
1,1,96,1038201,0,9,3320,0.989583333,0.010416667,0,100.0,0.115942029,0.0,4.428571429,1
1,0,10,0,0,0,-1,0.3,0.7,1,0.0,0.0,0.571428571,0.0,1
0,5,237,0,0,0,7296,0.126582278,0.873417722,0,12.79069767,0.0,0.222222222,0.0,0
1,0,4,5816617,0,17,4003,1.0,0.0,0,100.0,0.141666667,0.0,7.375,1
1,3,0,578487,0,8,5021,0.0,0.0,1,0.0,0.0,0.0,6.333333333,1
0,4,188,76289,1,0,6655,0.909574468,0.090425532,0,44.0,0.0,0.117647059,0.0,0
1,0,73,0,1,10,227,0.410958904,0.589041096,1,37.5,0.0,0.0,7.0,1
1,4,61,377801,1,10,3452,1.0,0.0,0,0.0,0.0,0.0,5.846153846,0
1,2,11,0,1,7,4508,0.818181818,0.181818182,0,100.0,0.0,0.0,5.25,0
1,0,88,0,0,12,4379,0.7840909090000001,0.215909091,0,65.38461538,0.0,0.368421053,5.8,1
0,4,319,632846,1,0,4319,0.946708464,0.053291536,0,53.33333333,0.0,0.411764706,0.0,0
0,4,43,84541,1,0,4097,0.88372093,0.11627907,0,0.0,0.0,0.0,0.0,0
1,0,14,0,0,8,2713,0.857142857,0.142857143,4,0.0,0.0,0.0,4.5625,1
1,4,50,436109,1,8,5087,0.22,0.78,0,0.0,0.0,0.179487179,5.5,0
1,3,79,0,1,8,-1,0.987341772,0.012658228,0,50.0,0.0,0.0,6.0,0
1,2,2,0,1,14,3317,0.5,0.5,1,0.0,0.0,1.0,9.5,1
0,6,21,6004,1,10,2847,0.6190476189999999,0.380952381,0,20.0,0.0,0.125,6.5,0
1,1,103,279484,0,0,6253,0.932038835,0.067961165,0,0.0,0.064516129,0.285714286,0.0,1
1,5,0,0,0,5,5627,0.0,0.0,0,0.0,0.242857143,0.0,3.333333333,1
1,6,146,125062,0,6,2122,0.267123288,0.732876712,0,26.92307692,0.0,0.028037383,6.0,1
0,3,162,81417,0,0,4182,0.944444444,0.055555556,0,10.0,0.0,0.0,0.0,0
1,2,0,393662,0,7,-1,0.0,0.0,0,0.0,0.0,0.0,4.5,1
0,3,168,838069,1,9,3962,1.0,0.0,0,0.0,0.0,0.0,6.6,0
1,0,148,0,1,7,-1,0.567567568,0.432432432,1,10.9375,0.204081633,0.390625,3.666666667,1
0,5,28,77303,0,7,7989,0.8214285709999999,0.1785714289999999,0,44.44444444,0.0,0.6,6.0,0
1,0,0,0,0,5,3381,0.0,0.0,0,0.0,0.086956522,0.0,4.5,1
1,0,4,0,0,5,1837,1.0,0.0,0,100.0,0.254545455,0.0,4.4,1
0,1,131,1127025,0,0,2442,0.687022901,0.312977099,0,69.23076923,0.0,0.12195122,0.0,1
1,2,206,0,0,32,-1,0.160194175,0.839805825,0,25.80645161,0.350515464,0.0,9.0,1
1,0,9,0,0,32,1453,0.333333333,0.666666667,0,0.0,0.20952381,0.0,11.0,1
1,5,0,0,0,0,5613,0.0,0.0,0,0.0,0.09375,0.0,0.0,1
0,5,144,1579,0,13,8047,0.875,0.125,0,31.57894737,0.00990099,0.222222222,6.888888889,0
0,3,95,325437,1,0,3385,0.905263158,0.094736842,0,50.0,0.0,0.0,0.0,0
0,6,33,82502,1,0,-1,0.666666667,0.333333333,0,42.85714286,0.0,0.090909091,0.0,0
0,5,78,2264,1,13,7199,0.935897436,0.064102564,0,100.0,0.0,0.0,6.5,0
1,0,0,0,1,11,620,0.0,0.0,0,0.0,0.0,0.0,6.5,1
1,2,31,4639,0,11,1546,0.225806452,0.774193548,0,4.347826087,0.161290323,0.125,5.0,1
1,1,10,5376297,1,7,157,0.9,0.1,2,0.0,0.0,0.0,4.75,1
0,6,193,688,1,10,6256,0.85492228,0.14507772,0,53.33333333,0.0,0.0,10.0,0
1,0,51,5707171,0,17,3992,1.0,0.0,0,100.0,0.136,0.0,8.142857142999999,1
0,5,0,1943,1,7,12873,0.0,0.0,0,0.0,0.05,0.0,5.4,0
1,0,33,0,1,32,2105,0.787878788,0.212121212,0,71.42857143,0.188118812,0.0,13.0,1
1,3,898,1100689,1,9,4661,0.974387528,0.025612472,0,53.84615385,0.0873015869999999,0.043478261,4.0,0
1,8,5,115,1,11,5160,0.4,0.6,0,0.0,0.148648649,0.666666667,4.2,0
1,3,0,4365,0,10,1953,0.0,0.0,0,0.0,0.074074074,0.0,9.0,1
1,7,180,12,0,8,7130,0.944444444,0.055555556,0,65.51724138,0.0,0.1,6.0,0
0,0,70,0,0,0,607,0.114285714,0.8857142859999999,0,0.0,0.0,0.790322581,0.0,1
1,0,4,0,0,32,-1,1.0,0.0,4,100.0,0.179245283,0.0,7.555555556,1
1,5,21,0,0,7,5616,0.19047619,0.80952381,3,25.0,0.058823529,0.176470588,3.75,1
1,1,63,0,0,10,785,0.6984126979999999,0.301587302,1,21.73913043,0.0,0.105263158,6.5,1
0,4,16,0,1,0,1863,0.625,0.375,0,66.66666667,0.045454545,0.0,0.0,0
1,1,21,0,2,40,1692,0.904761905,0.095238095,1,100.0,0.221518987,0.0,20.33333333,1
0,5,108,38621,1,9,4054,0.907407407,0.092592593,0,0.0,0.0,0.2,5.666666667,0
1,0,51,5707171,0,15,3992,1.0,0.0,0,100.0,0.147058824,0.0,8.5,1
1,0,4,0,0,7,-1,1.0,0.0,1,0.0,0.210526316,0.0,4.1,1
1,0,51,5697976,0,17,3992,1.0,0.0,0,100.0,0.13559322,0.0,7.375,1
1,3,6,0,1,13,4608,0.333333333,0.666666667,5,0.0,0.0,0.0,5.692307692000001,1
0,5,175,0,0,0,7297,0.491428571,0.508571429,0,66.98113208,0.0,0.325842697,0.0,0
1,6,86,939,1,12,7909,0.953488372,0.046511628,0,71.42857143,0.109375,0.0,7.0,0
1,0,7,0,1,30,3,0.857142857,0.142857143,1,0.0,0.054852321,1.0,12.33333333,1
0,5,424,204101,1,9,6339,0.983490566,0.016509434,0,53.33333333,0.0,0.428571429,5.2,0
0,2,54,5697494,0,0,7424,0.7222222220000001,0.277777778,0,33.33333333,0.0,0.066666667,0.0,0
1,5,22,0,0,7,5615,0.181818182,0.818181818,3,25.0,0.046153846,0.166666667,3.5,1
1,0,26,0,0,18,4522,0.7692307690000001,0.230769231,0,100.0,0.025641026,0.0,7.2,1
1,3,0,4365,0,10,1953,0.0,0.0,0,0.0,0.037735849,0.0,9.0,1
1,0,2,0,0,3,-1,0.5,0.5,0,0.0,0.5,1.0,2.75,1
0,5,403,6330,0,5,6225,0.7866004959999999,0.213399504,0,25.86206897,0.0,0.162790698,4.5,0
0,5,83,2188,0,10,7615,0.5542168670000001,0.445783133,0,58.33333333,0.0,0.054054054,6.666666667,0
1,0,129,0,0,9,2,0.682170543,0.317829457,0,25.0,0.0779220779999999,0.12195122,6.0,1
1,3,0,685801,0,0,3363,0.0,0.0,0,0.0,0.0,0.0,0.0,1
1,5,263,148846,1,12,9033,0.901140684,0.098859316,0,91.83673469,0.0,0.115384615,8.666666667000001,0
1,7,0,632001,0,29,2520,0.0,0.0,0,0.0,0.063829787,0.0,15.0,1
1,0,11,4509050,1,5,-1,1.0,0.0,1,100.0,0.0,0.0,3.777777778,1
1,0,14,0,0,9,33,1.0,0.0,0,0.0,0.0,0.0,6.666666667,1
1,2,32,4669,0,8,1546,0.75,0.25,1,60.0,0.104651163,0.125,5.0,1
1,1,43,2145026,1,147,1615,0.558139535,0.441860465,3,14.28571429,0.046808511,0.421052632,18.0,1
1,0,87,0,0,11,326,0.034482759,0.965517241,0,2.43902439,0.0,0.119047619,5.833333333,1
0,0,45,0,0,0,-1,1.0,0.0,0,0.0,0.1578947369999999,0.0,0.0,1
1,0,1,0,0,75,5964,1.0,0.0,0,0.0,0.25,0.0,29.66666667,1
0,3,209,197464,1,7,2060,0.918660287,0.081339713,0,25.0,0.0161290319999999,0.058823529,4.833333333,0
1,5,190,11507,1,10,6900,0.6315789470000001,0.368421053,0,10.60606061,0.043478261,0.0,8.0,0
1,0,4,5816617,0,15,4003,1.0,0.0,0,100.0,0.161764706,0.0,8.5,1
0,5,39,86075,1,9,5910,0.564102564,0.435897436,0,82.25806452,0.0,0.352941176,6.333333333,0
1,3,4,4657,0,0,1967,0.25,0.75,0,0.0,0.233333333,0.0,0.0,1
1,3,1,18263,0,11,7086,0.0,1.0,0,0.0,0.102564103,0.0,4.375,1
0,4,60,54473,1,13,2229,0.983333333,0.016666667,1,100.0,0.075471698,0.0,7.0,0
1,0,20,0,0,22,-1,1.0,0.0,0,0.0,0.284552846,0.0,15.66666667,1
1,4,26,2897450,0,46,8019,0.115384615,0.884615385,0,0.0,0.053030303,0.0,9.777777778,1
0,5,199,3990,1,9,7841,0.924623116,0.075376884,0,0.0,0.0,0.066666667,5.833333333,0
0,4,143,2974,1,0,5527,0.8531468529999999,0.146853147,0,36.66666667,0.0,0.380952381,0.0,0
0,2,21,5663319,1,0,-1,0.761904762,0.238095238,0,54.54545455,0.0,0.2,0.0,0
0,0,16,3128353,1,12,-1,0.5625,0.4375,1,100.0,0.0,0.0,5.7,1
1,3,0,7105475,1,10,502,0.0,0.0,2,0.0,0.042253521,0.0,6.833333333,1
0,5,101,803787,1,0,-1,0.821782178,0.178217822,0,0.0,0.0,0.0,0.0,0
0,3,9,124500,1,9,4275,0.444444444,0.5555555560000001,0,0.0,0.0,0.0,5.0,1
0,8,217,236,0,16,8991,1.0,0.0,0,100.0,0.0,0.0,11.5,0
0,1,51,4898186,0,0,2271,0.764705882,0.235294118,0,83.33333333,0.0,0.166666667,0.0,0
0,5,63,10118,0,9,5014,0.793650794,0.206349206,1,84.21052632,0.0,0.153846154,5.266666667,0
1,3,87,0,0,13,-1,0.344827586,0.655172414,1,32.3943662,0.0,0.701754386,6.25,1
0,3,219,28224,1,0,3144,0.98630137,0.01369863,0,75.0,0.0,0.333333333,0.0,0
1,0,26,6651974,1,32,4036,0.884615385,0.115384615,0,100.0,0.285714286,0.0,13.33333333,1
0,7,180,1518,0,10,5797,0.683333333,0.316666667,0,8.695652174,0.15625,0.280701754,3.777777778,0
0,4,206,903902,0,11,4462,0.839805825,0.160194175,0,47.16981132,0.0493827159999999,0.363636364,6.833333333,0
0,4,2,0,1,11,3934,1.0,0.0,0,0.0,0.081632653,0.0,7.5,0
1,1,15,79863,0,4,-1,0.666666667,0.333333333,0,100.0,0.034482759,0.0,3.5,1
1,1,0,0,0,32,4377,0.0,0.0,0,0.0,0.192307692,0.0,13.25,1
1,0,0,0,1,5,3329,0.0,0.0,0,0.0,0.0,0.0,3.5,1
0,4,141,23490,1,11,8881,0.985815603,0.014184397,0,50.0,0.055555556,0.5,8.0,0
1,1,0,0,0,2,3753,0.0,0.0,1,0.0,0.0,0.0,2.0,1
0,0,32,0,0,44,254,0.59375,0.40625,0,0.0,0.071428571,0.153846154,9.142857143,1
1,2,0,6720896,0,6,-1,0.0,0.0,0,0.0,0.0,0.0,4.333333333,1
1,2,36,4669,0,10,1546,0.916666667,0.083333333,0,80.0,0.08974359,0.0,7.0,1
0,5,139,53113,1,10,-1,0.7985611509999999,0.201438849,0,18.18181818,0.0,0.392857143,7.8,0
0,4,62,1766695,1,0,2968,0.483870968,0.516129032,0,42.85714286,0.0,0.0,0.0,0
1,0,3,0,0,13,330,1.0,0.0,2,0.0,0.0,0.0,5.333333333,1
0,5,132,56709,1,8,4782,0.96969697,0.03030303,0,90.90909091,0.02,0.25,5.0,0
1,0,51,1963491,0,32,1669,0.588235294,0.411764706,0,100.0,0.346456693,0.095238095,8.666666667000001,1
0,2,330,2879434,1,0,-1,0.63030303,0.36969697,0,3.278688525,0.0,0.016393443,0.0,0
1,4,0,43198,2,10,8319,0.0,0.0,1,0.0,0.0,0.0,5.533333333,0
0,5,27,56231,0,12,9171,0.4074074070000001,0.592592593,0,0.0,0.071428571,0.0625,5.833333333,0
0,2,22,0,0,0,1440,0.409090909,0.590909091,0,0.0,0.0,0.0,0.0,0
0,6,180,689,1,12,6257,0.838888889,0.161111111,0,50.0,0.0,0.0,12.0,0
1,5,62,7303,0,13,7714,0.7419354840000001,0.258064516,0,40.0,0.075757576,0.125,7.2,0
1,0,13,0,1,13,4212,0.615384615,0.384615385,0,100.0,0.0,0.0,6.0,1
1,0,25,7864522,0,13,454,0.84,0.16,0,100.0,0.075949367,0.0,7.666666667,1
0,6,87,15941,0,8,3573,0.310344828,0.689655172,0,18.03278689,0.0,0.8,6.333333333,0
0,5,9,32,0,41,7764,0.0,1.0,1,0.0,0.060606061,0.0,17.0,1
0,5,64,5460,0,7,4739,0.65625,0.34375,0,41.17647059,0.0,0.0,4.545454545,0
0,0,172,0,1,6,2674,0.453488372,0.546511628,1,18.60465116,0.0,0.70212766,3.333333333,1
0,4,220,2878564,0,13,2796,1.0,0.0,0,100.0,0.079646018,0.0,5.0,0
1,5,0,14605,0,7,8916,0.0,0.0,1,0.0,0.0,0.0,6.75,1
1,1,103,469319,0,0,6818,0.932038835,0.067961165,0,0.0,0.133333333,0.285714286,0.0,1
0,5,189,815305,0,7,8941,0.079365079,0.920634921,0,6.951871658,0.0,0.5459770110000001,6.5,0
0,5,96,2900,1,11,4491,0.9375,0.0625,0,72.72727273,0.0,0.0,6.5,0
0,2,100,0,0,0,4987,0.91,0.09,0,38.46153846,0.0,0.444444444,0.0,0
0,6,83,574,1,6,5333,0.469879518,0.5301204820000001,0,33.33333333,0.096153846,0.113636364,5.0,0
0,6,18,7856,0,12,8012,0.388888889,0.611111111,0,37.5,0.056,0.090909091,5.8,0
1,3,155,0,0,9,3140,0.941935484,0.058064516,1,60.0,0.06,0.444444444,5.75,1
1,0,0,0,1,6,4178,0.0,0.0,2,0.0,0.0,0.0,3.5,1
0,7,2935,12,0,4,7130,0.8872231690000001,0.112776831,0,71.82978723,0.0,0.099697885,3.666666667,0
0,5,61,52443,1,10,7336,0.983606557,0.016393443,0,97.14285714,0.0,0.0,7.666666667,0
0,5,62,3638733,0,0,7298,0.435483871,0.564516129,0,76.19047619,0.0,0.314285714,0.0,0
1,5,23,2578,1,17,12238,0.6521739129999999,0.347826087,0,50.0,0.0,0.125,8.666666667000001,0
1,4,49,0,0,8,2805,0.510204082,0.489795918,0,75.0,0.0,0.041666667,5.666666667,0
0,1,38,0,1,0,-1,0.7105263159999999,0.289473684,0,60.0,0.0,0.181818182,0.0,0
0,7,175,12,0,8,7133,0.925714286,0.074285714,0,65.78947368,0.0,0.384615385,5.666666667,0
1,0,8,0,0,13,1543,1.0,0.0,3,0.0,0.091836735,0.0,4.7241379310000005,1
0,10,69,35,1,8,5895,1.0,0.0,0,0.0,0.0,0.0,8.0,0
1,2,0,0,0,3,-1,0.0,0.0,0,0.0,0.0,0.0,3.0,1
0,0,10,3727610,0,2,3112,1.0,0.0,0,0.0,0.0,0.0,2.0,1
0,0,28,7383488,1,0,91,0.7142857140000001,0.285714286,0,100.0,0.0,0.25,0.0,1
1,4,0,353569,0,14,8875,0.0,0.0,0,0.0,0.09,0.0,6.272727272999999,0
1,2,13,2475593,0,7,-2,0.461538462,0.538461538,1,0.0,0.0,0.285714286,4.0,1
0,3,68,1225906,1,0,2740,0.705882353,0.294117647,0,23.07692308,0.0,0.25,0.0,0
0,10,53,8,1,3,8519,0.622641509,0.377358491,0,80.0,0.035714286,0.0,3.0,0
1,0,51,5707171,0,17,3993,1.0,0.0,0,100.0,0.192,0.0,8.142857142999999,1
0,4,22,1433036,1,0,4493,0.909090909,0.090909091,0,96.15384615,0.0,1.0,0.0,0
1,4,246,40489,0,15,-1,0.467479675,0.532520325,0,0.0,0.0,0.114503817,15.0,0
0,4,98,325865,1,0,5855,0.8979591840000001,0.102040816,0,0.0,0.0,0.0,0.0,0
0,4,92,3862928,1,0,3952,0.97826087,0.02173913,1,0.0,0.0,0.5,0.0,0
1,2,16,4439212,0,11,-1,0.625,0.375,1,0.0,0.075949367,0.333333333,5.0,1
1,0,50,0,0,75,-1,0.54,0.46,1,41.66666667,0.319148936,0.347826087,40.5,1
1,2,0,0,0,5,-1,0.0,0.0,0,0.0,0.0,0.0,3.333333333,1
1,0,4,5828815,0,17,4003,1.0,0.0,0,100.0,0.168067227,0.0,7.375,1
1,2,23,0,0,0,819,1.0,0.0,0,100.0,0.040816327,0.0,0.0,1
0,0,6,0,0,0,672,1.0,0.0,0,0.0,0.0,0.0,0.0,1
0,4,116,2139,1,0,5451,0.620689655,0.379310345,0,40.625,0.0,0.045454545,0.0,0
1,0,0,0,0,10,145,0.0,0.0,1,0.0,0.116883117,0.0,5.333333333,1
1,0,27,0,1,3,7,1.0,0.0,0,100.0,0.0,0.0,3.0,1
1,2,23,0,0,300,804,1.0,0.0,1,100.0,0.1558441559999999,0.0,47.71428571,1
0,4,30,0,0,0,5904,1.0,0.0,0,100.0,0.0,0.0,0.0,0
1,3,62,62156,1,10,5200,0.822580645,0.177419355,0,25.0,0.081081081,0.0,6.833333333,0
0,5,109,146147,0,0,-1,0.917431193,0.082568807,0,88.88888889,0.0,0.111111111,0.0,0
0,7,169,12,0,5,7130,0.940828402,0.059171598,0,67.74193548,0.0,0.4,4.333333333,0
1,0,15,1617573,0,12,5376,0.933333333,0.066666667,0,0.0,0.3384615379999999,0.0,5.428571429,1
1,4,13,24006,0,4,5208,0.692307692,0.307692308,0,0.0,0.0,0.0,4.0,1
0,5,33,9158,1,0,5800,0.303030303,0.696969697,0,22.22222222,0.0,0.260869565,0.0,0
0,4,180,25939,1,9,9178,0.316666667,0.683333333,0,10.4,0.0,0.040650407,9.0,0
0,3,170,175929,1,6,6931,0.870588235,0.129411765,0,69.23076923,0.0,0.1363636359999999,4.285714286,0
1,4,7,0,0,46,8018,0.0,1.0,0,0.0,0.079365079,0.0,8.3,1
0,5,0,19173,0,15,8751,0.0,0.0,0,0.0,0.0,0.0,7.142857143,0
0,3,454,283700,1,0,3289,0.980176211,0.019823789,0,94.0,0.0,0.222222222,0.0,0
1,4,44,3128738,0,5,-1,0.545454545,0.454545455,0,100.0,0.052631579,0.1,5.0,1
1,5,21,0,0,15,5616,0.19047619,0.80952381,0,25.0,0.090909091,0.176470588,9.5,1
0,6,151,10619,1,9,7835,0.920529801,0.079470199,1,20.0,0.057971014,0.166666667,5.285714286,0
1,5,14,10238442,0,0,7295,0.071428571,0.928571429,0,14.28571429,0.033333333,0.846153846,0.0,1
1,1,12,0,1,7,4197,0.333333333,0.666666667,2,22.22222222,0.092105263,0.375,3.818181818,1
0,0,15,3722367,0,0,1468,0.533333333,0.466666667,0,80.0,0.107142857,0.142857143,0.0,0
1,1,0,0,0,13,4250,0.0,0.0,0,0.0,0.0,0.0,9.0,1
0,3,51,1230682,0,7,3108,0.666666667,0.333333333,0,50.0,0.011764706,0.235294118,4.5,0
1,1,0,1137000,0,10,-1,0.0,0.0,0,0.0,0.042253521,0.0,6.0,1
1,0,53,0,0,8,4261,0.698113208,0.301886792,3,20.0,0.0,0.1875,5.75,1
1,1,0,0,1,7,4519,0.0,0.0,3,0.0,0.0,0.0,4.0,1
1,2,28,0,0,5,4004,1.0,0.0,4,100.0,0.0,0.0,3.0,1
0,5,45,86462,1,7,5913,0.488888889,0.5111111110000001,0,65.11627907,0.0,0.304347826,4.0,0
1,5,0,65780,0,8,-1,0.0,0.0,0,0.0,0.034482759,0.0,5.0,0
0,4,57,158056,1,0,3759,0.666666667,0.333333333,0,23.52941176,0.0,0.052631579,0.0,0
0,7,549,12,0,10,7133,0.947176685,0.052823315,0,65.06024096,0.0,0.344827586,7.5,0
0,4,12,457648,1,8,5407,0.4166666670000001,0.583333333,0,66.66666667,0.0,0.142857143,4.75,0
0,4,58,141124,0,0,-1,0.568965517,0.431034483,0,70.0,0.0,0.0,0.0,0
0,3,11,828436,1,0,5208,0.545454545,0.454545455,0,0.0,0.0,0.0,0.0,0
0,4,23,840734,0,7,2619,0.826086957,0.173913043,0,40.0,0.090909091,0.0,4.8,0
0,2,92,1817866,1,12,-1,0.891304348,0.108695652,0,66.66666667,0.0,0.0,8.0,0
0,1,39,0,1,0,-1,0.923076923,0.076923077,0,60.0,0.0,0.333333333,0.0,0
0,3,66,876586,1,12,6304,0.378787879,0.621212121,0,53.84615385,0.066666667,0.146341463,6.3,0
1,1,103,8386524,0,0,7128,0.932038835,0.067961165,0,0.0,0.02173913,0.285714286,0.0,1
1,6,255,600,1,12,7835,0.760784314,0.239215686,0,24.0,0.03030303,0.245901639,10.66666667,0
1,0,587,0,1,8,3245,0.969335605,0.030664395,1,96.91780822,0.0,0.055555556,5.5,1
0,4,24,0,1,0,-1,0.875,0.125,0,0.0,0.0,0.333333333,0.0,0
1,0,0,0,0,7,143,0.0,0.0,0,0.0,0.0,0.0,5.333333333,1
0,3,15,2280470,1,10,6944,0.333333333,0.666666667,0,0.0,0.0,0.3,8.5,0
0,2,78,462435,1,0,2332,0.935897436,0.064102564,0,90.0,0.0,0.2,0.0,0
0,5,161,0,0,0,7298,0.7018633540000001,0.298136646,0,88.33333333,0.0,0.1875,0.0,0
1,4,21,3612,0,0,8093,0.428571429,0.571428571,0,0.0,0.125,0.75,0.0,1
0,3,95,654119,1,0,2303,0.757894737,0.242105263,0,34.28571429,0.0,0.086956522,0.0,0
0,4,299,6688,1,24,2751,0.989966555,0.010033445,0,0.0,0.0,0.0,11.66666667,0
1,0,30,0,0,7,6342,0.466666667,0.533333333,3,63.15789474,0.0,0.3125,5.0,1
1,2,30,0,0,32,5767,0.966666667,0.033333333,0,100.0,0.246753247,0.0,14.66666667,1
0,6,94,3346,1,10,9047,0.723404255,0.276595745,0,73.91304348,0.0,0.0,7.0,0
0,4,69,121741,1,11,5166,0.942028986,0.057971014,0,25.0,0.0,0.0,7.5,0
0,3,126,1355602,1,0,5071,0.8888888890000001,0.111111111,0,0.0,0.0,0.5,0.0,0
0,4,32,436286,0,11,2310,0.25,0.75,0,21.05263158,0.0,0.041666667,8.666666667000001,0
0,2,62,1294925,1,0,1472,0.822580645,0.177419355,0,66.66666667,0.0,0.181818182,0.0,0
0,8,165,136,1,16,5223,0.727272727,0.272727273,0,42.55319149,0.126984127,0.066666667,6.4,0
0,2,24,0,1,0,2374,0.708333333,0.291666667,0,20.0,0.0,0.285714286,0.0,0
1,0,0,0,0,11,1975,0.0,0.0,0,0.0,0.0,0.0,5.333333333,1
1,0,51,5707171,1,17,3993,1.0,0.0,0,100.0,0.1755725189999999,0.0,7.375,1
1,2,15,2070267,1,9,5311,0.666666667,0.333333333,0,0.0,0.0,0.4,9.0,1
0,4,201,109257,1,0,-1,0.930348259,0.069651741,0,29.41176471,0.0,0.214285714,0.0,0
0,5,171,323394,0,7,5062,0.935672515,0.064327485,0,81.08108108,0.0,0.0,6.0,0
1,7,4,309382,0,11,2139,0.0,1.0,0,0.0,0.0,0.0,6.2,1
1,4,284,482006,1,7,6672,0.8732394370000001,0.126760563,0,15.15151515,0.0,0.361111111,5.5,0
1,3,6,309153,0,4,8922,0.5,0.5,0,0.0,0.0,0.0,3.5,1
0,4,42,499165,1,0,-1,0.523809524,0.476190476,0,31.25,0.0,0.35,0.0,0
0,4,42,218745,0,9,-1,0.880952381,0.119047619,0,71.42857143,0.0,0.2,6.666666667,0
1,2,0,0,0,6,2310,0.0,0.0,2,0.0,0.0,0.0,5.75,1
0,3,50,9482009,0,0,3153,0.86,0.14,0,0.0,0.0,0.0,0.0,0
1,10,0,1,1,16,8347,0.0,0.0,5,0.0,0.031847134,0.0,5.545454545,1
1,2,30,3512368,0,7,1497,0.933333333,0.066666667,1,0.0,0.0,0.0,4.25,1
1,0,7,0,0,7,-1,1.0,0.0,1,0.0,0.257142857,0.0,3.666666667,1
1,5,22,0,0,7,5615,0.181818182,0.818181818,2,25.0,0.350877193,0.166666667,4.5,1
0,6,178,12421,1,4,8145,0.662921348,0.337078652,0,66.66666667,0.0,0.15,3.0,0
0,2,142,0,1,0,3704,0.316901408,0.683098592,0,16.66666667,0.0,0.030927835,0.0,0
0,3,22,970759,1,0,8220,0.636363636,0.363636364,0,62.5,0.0,0.0,0.0,0
0,5,262,2202,1,10,7196,0.980916031,0.019083969,0,100.0,0.0,0.0,5.0,0
0,0,32,0,1,0,975,0.0,1.0,0,0.0,0.0,0.0,0.0,0
1,1,4,399894,0,8,1841,1.0,0.0,2,100.0,0.0,0.0,5.5,1
0,7,372,12,0,13,7130,0.97311828,0.02688172,0,73.68421053,0.0,0.5,7.25,0
1,4,63,23325,0,9,2587,0.6190476189999999,0.380952381,0,66.66666667,0.325471698,0.0,2.236363636,1
1,5,22,0,1,0,5627,0.181818182,0.818181818,0,25.0,0.094339623,0.277777778,0.0,1
0,4,26,4090060,1,3,-1,0.269230769,0.7307692309999999,0,0.0,0.0,0.0,3.0,0
0,5,100,0,0,0,7296,0.09,0.91,0,10.29411765,0.0,0.549450549,0.0,0
1,3,13,567796,0,0,6170,0.0,1.0,1,100.0,0.206896552,0.0,0.0,1
1,0,14,0,0,10,265,0.642857143,0.357142857,0,50.0,0.0,0.0,5.6,1
1,5,14,0,0,0,7295,0.071428571,0.928571429,1,14.28571429,0.0,0.846153846,0.0,1
0,3,82,525784,0,0,3036,0.87804878,0.12195122,0,16.66666667,0.0,0.0,0.0,0
0,3,451,596396,1,0,4789,0.988913525,0.011086475,0,100.0,0.0,0.0,0.0,0
1,5,140,25149,1,11,6245,0.3,0.7,1,9.722222222,0.0,0.591836735,6.0,0
0,0,38,0,0,40,193,0.7894736840000001,0.210526316,0,0.0,0.104166667,0.5,10.66666667,1
0,2,43,0,1,7,-1,0.441860465,0.558139535,0,11.11111111,0.0,0.375,5.0,0
1,1,0,2151511,0,5,834,0.0,0.0,0,0.0,0.0,0.0,4.5,1
0,4,161,494382,1,2,-1,0.7888198759999999,0.211180124,0,47.22222222,0.0,0.205882353,2.0,0
0,5,8,22700,1,0,6150,0.25,0.75,0,0.0,0.0,0.0,0.0,0
1,2,0,0,1,3,6061,0.0,0.0,0,0.0,0.074074074,0.0,3.0,1
0,4,82,0,0,7,6558,0.597560976,0.402439024,0,35.13513514,0.0,0.818181818,4.25,1
1,4,145,2353032,0,6,2352,0.068965517,0.931034483,0,6.024096386,0.047619048,0.133333333,6.0,1
0,0,29,0,1,8,477,0.965517241,0.034482759,0,0.0,0.055555556,0.0,4.8,1
1,0,0,0,0,10,774,0.0,0.0,1,0.0,0.138888889,0.0,6.5,1
0,2,104,3169370,0,0,44,0.423076923,0.576923077,0,62.5,0.0,0.016666667,0.0,0
0,2,8,52365,0,0,5859,0.5,0.5,0,57.14285714,0.238095238,0.0,0.0,0
0,2,51,0,0,0,2864,0.941176471,0.058823529,0,100.0,0.0,0.0,0.0,0
0,3,19,412763,1,0,8104,0.736842105,0.263157895,0,80.0,0.0,0.0,0.0,0
1,2,53,4669,0,8,1546,0.264150943,0.735849057,0,33.33333333,0.130434783,0.0,6.0,1
0,4,55,1144129,0,0,-1,0.763636364,0.236363636,0,22.22222222,0.0,0.076923077,0.0,0
1,5,68,14117,0,8,-1,0.088235294,0.911764706,0,0.0,0.0,0.161290323,5.6,0
0,10,19,1,0,5,8346,0.6315789470000001,0.368421053,0,28.57142857,0.0,0.285714286,3.25,0
1,5,22,0,0,15,5616,0.181818182,0.818181818,0,25.0,0.059701493,0.166666667,9.5,1
1,0,19,0,0,5,685,1.0,0.0,3,100.0,0.0,0.0,4.666666667,1
1,2,0,90238,0,59,-1,0.0,0.0,0,0.0,0.28125,0.0,22.0,1
0,0,13,0,0,3,626,0.307692308,0.692307692,0,0.0,0.0,0.0,2.5,1
0,5,195,982,1,8,7586,0.994871795,0.005128205,0,93.75,0.0,0.0,6.5,0
1,5,10,0,0,0,7295,0.1,0.9,0,33.33333333,0.066666667,0.7777777779999999,0.0,1
1,3,159,2336,0,6,7160,0.943396226,0.056603774,0,88.63636364,0.139534884,0.8888888890000001,4.5,0
1,2,11,4641,0,0,1535,0.545454545,0.454545455,0,0.0,0.073170732,0.4,0.0,1
1,2,0,2643194,0,10,-1,0.0,0.0,1,0.0,0.0,0.0,4.8,1
0,4,59,6420236,1,0,8165,0.745762712,0.254237288,0,40.90909091,0.0,0.533333333,0.0,0
0,4,81,434529,1,0,8493,0.7901234570000001,0.209876543,0,20.0,0.0,0.058823529,0.0,0
1,0,259,0,0,20,3826,0.223938224,0.7760617759999999,0,14.40677966,0.159663866,0.034825871,6.214285714,1
0,5,39,0,0,0,7298,0.051282051,0.948717949,0,18.18181818,0.0,0.378378378,0.0,0
0,4,350,13297,1,0,7400,0.894285714,0.105714286,0,88.20754717,0.0,0.297297297,0.0,0
0,8,60,0,0,1,5160,0.816666667,0.183333333,0,78.43137255,0.0,0.090909091,1.0,0
0,3,162,972151,1,0,-1,0.833333333,0.166666667,0,18.18181818,0.0,0.481481481,0.0,0
1,4,36,219920,1,4,9984,1.0,0.0,0,0.0,0.0,0.0,4.0,0
0,3,26,2527650,0,5,7282,0.076923077,0.923076923,0,7.142857143,0.0,0.041666667,3.666666667,1
0,2,90,628316,1,6,9103,0.9,0.1,0,74.28571429,0.0,0.222222222,6.0,0
1,0,0,0,0,11,-1,0.0,0.0,1,0.0,0.146666667,0.0,5.8,1
1,3,30,19754,0,0,5789,0.033333333,0.966666667,0,0.0,0.060606061,0.24137931,0.0,1
0,3,0,0,1,4,3555,0.0,0.0,0,0.0,0.0,0.0,4.0,0
1,0,48,0,1,32,-1,1.0,0.0,0,100.0,0.268656716,0.0,14.0,1
1,4,26,0,0,46,8018,0.115384615,0.884615385,0,0.0,0.028571429,0.0,7.166666667,1
0,5,120,11508,1,8,6986,0.95,0.05,0,72.72727273,0.0,0.0,5.666666667,0
1,0,92,0,0,75,217,0.97826087,0.02173913,0,33.33333333,0.12244898,0.0,39.0,1
1,2,0,37229,0,8,959,0.0,0.0,0,0.0,0.083333333,0.0,4.6,1
0,4,27,2742425,1,0,-1,0.814814815,0.185185185,0,66.66666667,0.0,0.0,0.0,0
0,6,180,12421,1,10,8145,0.672222222,0.327777778,0,90.90909091,0.0,0.13559322,5.25,0
1,1,34,0,0,0,3374,0.029411765,0.970588235,0,33.33333333,0.0,0.03030303,0.0,1
0,4,60,448940,1,0,5066,0.916666667,0.083333333,0,58.33333333,0.090909091,0.8,0.0,0
1,3,37,0,0,8,2048,0.378378378,0.621621622,3,50.0,0.047619048,0.260869565,5.0,1
0,5,104,0,0,0,7296,0.048076923,0.951923077,0,12.0,0.0,0.575757576,0.0,0
0,5,102,39877,1,9,5117,0.8039215690000001,0.196078431,0,0.0,0.037037037,0.05,4.666666667,0
0,5,1,8832,1,8,6860,1.0,0.0,0,0.0,0.0,0.0,8.0,0
1,7,197,1696,1,11,7562,0.766497462,0.233502538,0,64.28571429,0.107142857,0.52173913,8.333333332999999,0
0,3,163,533432,0,9,-1,0.36196319,0.63803681,1,9.473684211,0.0,0.230769231,5.0,1
0,3,123,0,1,0,-1,0.975609756,0.024390244,0,50.0,0.0,0.333333333,0.0,0
1,2,11,0,0,9,2199,1.0,0.0,2,100.0,0.0,0.0,5.4,1
0,3,309,2261956,0,0,-1,0.996763754,0.003236246,0,0.0,0.0,0.0,0.0,0
0,2,11,0,1,0,94,0.636363636,0.363636364,0,100.0,0.0,0.5,0.0,0
1,7,491,12,0,7,7130,0.951120163,0.048879837,0,72.09302326,0.0,0.0,5.5,0
1,3,42,0,1,6,8264,0.023809524,0.976190476,0,0.0,0.0,0.902439024,5.0,0
0,2,76,409632,1,0,3873,0.8815789470000001,0.118421053,0,78.94736842,0.0,0.111111111,0.0,0
0,5,21,127665,1,8,5576,1.0,0.0,0,0.0,0.0,0.0,6.0,0
1,0,2,0,0,10,-1,1.0,0.0,0,100.0,0.0,0.0,7.166666667,0
0,8,0,385,0,11,7448,0.0,0.0,0,0.0,0.125,0.0,5.333333333,0
1,5,21,0,0,5,5627,0.19047619,0.80952381,0,25.0,0.21875,0.294117647,4.25,1
0,4,39,2053110,1,0,4283,0.358974359,0.641025641,0,28.0,0.0,0.12,0.0,0
1,0,51,5707171,0,17,3992,1.0,0.0,0,100.0,0.182539683,0.0,8.142857142999999,1
1,0,92,0,0,75,217,0.97826087,0.02173913,1,33.33333333,0.112244898,0.0,39.0,1
0,5,81,205761,0,10,3461,0.814814815,0.185185185,0,33.33333333,0.0,0.066666667,7.2,0
1,5,21,0,0,0,7296,0.285714286,0.7142857140000001,0,0.0,0.057971014,0.0,0.0,1
1,5,99,12440,1,9,7912,0.949494949,0.050505051,0,50.0,0.08,0.0,5.5,0
0,7,159,1338,0,7,5484,0.8427672959999999,0.157232704,0,33.33333333,0.1558441559999999,0.32,4.181818182,0
0,3,217,4864847,1,10,4621,0.98156682,0.01843318,0,76.92307692,0.014705882,0.25,5.4,0
0,8,29,1512,0,6,5522,0.655172414,0.344827586,0,0.0,0.093023256,0.3,3.2,0
1,1,52,0,1,32,2113,0.615384615,0.384615385,1,0.0,0.258823529,0.35,9.5,1
1,0,0,0,1,13,-1,0.0,0.0,0,0.0,0.06,0.0,7.666666667,1
1,5,18,0,0,8,5627,0.5555555560000001,0.444444444,0,25.0,0.209876543,0.625,4.75,1
1,0,26,0,0,7,17,0.423076923,0.576923077,0,0.0,0.022222222,0.066666667,6.0,1
1,2,11,47077,0,10,5136,0.636363636,0.363636364,0,0.0,0.071428571,0.0,4.875,1
1,0,16,2301881,0,3,-1,1.0,0.0,0,0.0,0.117647059,0.0,3.0,1
0,2,121,328722,1,5,-1,0.438016529,0.561983471,1,28.20512821,0.0,0.058823529,5.0,0
1,0,16,0,1,7,3480,0.875,0.125,1,33.33333333,0.0,1.0,5.0,0
0,2,410,0,0,8,1744,1.0,0.0,2,0.0,0.0,0.0,5.0,1
0,7,0,12435,0,10,8759,0.0,0.0,0,0.0,0.08988764,0.0,5.2,0
1,1,103,3007593,0,0,7327,0.932038835,0.067961165,0,0.0,0.0,0.285714286,0.0,1
1,0,43,10419771,0,17,1064,0.906976744,0.093023256,0,33.33333333,0.0,0.5,7.222222222,1
0,4,54,364581,0,10,2452,0.222222222,0.7777777779999999,0,0.0,0.0,0.69047619,10.0,0
1,9,7,3507,0,7,-1,0.7142857140000001,0.285714286,0,33.33333333,0.045454545,0.0,7.0,1
0,10,55,2,1,4,5638,0.472727273,0.527272727,0,0.0,0.03125,0.137931034,3.5,0
0,0,7,2274330,0,0,3927,1.0,0.0,1,100.0,0.027027027,0.0,0.0,1
1,0,4,0,0,10,-1,1.0,0.0,1,100.0,0.043478261,0.0,8.0,1
1,0,0,0,1,8,5301,0.0,0.0,0,0.0,0.115384615,0.0,5.25,1
0,4,0,269852,1,7,5985,0.0,0.0,0,0.0,0.111111111,0.0,4.5,0
1,0,10,0,0,12,175,0.9,0.1,0,0.0,0.291666667,0.0,6.333333333,0
1,0,0,0,0,6,1943,0.0,0.0,2,0.0,0.0,0.0,4.25,1
0,3,55,200581,1,0,1986,0.727272727,0.272727273,0,88.57142857,0.0,0.266666667,0.0,0
1,0,10,0,1,17,531,0.9,0.1,3,0.0,0.177777778,0.0,5.8,1
1,7,17,285,1,7,7420,0.0,1.0,0,0.0,0.0,0.0,4.5,0
1,2,73,237648,0,11,2345,0.8219178079999999,0.178082192,0,46.15384615,0.0,0.384615385,9.5,0
1,0,29,0,0,12,1113,0.7241379309999999,0.275862069,0,25.0,0.257142857,0.25,4.473684211,1
0,7,81,1720,1,5,7052,0.4691358020000001,0.530864198,0,10.52631579,0.119047619,0.139534884,4.333333333,0
0,4,74,739559,1,0,4880,0.945945946,0.054054054,0,0.0,0.0,0.25,0.0,0
1,7,98,609,0,8,11554,1.0,0.0,0,100.0,0.1558441559999999,0.0,4.4,0
0,3,81,25136,1,0,1890,0.913580247,0.086419753,0,28.57142857,0.0,0.285714286,0.0,0
1,0,0,0,0,6,3756,0.0,0.0,1,0.0,0.043478261,0.0,4.0,1
0,3,31,802734,1,0,2208,0.677419355,0.322580645,0,0.0,0.074074074,0.0,0.0,0
1,4,135,0,0,7,5138,0.688888889,0.311111111,2,46.66666667,0.0,0.071428571,3.8,1
0,6,191,132,0,10,8152,0.8534031409999999,0.146596859,0,85.71428571,0.0,0.035714286,6.666666667,0
1,10,54,8,0,11,8520,0.611111111,0.388888889,0,66.66666667,0.0,0.047619048,9.5,0
0,5,22,0,0,0,5616,0.227272727,0.772727273,0,100.0,0.113636364,0.0,0.0,1
0,6,23,3210107,1,0,6062,1.0,0.0,0,0.0,0.0,0.0,0.0,0
0,10,151,8,1,10,8516,0.377483444,0.622516556,0,100.0,0.0,0.0,10.0,0
1,2,31,4669,0,0,1546,0.225806452,0.774193548,0,4.347826087,0.065217391,0.125,0.0,1
1,0,0,0,0,9,-1,0.0,0.0,0,0.0,0.0,0.0,4.5,1
1,2,0,0,0,9,4398,0.0,0.0,3,0.0,0.0,0.0,5.1428571430000005,1
0,4,174,0,0,0,-1,0.982758621,0.0172413789999999,0,50.0,0.0,0.0,0.0,0
1,2,164,9784585,1,7,4040,0.817073171,0.182926829,0,14.70588235,0.022727273,0.966666667,3.666666667,1
1,0,0,6331231,0,0,1581,0.0,0.0,2,0.0,0.08,0.0,0.0,1
0,4,97,112884,1,11,5041,0.845360825,0.154639175,0,44.44444444,0.0,0.0,6.5,0
1,4,26,0,0,40,8019,0.115384615,0.884615385,0,0.0,0.110344828,0.0,7.25,1
0,4,100,7362,0,8,5111,0.1,0.9,1,1.25,0.0625,0.177777778,4.571428571,0
1,0,46,0,0,10,1302,0.565217391,0.434782609,0,0.0,0.0,0.05,6.0,1
0,3,452,282482,1,0,-1,0.988938053,0.011061947,0,83.33333333,0.0,0.6,0.0,0
1,3,0,173291,0,10,-1,0.0,0.0,0,0.0,0.048387097,0.0,4.5,0
1,2,85,641733,1,8,-1,1.0,0.0,3,0.0,0.051724138,0.0,4.333333333,1
1,5,2,53189,0,13,6663,1.0,0.0,0,100.0,0.323232323,0.0,8.0,0
1,2,7,0,0,12,-1,0.285714286,0.7142857140000001,0,0.0,0.0,0.0,7.8,1
1,8,36,23,0,8,10674,0.916666667,0.083333333,0,50.0,0.111111111,0.333333333,4.6,0
0,4,154,4711881,0,0,2177,0.772727273,0.227272727,0,42.85714286,0.0,0.142857143,0.0,0
1,0,30,0,1,5,302,0.833333333,0.166666667,0,77.77777778,0.027027027,0.0,2.5,1
0,5,176,1324178,1,0,7505,0.897727273,0.102272727,0,60.0,0.0,0.666666667,0.0,0
1,0,51,5697976,0,17,3992,1.0,0.0,0,100.0,0.125984252,0.0,7.375,1
1,0,51,5707171,0,17,3993,1.0,0.0,0,100.0,0.067226891,0.0,7.375,1
0,8,5,0,0,1,5160,0.4,0.6,0,0.0,0.0,0.666666667,1.0,0
1,1,1,277981,0,14,2961,1.0,0.0,4,0.0,0.186868687,0.0,5.666666667,1
1,1,4,23941,0,32,724,1.0,0.0,1,100.0,0.201754386,0.0,7.625,1
1,8,10,0,0,1,5160,1.0,0.0,0,0.0,0.0,0.0,1.0,0
0,5,43,48563,1,10,7339,0.976744186,0.023255814,0,0.0,0.0,0.0,7.166666667,0
0,4,41,520131,1,9,3040,0.7560975609999999,0.243902439,0,0.0,0.050632911,0.0,4.555555556,0
1,2,0,0,1,7,7729,0.0,0.0,0,0.0,0.0,0.0,5.5,1
1,0,31,0,0,22,-1,0.483870968,0.516129032,1,0.0,0.339622642,0.4375,9.384615385,1
1,0,0,0,0,5,-1,0.0,0.0,0,0.0,0.0,0.0,4.0,1
0,1,31,0,1,0,-1,0.483870968,0.516129032,0,11.11111111,0.0,0.25,0.0,0
1,2,0,0,0,2,3620,0.0,0.0,0,0.0,0.0,0.0,2.0,1
0,5,67,570549,1,0,-1,0.925373134,0.074626866,0,28.57142857,0.0,1.0,0.0,0
0,2,17,1730088,1,0,3241,0.529411765,0.470588235,0,60.0,0.12,0.125,0.0,0
0,4,84,5220539,1,0,2364,0.773809524,0.226190476,0,42.85714286,0.0,0.105263158,0.0,0
1,5,188,11691,1,7,6904,0.6276595739999999,0.372340426,0,10.60606061,0.045454545,0.014285714,7.0,0
1,0,45,0,0,0,-1,1.0,0.0,0,0.0,0.1578947369999999,0.0,0.0,1
0,2,79,1342598,1,0,-1,0.949367089,0.050632911,0,50.0,0.0,0.0,0.0,0
1,6,8,22211,0,5,1338,1.0,0.0,0,0.0,0.181818182,0.0,4.5,1
1,6,37,54115,0,0,7634,0.756756757,0.243243243,0,0.0,0.0,0.0,0.0,1
1,4,116,17451,0,6,2130,0.620689655,0.379310345,0,78.94736842,0.0,0.045454545,6.0,0
0,10,53,8,1,7,8519,0.622641509,0.377358491,0,80.0,0.0,0.0,7.0,0
0,4,36,4303407,1,14,4209,0.333333333,0.666666667,1,23.07692308,0.0,0.125,9.2,0
1,0,0,0,0,5,2188,0.0,0.0,1,0.0,0.0,0.0,5.0,1
0,2,62,858992,0,0,-1,0.935483871,0.064516129,0,100.0,0.0,0.0,0.0,0
0,5,108,87821,1,7,6038,0.907407407,0.092592593,0,0.0,0.0,0.9,5.5,0
0,0,23,0,0,0,6510,0.869565217,0.130434783,0,66.66666667,0.0,0.666666667,0.0,0
1,2,33,4669,0,5,1546,0.272727273,0.727272727,1,4.347826087,0.096153846,0.125,4.0,1
1,2,135,250649,0,3,2348,0.748148148,0.251851852,0,53.33333333,0.025,0.5,2.0,0
1,2,1,0,1,5,6598,0.0,1.0,0,0.0,0.0,0.0,5.0,0
1,0,4,6211376,1,43,-1,1.0,0.0,1,100.0,0.217391304,0.0,17.4,1
0,7,0,5819959,0,8,5228,0.0,0.0,0,0.0,0.254545455,0.0,3.0,0
0,0,13,7809609,1,0,85,0.692307692,0.307692308,0,100.0,0.0,0.0,0.0,0
0,4,56,0,0,0,5904,0.660714286,0.339285714,0,15.38461538,0.0,0.578947368,0.0,0
0,3,271,170987,0,9,3841,0.7158671590000001,0.284132841,0,7.228915662999999,0.0,0.649350649,6.5,0
0,10,53,8,1,17,8520,0.622641509,0.377358491,0,80.0,0.0,0.0,17.0,0
0,3,110,7782791,1,0,50,0.9,0.1,0,22.22222222,0.0,0.636363636,0.0,0
1,1,0,7375648,1,9,534,0.0,0.0,0,0.0,0.020833333,0.0,6.0,1
0,5,57,33345,0,0,7299,0.3859649120000001,0.614035088,0,64.0,0.0,0.142857143,0.0,0
0,5,275,109866,1,8,5551,0.872727273,0.127272727,0,63.41463415,0.090909091,0.0,8.0,0
1,8,14,0,0,0,5160,0.857142857,0.142857143,0,0.0,0.0,0.5,0.0,0
1,0,121,0,0,10,687,0.595041322,0.404958678,1,0.0,0.048192771,0.081632653,6.857142857,1
1,7,211,1290,1,18,5509,0.962085308,0.037914692,0,68.0,0.098039216,0.75,10.0,0
0,4,259,774224,1,8,6697,0.938223938,0.061776062,0,0.0,0.0,0.0625,5.6,0
0,3,0,2693631,1,9,5182,0.0,0.0,0,0.0,0.035714286,0.0,4.933333333,0
1,2,5,0,0,0,2838,0.8,0.2,0,75.0,0.0,0.0,0.0,1
0,5,83,48945,1,8,7754,0.891566265,0.108433735,0,40.0,0.0,0.111111111,5.6,0
1,3,6,0,1,13,4609,0.333333333,0.666666667,4,0.0,0.0,0.0,5.6363636360000005,1
0,5,704,291,0,8,6337,0.670454545,0.329545455,0,1.694915254,0.0,0.051724138,6.0,0
1,2,11,0,1,8,4943,0.0,1.0,1,0.0,0.0,0.181818182,4.571428571,1
1,6,111,1316,1,11,-1,0.927927928,0.072072072,0,72.0,0.0,0.25,7.8,0
0,6,212,682,1,12,6259,0.867924528,0.132075472,0,53.33333333,0.0,0.035714286,12.0,0
0,3,326,264503,1,0,-1,0.941717791,0.058282209,0,50.0,0.0,0.210526316,0.0,0
1,4,98,1510312,1,11,6206,0.826530612,0.173469388,1,60.0,0.028571429,0.117647059,4.741935484,1
1,0,92,0,0,17,-1,0.97826087,0.02173913,2,33.33333333,0.196428571,0.0,6.142857143,1
1,0,25,7405079,0,64,2018,1.0,0.0,3,100.0,0.3495145629999999,0.0,16.0,1
0,4,0,182725,0,0,-1,0.0,0.0,0,0.0,0.0,0.0,0.0,0
0,1,23,924427,1,0,2346,0.47826087,0.52173913,0,100.0,0.0,0.0,0.0,0
0,6,94,685,1,9,9200,0.861702128,0.138297872,0,37.5,0.0,0.076923077,7.0,0
0,5,165,8686,1,11,8217,0.884848485,0.115151515,0,63.46153846,0.0,0.947368421,7.166666667,0
1,1,28,598345,0,15,2204,1.0,0.0,1,100.0,0.323529412,0.0,5.6,1
0,5,92,68739,1,0,6515,0.77173913,0.22826087,0,16.66666667,0.0,0.476190476,0.0,0
0,5,39,1269923,1,0,7535,0.7179487179999999,0.282051282,0,21.42857143,0.0,0.272727273,0.0,0
1,0,7,0,0,8,395,0.857142857,0.142857143,1,0.0,0.013513514,1.0,4.875,1
1,5,448,213286,0,9,4255,0.984375,0.015625,0,94.33962264,0.042553191,0.142857143,6.0,0
1,3,142,0,1,8,7417,0.957746479,0.042253521,1,28.57142857,0.0,0.166666667,7.5,1
0,0,237,3986413,0,0,-1,0.8016877640000001,0.198312236,0,10.41666667,0.0,0.085106383,0.0,0
1,4,0,516692,0,12,10158,0.0,0.0,0,0.0,0.25,0.0,5.1,0
0,4,14,294804,0,10,-1,0.142857143,0.857142857,0,0.0,0.0,0.4166666670000001,5.333333333,0
0,5,201,10628,0,7,6714,0.611940299,0.388059701,0,24.0,0.0,0.115384615,4.75,0
0,5,9,32,0,80,7765,0.0,1.0,0,0.0,0.022727273,0.0,20.6,1
1,0,51,2576752,0,32,1656,0.588235294,0.411764706,0,100.0,0.341269841,0.095238095,8.666666667000001,1
0,5,1,11056,1,10,5095,1.0,0.0,0,0.0,0.0,0.0,8.0,0
0,5,67,22192,1,8,8571,0.626865672,0.373134328,0,7.692307692000001,0.0,0.0,6.0,0
0,5,115,0,0,0,7296,0.2,0.8,0,32.58426966,0.0,0.52173913,0.0,0
0,2,20,983336,1,0,1759,0.4,0.6,0,0.0,0.0,0.0,0.0,0
0,5,229,988,1,4,7586,0.995633188,0.004366812,0,95.65217391,0.0,0.0,4.0,0
1,0,20,0,0,6,684,0.7,0.3,2,25.0,0.0,0.5,4.5,1
1,0,0,0,0,20,-1,0.0,0.0,0,0.0,0.010526316,0.0,9.666666667,1
1,2,0,0,1,4,570,0.0,0.0,0,0.0,0.025641026,0.0,2.333333333,1
0,3,112,1583366,0,0,-1,0.857142857,0.142857143,0,100.0,0.0,0.125,0.0,0
0,5,83,2187,0,10,7617,0.602409639,0.397590361,0,80.64516129,0.0,0.03030303,7.0,0
1,5,21,0,0,5,5616,0.19047619,0.80952381,0,25.0,0.022222222,0.176470588,4.0,1
1,2,34,0,1,13,4926,0.941176471,0.058823529,0,33.33333333,0.031746032,0.5,7.5,1
0,0,21,4473276,0,104,985,0.761904762,0.238095238,0,0.0,0.143712575,0.2,22.4,1
1,3,0,0,1,7,-1,0.0,0.0,1,0.0,0.131147541,0.0,4.5,1
1,5,0,5745,1,12,9098,0.0,0.0,0,0.0,0.29787234,0.0,5.909090909,0
0,3,117,0,1,5,-1,0.991452991,0.008547009,0,96.15384615,0.0,1.0,3.75,0
0,2,32,0,0,0,3486,0.65625,0.34375,0,73.68421053,0.0,0.0,0.0,0
1,1,31,3025118,0,16,1628,1.0,0.0,0,100.0,0.226666667,0.0,11.33333333,1
1,3,25,0,1,0,4284,0.84,0.16,0,50.0,0.0,0.25,0.0,0
0,5,6,0,0,0,7299,0.0,1.0,0,0.0,0.0,0.666666667,0.0,0
0,6,105,688,1,12,9204,0.7333333329999999,0.266666667,0,19.35483871,0.0,0.392857143,9.0,0
0,5,10,122785,1,9,5572,1.0,0.0,0,0.0,0.0,0.0,6.5,0
0,3,12,3316475,0,7,4170,0.833333333,0.166666667,0,0.0,0.140350877,0.0,3.571428571,0
1,5,0,399658,1,11,9085,0.0,0.0,1,0.0,0.0,0.0,5.5,0
1,2,19,0,0,12,3333,1.0,0.0,4,100.0,0.097938144,0.0,4.21875,1
0,4,72,107075,1,9,5249,0.75,0.25,0,66.66666667,0.0,0.0,6.5,0
1,1,0,0,0,9,5927,0.0,0.0,3,0.0,0.0,0.0,5.666666667,1
1,1,0,0,0,3,-1,0.0,0.0,0,0.0,0.0,0.0,3.0,1
0,7,495,12,0,13,7133,0.919191919,0.0808080809999999,0,73.33333333,0.0,0.5,7.75,0
1,0,6,0,0,12,-1,0.333333333,0.666666667,0,0.0,0.0,0.0,8.6,1
0,2,199,567830,1,0,-1,0.969849246,0.030150754,0,20.0,0.0,0.833333333,0.0,0
1,0,0,0,0,11,5055,0.0,0.0,1,0.0,0.0,0.0,7.333333333,1
1,10,10,1,0,18,8348,0.0,1.0,1,0.0,0.1,0.0,8.2,1
0,5,9,32,0,40,7764,0.0,1.0,0,0.0,0.045454545,0.0,17.0,1
0,5,432,0,0,0,5347,0.5069444439999999,0.493055556,0,87.5,0.0,0.051643192,0.0,0
1,9,11,3523,0,7,-1,0.272727273,0.727272727,0,0.0,0.142857143,0.0,7.0,1
1,4,280,33428,0,8,7122,0.775,0.225,0,49.29577465,0.037037037,0.444444444,4.5,0
1,5,21,0,0,38,5616,0.19047619,0.80952381,0,25.0,0.130136986,0.176470588,15.42857143,1
1,4,27,262,0,0,4484,0.7777777779999999,0.222222222,0,0.0,0.162162162,0.0,0.0,1
0,3,155,0,1,0,2600,0.683870968,0.316129032,0,0.0,0.0,0.183673469,0.0,0
1,0,9,0,0,32,3078,0.0,1.0,2,0.0,0.255102041,0.222222222,13.2,1
0,5,28,152850,1,0,-1,0.607142857,0.392857143,0,0.0,0.0,0.090909091,0.0,0
0,3,131,29000,0,0,2575,0.801526718,0.198473282,0,16.66666667,0.0,0.384615385,0.0,0
0,3,79,2019323,1,0,2131,0.569620253,0.430379747,0,50.0,0.0,0.029411765,0.0,0
1,1,15,76924,0,0,5852,0.0,1.0,0,0.0,0.0,0.266666667,0.0,1
0,5,140,1316824,1,0,-1,0.364285714,0.635714286,0,9.574468085,0.0,0.04494382,0.0,0
0,2,336,691147,1,0,2442,0.958333333,0.041666667,0,33.33333333,0.0,0.142857143,0.0,0
0,4,30,5082757,1,0,-1,0.6333333329999999,0.3666666670000001,0,14.28571429,0.0,0.272727273,0.0,0
1,0,4,0,1,11,2996,1.0,0.0,1,100.0,0.0,0.0,5.875,1
1,0,58,0,1,9,1144,0.965517241,0.034482759,1,75.0,0.0,0.0,4.8,1
1,10,119,8,0,12,8516,0.344537815,0.655462185,0,100.0,0.0,0.0,12.0,0
0,5,115,0,0,0,7299,0.130434783,0.869565217,0,7.246376812,0.0,0.44,0.0,0
0,3,39,1416073,1,11,6301,0.512820513,0.487179487,0,0.0,0.0,0.105263158,6.0,0
1,0,0,0,0,2,2306,0.0,0.0,0,0.0,0.0,0.0,2.0,1
0,5,0,32,0,112,7766,0.0,0.0,0,0.0,0.496598639,0.0,57.0,1
1,0,0,0,0,55,1323,0.0,0.0,2,0.0,0.273809524,0.0,10.625,1
1,7,55,2093,1,11,9286,0.672727273,0.327272727,0,18.75,0.076923077,0.5555555560000001,4.6,0
0,7,663,12,0,8,7130,0.950226244,0.049773756,0,74.80916031,0.0,0.606060606,6.333333333,0
0,5,223,982,1,7,7586,0.995515695,0.004484305,0,98.21428571,0.0,0.0,7.0,0
0,8,0,385,0,12,7449,0.0,0.0,0,0.0,0.114942529,0.0,5.0,0
0,5,292,15595,1,4,4577,0.97260274,0.02739726,0,68.42105263,0.0,0.125,4.0,0
0,6,268,181,1,8,5883,0.955223881,0.044776119,0,93.23308271,0.0,0.25,5.0,0
0,2,132,6629429,1,0,7451,0.909090909,0.090909091,0,0.0,0.0,0.75,0.0,0
0,0,19,0,0,0,3925,0.736842105,0.263157895,0,66.66666667,0.0,0.8,0.0,1
0,5,44,67757,1,8,5069,0.795454545,0.204545455,0,33.33333333,0.042553191,0.0,5.0,0
1,0,4,5816617,0,15,4003,1.0,0.0,0,100.0,0.147058824,0.0,8.5,1
1,0,7,0,1,39,216,0.857142857,0.142857143,0,0.0,0.224043716,1.0,5.571428571,1
1,0,5,0,1,10,2695,0.4,0.6,0,0.0,0.0,0.0,5.571428571,1
1,5,12,0,0,0,7295,0.083333333,0.916666667,0,33.33333333,0.0,0.818181818,0.0,1
0,2,392,9585,1,0,3360,0.971938776,0.028061224,0,98.59649123,0.0,0.272727273,0.0,0
1,10,28,1,0,29,8347,0.357142857,0.642857143,1,0.0,0.043859649,0.0,7.272727272999999,1
0,4,66,136512,1,10,5970,0.924242424,0.075757576,0,80.0,0.0,0.2,5.333333333,0
1,1,28,0,0,40,1492,0.8214285709999999,0.1785714289999999,0,0.0,0.260638298,0.4,7.45,1
0,3,21,242534,1,0,-1,0.333333333,0.666666667,0,20.0,0.0,0.0,0.0,0
1,0,51,5707171,0,15,3993,1.0,0.0,0,100.0,0.144927536,0.0,8.5,1
0,6,302,663,1,7,6856,0.847682119,0.152317881,0,16.66666667,0.032786885,0.043478261,5.2,0
1,0,29,9498326,0,0,88,0.24137931,0.75862069,0,4.545454545,0.065217391,0.1363636359999999,0.0,1
0,5,168,1483977,0,0,7296,0.517857143,0.482142857,0,62.12121212,0.0,0.543209877,0.0,0
0,10,25,63,0,14,7488,0.52,0.48,0,0.0,0.0,0.0,14.0,0
1,5,21,0,0,15,5615,0.19047619,0.80952381,0,25.0,0.072727273,0.176470588,9.5,1
0,5,95,10338,1,12,3515,0.842105263,0.1578947369999999,0,90.90909091,0.0,0.266666667,8.0,0
1,1,0,0,0,17,3386,0.0,0.0,0,0.0,0.169014085,0.0,4.777777778,1
1,0,13,0,0,15,-1,0.923076923,0.076923077,1,100.0,0.013605442,0.0,6.25,1
0,7,113,1000,1,11,12125,0.911504425,0.088495575,0,66.66666667,0.06741573,0.3,4.307692308,0
1,7,75,3960,0,7,8852,0.413333333,0.586666667,0,50.0,0.12244898,0.0681818179999999,5.2,0
1,0,0,0,0,10,5375,0.0,0.0,0,0.0,0.105263158,0.0,6.5,1
1,0,0,0,0,8,-1,0.0,0.0,0,0.0,0.0,0.0,6.666666667,1
1,0,11,0,0,8,-1,0.909090909,0.090909091,0,0.0,0.0,0.0,4.75,1
1,3,0,0,0,3,4322,0.0,0.0,0,0.0,0.0,0.0,2.0,1
1,4,37,0,1,9,5116,0.945945946,0.054054054,0,92.30769231,0.064516129,0.5,6.75,0
0,4,6,515929,1,0,6679,0.0,1.0,0,0.0,0.0,0.333333333,0.0,0
1,0,122,0,0,32,1710,0.254098361,0.7459016390000001,0,18.42105263,0.233766234,0.076923077,10.6,1
1,0,0,0,1,5,343,0.0,0.0,1,0.0,0.0,0.0,3.5,1
0,5,163,15117,0,8,9075,0.987730061,0.012269939,0,93.93939394,0.065217391,0.0,4.818181818,0
0,5,101,589799,0,0,7296,0.217821782,0.782178218,0,9.523809524,0.0,0.405063291,0.0,0
1,0,4,0,0,32,-1,0.75,0.25,0,0.0,0.240963855,1.0,10.8,1
1,3,0,17696,0,6,5984,0.0,0.0,0,0.0,0.212765957,0.0,4.333333333,1
0,2,94,0,0,0,-1,0.925531915,0.074468085,0,54.54545455,0.0,0.285714286,0.0,0
0,3,189,994161,1,9,1137,0.6031746029999999,0.396825397,0,37.87878788,0.0,0.0,6.5,0
0,3,107,0,1,0,-1,0.598130841,0.401869159,0,5.555555556,0.0,0.023255814,0.0,0
0,3,46,2274178,0,0,-1,0.47826087,0.52173913,0,50.0,0.0,0.083333333,0.0,0
1,0,0,0,1,8,165,0.0,0.0,0,0.0,0.032258065,0.0,8.0,1
0,3,144,2572445,1,0,4044,0.951388889,0.048611111,0,25.0,0.0,0.0,0.0,0
0,5,183,865154,1,0,-1,0.972677596,0.027322404,0,42.85714286,0.0,0.6,0.0,0
1,0,0,0,0,8,-1,0.0,0.0,0,0.0,0.107142857,0.0,5.4,1
0,0,73,0,1,80,906,0.98630137,0.01369863,0,90.90909091,0.065217391,0.0,21.4,1
0,4,4,740545,1,0,4540,1.0,0.0,0,0.0,0.0,0.0,0.0,0
0,6,112,2697,0,7,7417,0.8660714290000001,0.133928571,0,53.84615385,0.101449275,0.4,4.833333333,0
0,6,157,3768,1,8,5729,0.789808917,0.210191083,0,6.25,0.0,0.272727273,5.1428571430000005,0
0,5,45,33693,0,0,-1,0.4,0.6,0,47.22222222,0.0,0.074074074,0.0,0
0,3,29,366228,1,0,-2,0.8275862070000001,0.172413793,0,50.0,0.0,0.2,0.0,0
1,2,48,123825,0,0,1232,0.8125,0.1875,1,0.0,0.038461538,0.222222222,0.0,1
1,0,0,0,0,5,3934,0.0,0.0,0,0.0,0.0,0.0,5.0,1
0,3,40,315377,1,0,5737,0.7,0.3,0,28.57142857,0.0,0.0,0.0,0
1,2,83,0,1,32,-1,0.289156627,0.710843373,3,0.0,0.18556701,0.016949153,11.16666667,1
1,0,8,0,0,0,394,0.875,0.125,0,50.0,0.0,1.0,0.0,1
0,5,85,39063,0,10,8970,0.917647059,0.082352941,0,83.33333333,0.0,0.0,8.0,0
0,4,9,22533,1,8,5514,0.666666667,0.333333333,1,0.0,0.0,0.0,5.2,0
0,7,328,12,0,9,7133,0.932926829,0.067073171,0,63.93442623,0.0,0.227272727,5.666666667,0
1,1,3,23941,0,32,725,1.0,0.0,1,0.0,0.175,0.0,8.125,1
1,0,21,0,1,10,-1,0.428571429,0.571428571,3,33.33333333,0.04,0.0,4.3684210530000005,1
1,0,51,5707171,0,17,3993,1.0,0.0,0,100.0,0.158333333,0.0,7.375,1
1,0,37,0,0,8,1221,1.0,0.0,0,100.0,0.05,0.0,6.5,1
0,6,147,2721,1,8,4642,0.503401361,0.496598639,0,12.16216216,0.0,0.054794521,5.75,0
1,1,12,1652125,0,7,5707,0.916666667,0.083333333,0,80.0,0.0,1.0,5.5,1
0,5,4,483695,1,8,8570,1.0,0.0,0,0.0,0.057692308,0.0,5.75,0
1,0,19,0,1,32,1999,1.0,0.0,1,100.0,0.270588235,0.0,11.8,1
1,0,51,0,0,15,3992,1.0,0.0,0,100.0,0.102941176,0.0,8.5,1
0,7,52,210,0,5,7816,0.865384615,0.134615385,0,16.66666667,0.0,0.285714286,5.0,0
0,4,73,3906120,1,8,3329,0.520547945,0.479452055,0,0.0,0.0,0.342857143,5.75,0
1,8,0,381,0,8,7445,0.0,0.0,0,0.0,0.081081081,0.0,4.0,0
0,4,99,79297,1,0,4767,0.909090909,0.090909091,0,83.33333333,0.0,0.333333333,0.0,0
0,2,97,876628,1,0,1729,1.0,0.0,0,100.0,0.0,0.0,0.0,0
1,0,64,0,0,32,3205,0.078125,0.921875,0,27.27272727,0.264367816,0.118644068,10.8,1
0,7,90,3195,1,8,8436,0.6777777779999999,0.322222222,0,0.0,0.0,0.137931034,8.0,0
0,5,219,14720,0,10,2432,0.908675799,0.091324201,0,86.84210526,0.064102564,0.05,4.888888889,0
0,5,9,53010,1,10,7938,0.333333333,0.666666667,0,75.0,0.0,0.166666667,7.0,0
0,5,144,13619,1,12,7408,0.458333333,0.541666667,0,16.66666667,0.0,0.08974359,7.0,0
1,1,588,24457,0,7,725,0.969387755,0.030612245,1,96.91780822,0.092592593,0.055555556,5.5,1
0,5,205,7652,1,13,5670,0.824390244,0.175609756,0,93.93939394,0.0,0.055555556,13.0,0
0,8,307,7015517,0,0,7447,0.260586319,0.7394136809999999,0,24.78632479,0.0,0.158590308,0.0,0
0,7,162,13,0,11,7134,0.925925926,0.074074074,0,70.73170732,0.0,0.4166666670000001,6.6,0
0,5,26,1014308,1,10,2708,0.5,0.5,0,50.0,0.0,0.384615385,6.0,0
0,0,0,1007290,0,12,-1,0.0,0.0,0,0.0,0.479591837,0.0,4.428571429,1
1,2,30,0,1,10,5767,0.966666667,0.033333333,0,100.0,0.033898305,0.0,5.25,1
1,2,11,2404290,1,7,-1,0.727272727,0.272727273,0,100.0,0.0,0.0,5.0,1
0,5,79,2190,0,10,7615,0.594936709,0.405063291,0,68.75,0.0,0.03125,8.0,0
0,6,191,127538,1,0,8759,0.287958115,0.712041885,0,20.0,0.0,0.220588235,0.0,0
0,5,46,38610,1,11,5310,0.891304348,0.108695652,0,0.0,0.0,0.0,7.5,0
1,0,7,0,0,8,125,0.857142857,0.142857143,0,0.0,0.0,1.0,8.0,1
1,0,0,0,1,0,3705,0.0,0.0,0,0.0,0.0,0.0,0.0,1
1,0,51,5697976,0,17,3992,1.0,0.0,0,100.0,0.152,0.0,8.142857142999999,1
1,0,14,0,0,4,2210,0.071428571,0.928571429,0,0.0,0.0,0.615384615,2.857142857,1
0,7,200,1294,1,8,5509,0.955,0.045,0,18.18181818,0.0,0.7777777779999999,5.25,0
1,8,5,114,1,11,5161,0.4,0.6,0,0.0,0.05,0.666666667,4.272727273,0
0,0,23,4909718,0,0,796,0.043478261,0.956521739,0,0.0,0.230769231,0.0,0.0,1
1,2,0,0,0,7,574,0.0,0.0,0,0.0,0.0,0.0,4.285714286,1
1,1,78,0,1,7,5795,0.384615385,0.615384615,1,21.05263158,0.0,0.041666667,4.2,1
0,5,20,4041592,0,23,-1,0.95,0.05,0,50.0,0.0,0.0,13.66666667,0
1,1,0,0,1,13,548,0.0,0.0,1,0.0,0.0,0.0,8.0,1
0,3,55,1872428,1,0,2051,0.072727273,0.927272727,0,15.78947368,0.115384615,0.058823529,0.0,0
1,0,51,5697976,0,17,3992,1.0,0.0,0,100.0,0.186440678,0.0,7.375,1
0,2,24,2490986,1,0,961,0.708333333,0.291666667,0,50.0,0.0,0.285714286,0.0,0
0,4,36,120685,1,0,2853,0.944444444,0.055555556,0,50.0,0.0,0.0,0.0,0
0,4,98,173558,0,9,3055,0.530612245,0.469387755,0,82.60869565,0.0,0.0,3.833333333,0
0,7,405,12,0,7,7133,0.980246914,0.019753086,0,65.21739129999999,0.0,0.625,5.25,0
1,7,182,12,0,9,7134,0.906593407,0.093406593,0,66.66666667,0.0,0.411764706,6.666666667,0
0,4,112,15387,1,0,5861,0.946428571,0.053571429,0,20.0,0.0,0.333333333,0.0,0
0,8,109,0,0,0,7449,0.587155963,0.4128440370000001,0,100.0,0.0,0.0,0.0,0
0,5,9,32,0,40,7764,0.0,1.0,0,0.0,0.053030303,0.0,17.0,1
1,0,0,0,0,32,-1,0.0,0.0,0,0.0,0.328767123,0.0,17.33333333,1
0,2,11,901805,1,0,2221,0.727272727,0.272727273,0,71.42857143,0.0,0.0,0.0,0
0,4,191,344645,1,0,-1,0.958115183,0.041884817,0,50.0,0.0,0.25,0.0,0
0,2,81,6191598,0,0,-1,0.691358025,0.308641975,0,77.77777778,0.0,0.16,0.0,0
1,2,85,0,1,9,-2,0.8470588240000001,0.1529411759999999,0,16.66666667,0.0,0.153846154,4.2,0
1,0,5,0,1,7,-1,0.4,0.6,3,0.0,0.016528926,0.666666667,3.8,1
0,9,68,15,0,8,9399,0.6176470589999999,0.382352941,0,23.33333333,0.048192771,0.115384615,3.615384615,0
1,0,4,5816617,0,17,4003,1.0,0.0,0,100.0,0.203125,0.0,7.375,1
0,3,29,1540284,0,0,1108,0.75862069,0.24137931,0,71.42857143,0.0,0.285714286,0.0,0
0,8,504,70,1,7,8965,0.75,0.25,0,62.5,0.212121212,0.0,6.0,0
0,6,190,7868,1,6,7860,0.726315789,0.273684211,0,77.77777778,0.0,0.115384615,5.5,0
0,7,603,12,0,9,7133,0.905472637,0.094527363,0,71.35678392,0.0,0.368421053,5.2,0
0,0,39,0,0,3,-1,0.974358974,0.025641026,0,66.66666667,0.5,0.0,2.75,1
0,4,378,242047,1,0,5487,0.968253968,0.031746032,0,68.18181818,0.0,0.583333333,0.0,0
0,8,91,129,1,9,9515,0.252747253,0.747252747,0,28.57142857,0.0,0.073529412,6.8,0
0,1,34,0,0,0,1843,0.5,0.5,0,26.08695652,0.0,0.352941176,0.0,0
0,1,47,77586,0,0,-1,0.0,1.0,2,0.0,0.0,0.0,0.0,1
1,0,51,5707171,1,17,3993,1.0,0.0,0,100.0,0.085271318,0.0,8.142857142999999,1
0,2,78,0,1,0,-1,0.602564103,0.397435897,0,13.33333333,0.0,0.0,0.0,0
1,0,24,0,0,11,4663,0.583333333,0.4166666670000001,0,0.0,0.0,0.0,7.142857143,1
1,5,22,67041,0,21,-1,1.0,0.0,1,100.0,0.0873015869999999,0.0,10.11111111,1
1,0,51,5707171,1,17,3993,1.0,0.0,0,100.0,0.1693548389999999,0.0,7.375,1
1,0,0,0,0,10,-1,0.0,0.0,0,0.0,0.0,0.0,6.888888889,0
1,0,24,0,1,33,-1,1.0,0.0,0,100.0,0.13253012,0.0,13.3,1
1,5,116,931,0,8,6609,0.879310345,0.120689655,0,0.0,0.085106383,0.285714286,5.0,1
0,4,22,77743,0,18,5056,0.772727273,0.227272727,0,0.0,0.088607595,0.0,10.75,1
0,5,9,32,0,43,7765,0.0,1.0,0,0.0,0.037878788,0.0,16.83333333,1
0,7,389,193,1,6,7427,0.989717224,0.010282776,2,100.0,0.023809524,0.0,3.25,0
0,7,136,12,0,12,7131,0.941176471,0.058823529,0,55.55555556,0.0,0.375,8.0,0
1,4,0,1213760,0,12,-1,0.0,0.0,0,0.0,0.246376812,0.0,3.7,0
0,5,128,50395,1,0,7588,0.90625,0.09375,0,0.0,0.0,0.333333333,0.0,0
0,2,139,1271273,0,0,-1,0.45323741,0.54676259,0,89.18918919,0.0,0.026315789,0.0,0
1,0,3,7866174,0,10,60,1.0,0.0,0,0.0,0.0,0.0,6.2,1
1,0,8,0,0,3,7,0.0,1.0,0,0.0,0.129032258,0.125,3.0,1
0,2,6,0,1,0,3027,0.5,0.5,0,0.0,0.0,0.0,0.0,0
1,2,184,4669,0,0,1546,0.222826087,0.7771739129999999,0,29.62962963,0.088235294,0.013986014,0.0,1
0,5,9,32,0,80,7764,0.0,1.0,0,0.0,0.037878788,0.0,20.6,1
0,10,136,8,1,10,8520,0.330882353,0.669117647,0,100.0,0.0,0.0,10.0,0
1,5,21,0,0,15,5616,0.19047619,0.80952381,0,25.0,0.0172413789999999,0.176470588,9.5,1
0,3,192,313138,1,0,-1,0.96875,0.03125,0,89.65517241,0.0,0.166666667,0.0,0
1,0,88,0,1,32,2046,0.897727273,0.102272727,3,85.71428571,0.169811321,0.5555555560000001,9.0,1
1,5,181,74745,1,11,8609,0.8176795579999999,0.182320442,0,21.05263158,0.073684211,0.151515152,5.909090909,0
0,0,8,4910786,1,2,-1,0.0,1.0,0,0.0,0.0,0.0,2.0,1
0,4,78,10530414,1,0,4910,0.897435897,0.102564103,0,12.5,0.0,0.375,0.0,0
0,4,113,1181262,1,0,1941,0.7787610620000001,0.221238938,0,30.303030300000003,0.0,0.2,0.0,0
0,4,30,33138,1,11,3374,0.3,0.7,0,31.25,0.0,0.19047619,8.0,0
1,0,24,514430,1,0,2532,1.0,0.0,2,100.0,0.0,0.0,0.0,1
0,5,303,5851,1,11,7876,0.881188119,0.118811881,0,33.33333333,0.08,0.055555556,6.333333333,0
0,1,0,2097546,0,0,-1,0.0,0.0,0,0.0,0.0,0.0,0.0,0
0,3,9,112902,1,0,2042,1.0,0.0,0,0.0,0.041666667,0.0,0.0,0
1,4,365,0,1,8,5245,0.419178082,0.5808219179999999,0,24.62311558,0.0,0.033018868,5.25,0
0,8,522,70,1,7,8967,0.7432950190000001,0.256704981,0,66.66666667,0.212121212,0.007462687,6.0,0
0,10,1,1,0,21,8347,0.0,1.0,0,0.0,0.142857143,0.0,7.25,1
0,4,201,818989,0,0,2341,0.771144279,0.228855721,0,31.57894737,0.0,0.043478261,0.0,0
1,2,0,0,1,7,2576,0.0,0.0,0,0.0,0.0,0.0,6.5,1
0,2,7,0,1,0,181,0.857142857,0.142857143,0,50.0,0.0,1.0,0.0,0
1,0,51,5697976,1,17,3992,1.0,0.0,0,100.0,0.138461538,0.0,7.375,1
0,3,37,1003956,1,7,-1,0.810810811,0.189189189,0,0.0,0.0,0.428571429,5.0,0
0,3,0,203662,1,8,9437,0.0,0.0,0,0.0,0.025,0.0,5.777777778,0
0,2,146,0,1,0,-1,0.952054795,0.047945205,0,66.66666667,0.0,0.285714286,0.0,0
0,5,108,10631,1,10,7522,0.759259259,0.240740741,0,60.0,0.0,0.038461538,7.5,0
1,2,132,4830221,0,10,1707,1.0,0.0,2,100.0,0.05,0.0,6.9,1
0,1,7,0,1,3,245,0.857142857,0.142857143,0,0.0,0.0,1.0,3.0,1
0,4,49,352448,1,0,4200,0.775510204,0.224489796,0,70.0,0.0,0.090909091,0.0,0
1,0,42,0,0,12,-1,0.7857142859999999,0.214285714,2,82.35294118,0.0,0.0,5.25,1
1,1,1,0,1,7,4283,1.0,0.0,0,0.0,0.064516129,0.0,4.230769231,1
0,0,21,0,0,9,3583,1.0,0.0,0,100.0,0.074074074,0.0,5.5,1
1,7,57,2688,0,11,5897,0.807017544,0.192982456,0,50.0,0.1,0.636363636,8.5,0
0,4,23,1866788,1,0,2946,0.391304348,0.608695652,0,30.0,0.0,0.285714286,0.0,0
1,0,21,0,0,7,61,0.333333333,0.666666667,0,77.77777778,0.0,0.0,5.0,1
1,0,36,0,0,7,-1,0.5,0.5,5,12.5,0.0,0.222222222,4.166666667,1
0,6,59,2527,1,7,7831,0.220338983,0.779661017,0,14.28571429,0.025974026,0.152173913,5.125,0
0,7,710,12,0,7,7134,0.93943662,0.06056338,0,70.34482759,0.0,0.372093023,4.5,0
1,5,227,7962,1,7,6377,0.405286344,0.594713656,0,12.58278146,0.0,0.7111111109999999,5.333333333,0
1,6,158,7074,1,6,10605,0.867088608,0.132911392,0,62.96296296,0.090909091,0.095238095,3.8,0
1,4,7,0,0,41,8018,0.0,1.0,0,0.0,0.035971223,0.0,9.2,1
1,2,18,4669,0,0,1546,0.5,0.5,0,0.0,0.071428571,0.333333333,0.0,1
0,7,159,13,0,10,7134,0.949685535,0.050314465,0,33.33333333,0.0,0.375,7.5,0
0,4,273,1838457,0,0,5378,0.945054945,0.054945055,0,100.0,0.0,0.0,0.0,0
0,7,845,12,0,8,7130,0.937278107,0.062721893,0,64.90066225,0.0,0.245283019,6.666666667,0
1,0,0,0,1,3,4550,0.0,0.0,0,0.0,0.0,0.0,3.0,1
0,5,273,289,0,8,6338,0.498168498,0.501831502,0,8.053691275,0.0,0.051094891,5.666666667,0
1,0,5,0,1,9,5230,0.4,0.6,2,0.0,0.009803922,0.666666667,4.133333333,1
0,6,416,8182,1,10,6316,0.944711538,0.055288462,0,16.66666667,0.087719298,0.173913043,6.75,0
0,5,70,2192,0,10,7618,0.628571429,0.371428571,0,76.0,0.0,0.076923077,7.4,0
0,2,3,0,0,0,5455,1.0,0.0,0,100.0,0.0,0.0,0.0,1
1,2,12,0,0,9,-1,0.75,0.25,0,0.0,0.0,1.0,4.75,1
1,2,3,0,0,9,256,0.666666667,0.333333333,0,0.0,0.0,2.0,5.666666667,0
0,6,317,581,1,8,8960,0.7476340690000001,0.252365931,0,56.25,0.0,0.05,7.0,0
0,6,181,450,1,10,6075,0.209944751,0.790055249,0,2.02020202,0.074766355,0.636363636,5.384615385,0
0,0,70,0,1,0,1971,0.857142857,0.142857143,0,75.0,0.0,0.2,0.0,0
1,2,31,1768405,0,24,-1,0.483870968,0.516129032,1,0.0,0.363636364,0.4375,10.0,1
1,0,3,0,0,9,-1,1.0,0.0,0,100.0,0.428571429,0.0,4.0,1
0,8,184,135,1,12,5222,0.7173913040000001,0.282608696,0,40.35087719,0.047619048,0.153846154,7.285714286,0
1,5,10,134401,0,11,-1,0.1,0.9,0,0.0,0.208333333,0.0,11.0,1
0,1,0,508220,0,0,2571,0.0,0.0,0,0.0,0.0,0.0,0.0,0
0,2,20,0,1,2,6392,0.7,0.3,0,88.88888889,0.0,0.0,2.0,1
1,10,31,1,0,56,8346,0.322580645,0.677419355,2,0.0,0.086956522,0.0,9.111111111,1
0,5,85,39744,1,0,3935,0.705882353,0.294117647,0,62.79069767,0.0,0.52,0.0,0
1,0,4,5828815,0,15,4004,1.0,0.0,0,100.0,0.105263158,0.0,8.5,1
1,0,23,0,0,9,29,0.173913043,0.826086957,0,60.0,0.0,0.105263158,4.0,1
0,5,119,6347,1,7,-1,0.882352941,0.117647059,0,73.07692308,0.015384615,0.428571429,3.75,0
0,4,304,0,1,11,5115,0.914473684,0.0855263159999999,0,15.38461538,0.0,0.230769231,7.166666667,0
1,5,36,0,0,6,7297,0.138888889,0.8611111109999999,0,12.5,0.125,0.129032258,4.0,1
1,0,31,0,0,15,160,0.35483871,0.64516129,1,0.0,0.0,0.4,15.0,1
1,2,0,5205013,0,2,7406,0.0,0.0,0,0.0,0.0,0.0,2.0,1
0,4,16,156097,0,7,7717,0.8125,0.1875,1,0.0,0.0,0.0,3.571428571,0
1,0,0,0,0,11,8,0.0,0.0,0,0.0,0.228395062,0.0,5.55,1
0,5,83,17883,1,7,4255,0.120481928,0.879518072,0,12.5,0.0,0.0821917809999999,5.8,0
0,5,48,181392,1,9,8965,0.8125,0.1875,0,42.85714286,0.0,0.111111111,6.0,0
1,0,98,0,1,10,-1,0.265306122,0.734693878,2,0.0,0.0,0.027777778,7.25,1
0,5,70,0,0,0,5994,0.7857142859999999,0.214285714,0,100.0,0.0,0.0,0.0,0
0,2,31,0,1,7,1159,0.64516129,0.35483871,0,27.27272727,0.039215686,0.181818182,5.0,0
1,4,132,219669,1,9,-1,0.901515152,0.098484848,0,80.64516129,0.0,0.076923077,5.333333333,0
0,6,9,140438,0,0,6588,1.0,0.0,0,0.0,0.0,0.0,0.0,0
0,3,51,5144638,1,0,4671,0.725490196,0.274509804,0,73.91304348,0.0,0.357142857,0.0,0
1,2,25,22244,0,11,8047,0.6,0.4,0,10.0,0.078947368,0.5,5.1428571430000005,1
1,4,17,21589,1,4,2529,0.764705882,0.235294118,0,20.0,0.0,0.25,3.5,0
0,4,37,1168751,1,0,4389,0.756756757,0.243243243,0,94.44444444,0.0,0.222222222,0.0,0
1,0,4,0,0,7,-1,0.5,0.5,0,0.0,0.23255814,1.0,3.625,1
0,9,184,16,0,10,9395,0.831521739,0.168478261,0,92.85714286,0.0,0.0,10.0,0
1,7,24,49,0,12,4340,0.041666667,0.958333333,0,0.0,0.229166667,0.043478261,7.0,1
0,5,582,8464,1,0,6530,0.9003436429999999,0.099656357,0,69.56521739,0.0,0.068965517,0.0,0
0,1,86,8998652,1,0,7991,0.918604651,0.081395349,0,55.55555556,0.0,0.428571429,0.0,0
0,6,0,374,1,9,11566,0.0,0.0,0,0.0,0.04494382,0.0,4.833333333,0
0,4,63,1914647,1,0,4627,0.8412698409999999,0.158730159,0,80.0,0.0,0.6,0.0,0
1,0,17,0,0,301,505,0.529411765,0.470588235,7,50.0,0.123762376,0.125,37.5,1
1,2,203,4639,0,0,1547,0.133004926,0.8669950740000001,0,6.666666667,0.078947368,0.034090909,0.0,1
0,5,64,0,0,9,7298,0.015625,0.984375,0,0.0,0.1,0.285714286,4.0,1
1,0,9,0,0,8,-2,1.0,0.0,2,0.0,0.0,0.0,4.5,1
1,2,12,5510911,0,32,2982,0.916666667,0.083333333,0,0.0,0.223404255,0.0,13.4,1
0,5,48,10475848,0,0,7296,0.4791666670000001,0.520833333,0,75.0,0.0,0.2,0.0,0
0,5,123,30996,0,0,6862,0.780487805,0.219512195,0,100.0,0.0,0.0,0.0,0
0,0,20,0,0,0,4154,0.85,0.15,0,100.0,0.0,0.0,0.0,0
0,4,11,241689,0,6,3733,0.454545455,0.545454545,0,0.0,0.0,0.0,4.0,1
1,5,234,14420,0,12,6070,0.58974359,0.41025641,0,9.523809524,0.0,0.145833333,7.25,0
0,10,52,2,1,11,5637,0.557692308,0.442307692,0,0.0,0.046511628,0.0,5.666666667,0
1,0,0,0,0,32,3984,0.0,0.0,0,0.0,0.257142857,0.0,32.0,1
1,4,11,0,0,43,8019,0.272727273,0.727272727,0,0.0,0.256097561,0.0,8.655172413999999,1
1,0,0,0,1,10,1968,0.0,0.0,0,0.0,0.0,0.0,5.8,1
1,2,64,4969132,0,32,3734,0.390625,0.609375,3,64.28571429,0.113333333,0.230769231,11.1,1
1,1,44,597131,0,0,2205,0.977272727,0.022727273,0,100.0,0.25,0.0,0.0,1
0,2,14,2516334,0,22,462,0.642857143,0.357142857,0,75.0,0.06122449,0.0,22.0,1
1,1,18,0,0,25,-1,0.944444444,0.055555556,2,100.0,0.114754098,0.0,7.454545455,1
1,0,13,0,1,8,5088,0.615384615,0.384615385,0,100.0,0.0,0.0,5.0,1
1,1,1,0,0,75,2114,1.0,0.0,2,0.0,0.191082803,0.0,10.08333333,1
0,7,276,2189,1,9,7413,0.916666667,0.083333333,0,0.0,0.0,0.086956522,5.0,0
0,3,56,648682,0,0,7900,0.607142857,0.392857143,0,33.33333333,0.0,0.1363636359999999,0.0,0
0,2,24,1657719,1,2,-1,0.791666667,0.208333333,0,50.0,0.0,0.2,2.0,0
1,2,22,0,0,5,3750,0.954545455,0.045454545,0,100.0,0.0,0.0,4.333333333,1
1,3,1,18105,0,87,7087,0.0,1.0,0,0.0,0.055555556,0.0,25.25,1
1,3,5,0,0,10,1728,1.0,0.0,3,0.0,0.014925373,0.0,5.5,1
0,4,7,433561,0,0,3014,1.0,0.0,1,0.0,0.054054054,0.0,0.0,1
1,0,51,5707171,0,17,3992,1.0,0.0,0,100.0,0.149606299,0.0,7.375,1
1,0,7,6711761,0,5,-1,0.285714286,0.7142857140000001,0,100.0,0.0,0.0,3.333333333,1
1,0,15,0,0,3,4827,0.266666667,0.7333333329999999,0,16.66666667,0.0,0.090909091,3.0,1
1,4,19,0,0,34,8018,0.736842105,0.263157895,0,100.0,0.230125523,0.0,10.27777778,1
0,4,52,419769,1,11,8760,0.961538462,0.038461538,0,71.42857143,0.0,0.0,6.333333333,0
1,3,6,309153,0,4,8922,0.5,0.5,0,0.0,0.0,0.0,4.0,1
1,1,4,0,0,8,4803,0.0,1.0,0,0.0,0.0,0.0,5.75,1
1,1,0,0,0,12,3386,0.0,0.0,0,0.0,0.114285714,0.0,3.545454545,1
0,3,51,2713740,1,0,5614,0.196078431,0.8039215690000001,0,94.59459459,0.0,0.292682927,0.0,0
0,5,58,767,0,7,4079,0.137931034,0.8620689659999999,0,63.63636364,0.0,0.06,4.0,0
1,5,0,616241,0,8,5466,0.0,0.0,0,0.0,0.0,0.0,4.625,0
1,1,34,2884517,0,0,1629,1.0,0.0,0,100.0,0.025641026,0.0,0.0,1
0,6,36,9038,1,8,-1,0.972222222,0.027777778,0,0.0,0.088607595,0.0,5.1111111110000005,0
1,0,0,0,0,0,6,0.0,0.0,0,0.0,0.0,0.0,0.0,1
1,4,11,0,0,43,8019,0.272727273,0.727272727,0,0.0,0.251497006,0.0,8.161290323,1
0,7,36,2585773,0,9,5230,0.7777777779999999,0.222222222,0,0.0,0.035714286,0.0,5.4,0
0,6,215,688,1,11,6256,0.869767442,0.130232558,0,53.33333333,0.0,0.0,11.0,0
1,7,217,309382,0,8,2139,0.737327189,0.262672811,0,5.555555556,0.0,0.070175439,5.0,1
0,6,76,2603,1,7,8047,0.894736842,0.105263158,0,72.72727273,0.0,0.0,5.0,0
1,3,18,193361,1,6,2578,0.5555555560000001,0.444444444,0,0.0,0.0,0.125,4.75,0
0,0,110,249619,0,0,3100,0.918181818,0.081818182,0,66.66666667,0.027027027,0.0,0.0,0
0,6,59,724,0,9,9318,0.8813559320000001,0.118644068,0,50.0,0.0,0.285714286,6.5,0
0,0,23,0,0,0,443,0.869565217,0.130434783,0,100.0,0.0,0.0,0.0,1
1,6,34,17732,1,16,5075,1.0,0.0,0,0.0,0.0,0.0,16.0,0
1,8,0,385,0,12,7449,0.0,0.0,0,0.0,0.068965517,0.0,4.75,0
1,3,1,18105,0,87,7087,0.0,1.0,0,0.0,0.055944056,0.0,25.25,1
1,0,20,0,0,4,557,0.85,0.15,0,0.0,0.0,0.0,3.666666667,1
0,2,79,0,1,0,-1,0.987341772,0.012658228,0,50.0,0.0,1.0,0.0,0
1,2,132,4830221,1,10,1707,1.0,0.0,2,100.0,0.048543689,0.0,6.9,1
1,0,51,5697976,0,17,3992,1.0,0.0,0,100.0,0.169491525,0.0,7.375,1
1,4,144,33254,0,8,7120,0.6180555560000001,0.381944444,0,41.50943396,0.038461538,0.436363636,4.0,0
1,0,0,0,1,0,119,0.0,0.0,0,0.0,0.0,0.0,0.0,1
0,4,89,622487,1,0,9311,0.786516854,0.213483146,0,25.0,0.0,0.0,0.0,0
1,5,19,8028573,0,67,5613,0.6315789470000001,0.368421053,0,100.0,0.120805369,0.0,20.6,1
0,5,0,380,1,12,5044,0.0,0.0,0,0.0,0.0,0.0,7.875,0
1,2,0,150166,0,8,8293,0.0,0.0,2,0.0,0.017857143,0.0,5.8,1
1,5,21,0,0,15,5616,0.19047619,0.80952381,0,25.0,0.169491525,0.176470588,9.5,1
0,4,128,392328,1,0,7791,0.8125,0.1875,0,15.0,0.0,0.4166666670000001,0.0,0
0,2,78,2619581,1,0,-1,0.948717949,0.051282051,0,88.88888889,0.0,0.25,0.0,0
0,7,747,12,0,5,7131,0.962516734,0.037483266,0,73.8317757,0.1,0.321428571,4.333333333,0
1,0,83,0,0,10,-1,1.0,0.0,0,100.0,0.0,0.0,5.5,1
1,3,8,0,1,8,125,0.625,0.375,1,100.0,0.042857143,0.0,4.888888889,1
1,1,7,0,0,8,757,0.857142857,0.142857143,0,0.0,0.0,1.0,4.666666667,1
1,0,44,0,0,49,277,0.977272727,0.022727273,1,100.0,0.487394958,0.0,18.6,1
0,2,224,0,1,0,1903,0.299107143,0.700892857,0,64.70588235,0.0,0.063694268,0.0,0
1,0,13,0,1,14,1419,0.7692307690000001,0.230769231,3,100.0,0.0,0.0,6.666666667,1
1,10,1,1,0,17,8345,0.0,1.0,0,0.0,0.033898305,0.0,11.0,0
1,2,16,0,0,13,6163,0.875,0.125,2,0.0,0.0,1.0,6.8,1
0,8,16,0,0,0,5160,0.625,0.375,0,0.0,0.0,1.0,0.0,0
1,4,130,8902890,0,10,-1,0.884615385,0.115384615,0,21.42857143,0.0,0.133333333,4.878787879,1
1,4,5,0,0,15,2658,1.0,0.0,1,100.0,0.173076923,0.0,7.2,1
1,10,10,1,0,23,8348,0.0,1.0,2,0.0,0.060240964,0.0,7.285714286,1
1,7,376,12,0,11,7131,0.914893617,0.085106383,0,63.2183908,0.0,0.375,6.5,0
1,6,73,8657,0,8,7653,0.767123288,0.232876712,0,0.0,0.0,0.176470588,5.285714286,0
1,2,6,2595688,0,0,4941,0.666666667,0.333333333,0,0.0,0.0,0.5,0.0,1
1,6,57,67484,1,13,8976,0.7894736840000001,0.210526316,1,52.63157895,0.116883117,0.0,4.222222222,0
1,0,0,0,0,14,-1,0.0,0.0,2,0.0,0.179104478,0.0,7.75,1
0,1,60,0,0,0,7289,0.083333333,0.916666667,0,20.0,0.0,0.0,0.0,1
1,2,47,4026793,1,5,-1,0.787234043,0.212765957,2,76.74418605,0.0,0.3,4.0,1
0,4,112,537125,1,0,6811,0.7410714290000001,0.258928571,0,100.0,0.0,0.0,0.0,0
0,4,214,1490270,1,0,9093,0.831775701,0.168224299,0,29.16666667,0.0,0.138888889,0.0,0
0,4,63,230904,1,9,5621,0.904761905,0.095238095,1,0.0,0.0,0.166666667,6.666666667,0
1,2,11,0,0,13,4049,0.909090909,0.090909091,0,0.0,0.0,0.0,5.571428571,1
1,0,12,6418275,1,8,7446,0.0,1.0,0,0.0,0.0,0.583333333,6.0,1
0,5,81,566137,0,0,7298,0.135802469,0.864197531,0,5.0,0.0,0.028571429,0.0,0
0,2,131,1777191,1,0,7559,0.961832061,0.038167939,0,84.0,0.0,0.0,0.0,0
1,0,24,0,0,2,-1,0.875,0.125,1,0.0,0.058823529,0.0,2.0,1
1,0,81,0,1,32,2047,0.851851852,0.148148148,3,86.04651163,0.137096774,0.333333333,8.8,1
0,7,781,12,0,10,7133,0.974391805,0.025608195,0,76.47058824,0.0,0.65,6.0,0
0,4,78,782266,1,0,-1,0.551282051,0.448717949,0,0.0,0.0,0.171428571,0.0,0
0,3,206,2358,0,5,7160,0.980582524,0.019417476,0,100.0,0.0,1.0,3.0,0
1,0,31,0,0,5,-1,0.032258065,0.967741935,0,0.0,0.0,0.1,4.0,1
1,3,8,0,0,13,1597,1.0,0.0,1,0.0,0.106060606,0.0,4.263157895,1
1,7,51,7971,1,8,9007,1.0,0.0,0,100.0,0.0,0.0,4.666666667,0
0,4,68,207734,1,0,-1,0.647058824,0.352941176,0,43.24324324,0.0,0.0,0.0,0
1,3,6,309153,0,15,8922,0.5,0.5,0,0.0,0.03125,0.0,6.428571429,1
0,4,65,540203,1,0,5839,0.984615385,0.015384615,0,100.0,0.0,0.0,0.0,0
1,1,0,173942,0,34,2362,0.0,0.0,0,0.0,0.167464115,0.0,7.0,1
1,0,24,0,0,11,-1,1.0,0.0,0,100.0,0.042553191,0.0,8.5,1
0,2,113,97254,0,0,-1,0.96460177,0.03539823,0,50.0,0.0,0.0,0.0,0
1,3,80,0,1,6,5176,0.4625,0.5375,0,37.5,0.0,0.0,4.333333333,0
0,2,17,0,1,0,3978,0.764705882,0.235294118,0,0.0,0.0,0.0,0.0,0
0,2,77,1699634,0,8,1716,0.87012987,0.12987013,0,36.36363636,0.0,0.2,8.0,1
0,8,9,0,0,1,5158,1.0,0.0,0,0.0,0.0,0.0,1.0,0
1,0,124,0,1,32,254,0.951612903,0.048387097,3,88.0,0.17,0.0,8.375,1
0,2,38,0,1,0,-1,0.7894736840000001,0.210526316,0,60.0,0.0,0.0,0.0,0
0,5,0,7471,0,9,7573,0.0,0.0,0,0.0,0.0,0.0,4.5,0
1,0,14,0,0,9,18,1.0,0.0,0,0.0,0.0,0.0,5.6,1
0,6,255,689,1,6,6257,0.88627451,0.11372549,0,51.61290323,0.0,0.413793103,6.0,0
1,0,4,0,1,2,13,1.0,0.0,0,100.0,0.0,0.0,2.0,1
1,5,5,36431,1,8,6700,0.6,0.4,0,50.0,0.063829787,0.0,5.0,0
0,10,0,4095597,1,34,8346,0.0,0.0,1,0.0,0.082278481,0.0,6.210526316,1
0,5,154,11369,1,9,5651,0.961038961,0.038961039,0,82.14285714,0.0,0.333333333,6.166666667,0
1,3,6,0,0,13,4609,0.333333333,0.666666667,4,0.0,0.0,0.0,6.285714286,1
0,5,622,14284,0,7,6073,0.872990354,0.127009646,0,52.0,0.0,0.151898734,5.6,0
1,4,26,0,0,17,8019,0.115384615,0.884615385,0,0.0,0.104895105,0.0,6.833333333,1
0,6,43,11657,1,7,2739,0.88372093,0.11627907,0,0.0,0.196078431,0.0,4.5,1
0,5,676,3914,1,6,6179,1.0,0.0,0,100.0,0.0,0.0,4.5,0
1,0,47,0,0,12,1432,1.0,0.0,3,100.0,0.0,0.0,5.916666667,1
1,2,0,0,1,0,8426,0.0,0.0,0,0.0,0.053333333,0.0,0.0,1
0,6,45,632,1,10,-1,0.8666666670000001,0.133333333,0,80.0,0.0,0.0,7.0,0
1,1,56,0,0,7,-1,0.6964285709999999,0.303571429,1,27.77777778,0.073529412,0.058823529,4.444444444,1
1,5,22,0,0,17,5627,0.181818182,0.818181818,0,25.0,0.054794521,0.277777778,7.666666667,1
0,6,8,22211,0,6,1338,1.0,0.0,0,0.0,0.2,0.0,5.0,1
1,0,15,0,0,4,670,0.666666667,0.333333333,0,0.0,0.0,0.0,4.0,1
1,0,75,1415657,1,2,972,0.7333333329999999,0.266666667,0,0.0,0.242424242,0.05,2.0,1
1,2,4,2239787,1,10,5298,0.0,1.0,0,0.0,0.0,0.0,5.714285714,1
1,0,4,5816617,0,17,4003,1.0,0.0,0,100.0,0.088,0.0,8.142857142999999,1
1,0,51,5707171,1,17,3993,1.0,0.0,0,100.0,0.161290323,0.0,7.375,1
0,5,0,54049,1,8,-1,0.0,0.0,0,0.0,0.027027027,0.0,5.0,0
1,2,35,10420087,0,7,1839,0.257142857,0.7428571429999999,0,75.0,0.0,0.115384615,5.666666667,1
0,3,18,2726967,1,0,4077,0.611111111,0.388888889,0,75.0,0.0,0.571428571,0.0,0
0,2,14,0,1,7,8638,1.0,0.0,2,0.0,0.0,0.0,5.333333333,1
1,1,23,0,1,43,4284,0.7826086959999999,0.217391304,2,20.0,0.1625,0.0,10.81818182,1
0,4,59,2280,1,11,3864,0.898305085,0.101694915,0,25.0,0.0,0.0,5.75,0
0,2,120,3331221,1,0,4099,0.916666667,0.083333333,0,0.0,0.0,0.1,0.0,0
0,5,0,56935,0,6,3670,0.0,0.0,0,0.0,0.0,0.0,6.0,0
1,2,12,8833240,0,9,-1,0.75,0.25,0,100.0,0.105263158,0.0,5.25,0
0,4,257,34668,1,8,8424,0.961089494,0.038910506,0,93.18181818,0.0,0.3,4.8,0
0,6,259,1571,1,12,-1,0.969111969,0.030888031,1,33.33333333,0.0,1.0,8.0,0
1,0,9,0,1,9,3232,1.0,0.0,1,0.0,0.0,0.0,5.333333333,1
1,2,0,866666,0,5,3421,0.0,0.0,0,0.0,0.090909091,0.0,3.333333333,1
1,5,46,524554,1,9,7121,0.826086957,0.173913043,0,0.0,0.0681818179999999,0.0,5.333333333,0
1,5,21,0,0,17,5627,0.19047619,0.80952381,0,25.0,0.188405797,0.294117647,7.666666667,1
0,3,22,4930837,1,0,6783,0.681818182,0.318181818,0,33.33333333,0.0,0.142857143,0.0,0
0,4,20,20734,1,21,6331,0.8,0.2,0,40.0,0.0,0.0,8.0,0
0,5,240,276245,1,0,7299,0.979166667,0.020833333,0,100.0,0.0,0.0,0.0,0
1,7,37,13,0,22,9320,0.054054054,0.945945946,0,8.695652174,0.103174603,0.0,3.47826087,0
1,1,29,0,0,0,1401,0.344827586,0.655172414,0,100.0,0.0,0.105263158,0.0,1
0,10,36,1,0,13,8346,0.7777777779999999,0.222222222,1,50.0,0.0,0.0,5.0,0
0,4,49,4261015,0,11,4205,0.87755102,0.12244898,0,60.0,0.097560976,0.0,3.9,0
0,5,60,0,0,0,5349,0.3,0.7,0,22.22222222,0.0,0.19047619,0.0,0
1,4,76,178807,0,0,3700,1.0,0.0,1,100.0,0.272727273,0.0,0.0,1
1,5,21,0,0,9,5616,0.19047619,0.80952381,0,25.0,0.016949153,0.176470588,9.0,1
0,3,75,1965575,0,0,5043,0.706666667,0.293333333,0,100.0,0.0,0.045454545,0.0,0
0,3,239,10318745,0,0,6467,0.866108787,0.133891213,0,6.451612902999999,0.0,0.21875,0.0,0
0,8,436,422,1,5,6065,0.392201835,0.607798165,0,73.33333333,0.0,0.064150943,3.8,0
1,0,0,0,1,10,1063,0.0,0.0,0,0.0,0.0,0.0,4.75,1
0,4,15,3475936,1,0,-1,0.266666667,0.7333333329999999,0,0.0,0.0,0.0,0.0,0
1,8,26,23,0,8,10674,0.961538462,0.038461538,0,80.0,0.111111111,1.0,4.6,0
1,0,7,0,1,39,216,0.857142857,0.142857143,0,0.0,0.229885057,1.0,5.789473684,1
1,0,13,0,1,5,5660,1.0,0.0,0,0.0,0.0,0.0,4.5,1
0,3,46,300579,1,0,3124,0.52173913,0.47826087,0,5.263157895,0.0,0.045454545,0.0,0
0,3,17,0,1,0,-1,0.882352941,0.117647059,0,0.0,0.0,0.5,0.0,0
1,2,6,0,0,167,2613,0.666666667,0.333333333,0,0.0,0.140703518,0.0,86.5,1
0,1,43,0,1,0,6123,0.953488372,0.046511628,0,75.0,0.0,0.5,0.0,0
1,4,11,114006,0,8,-1,0.454545455,0.545454545,0,0.0,0.076923077,0.0,4.5,0
1,0,24,0,1,0,902,0.666666667,0.333333333,0,80.0,0.0,0.0,0.0,0
0,2,34,0,1,0,3798,0.764705882,0.235294118,0,50.0,0.0,0.25,0.0,0
0,5,50,128103,1,8,6092,0.3,0.7,0,45.65217391,0.0,0.057142857,5.833333333,0
0,5,203,11420,1,3,6900,0.655172414,0.344827586,0,12.85714286,0.0,0.014285714,2.5,0
0,6,300,600,1,10,7834,0.783333333,0.216666667,0,32.35294118,0.0,0.261538462,9.5,0
0,3,19,6983499,1,0,4252,0.842105263,0.1578947369999999,0,100.0,0.0,0.0,0.0,0
1,5,561,15425,1,15,8207,0.941176471,0.058823529,0,11.76470588,0.0,0.151515152,8.25,0
0,2,8,1512979,1,0,1172,0.75,0.25,0,66.66666667,0.0,0.0,0.0,0
1,3,1,18263,0,288,7086,0.0,1.0,0,0.0,0.4220779220000001,0.0,29.57142857,1
1,0,4,10431514,0,9,-1,1.0,0.0,3,100.0,0.0,0.0,5.625,1
0,3,149,3657781,0,0,6240,0.899328859,0.100671141,0,57.14285714,0.0,0.333333333,0.0,0
0,1,8,0,1,4,7006,1.0,0.0,0,0.0,0.0,0.0,4.0,1
0,2,73,0,1,0,3541,0.98630137,0.01369863,0,66.66666667,0.0,0.0,0.0,0
0,5,44,334843,0,0,7298,0.318181818,0.681818182,0,50.0,0.0,0.166666667,0.0,0
0,5,58,19217,1,10,4914,0.8620689659999999,0.137931034,0,58.82352941,0.0,0.125,4.5,0
1,6,6,16645,0,13,5130,0.5,0.5,0,0.0,0.172413793,0.0,13.0,1
1,0,0,0,0,5,1093,0.0,0.0,0,0.0,0.0,0.0,4.0,1
1,2,30,0,0,4,2426,1.0,0.0,1,100.0,0.0,0.0,4.0,1
1,6,8,20989,0,0,1336,1.0,0.0,0,0.0,0.068965517,0.0,0.0,1
0,6,46,3571,1,10,5778,0.565217391,0.434782609,0,24.0,0.014925373,0.4,5.166666667,0
1,10,10,1,0,28,8348,0.0,1.0,1,0.0,0.06097561,0.0,7.285714286,1
0,3,216,2336,0,6,7159,0.87037037,0.12962963,0,67.12328767,0.139534884,0.7857142859999999,4.5,0
0,7,118,623,1,11,9174,0.762711864,0.237288136,0,43.75,0.0,0.107142857,10.5,0
0,5,192,253113,0,0,7297,0.708333333,0.291666667,0,84.11764706,0.0,0.053571429,0.0,0
0,10,1,1,0,17,8348,0.0,1.0,2,0.0,0.0,0.0,10.5,1
0,4,196,0,1,0,2662,0.943877551,0.056122449,0,16.66666667,0.0,0.0,0.0,0
1,0,21,0,0,10,81,1.0,0.0,0,100.0,0.0,0.0,5.285714286,1
1,2,232,4669,0,0,1546,0.478448276,0.5215517239999999,0,14.54545455,0.15,0.347107438,0.0,1
0,0,7,0,0,0,2157,0.428571429,0.571428571,0,100.0,0.0,0.0,0.0,1
0,7,296,121,1,8,9285,0.760135135,0.239864865,0,73.68421053,0.04,0.070422535,3.5,0
1,0,33,0,0,17,213,0.515151515,0.484848485,0,16.66666667,0.011764706,0.5,7.0,1
0,5,150,7218,1,13,7403,0.88,0.12,1,59.45945946,0.029411765,0.388888889,6.466666667,0
1,4,26,0,0,17,8019,0.115384615,0.884615385,0,0.0,0.076923077,0.0,7.0,1
0,8,299,1372,1,6,4175,0.959866221,0.040133779,0,44.44444444,0.0,0.083333333,4.6,0
1,2,27,4623,0,14,1533,0.8888888890000001,0.111111111,0,85.71428571,0.090277778,0.0,6.428571429,1
1,1,4,23941,0,32,724,1.0,0.0,1,100.0,0.198347107,0.0,9.166666667,1
1,0,13,0,0,10,100,0.846153846,0.153846154,0,0.0,0.0,0.0,5.0,1
0,5,119,126280,0,8,8209,0.87394958,0.12605042,0,65.85365854,0.06779661,0.066666667,5.166666667,0
1,0,22,0,0,7,-1,0.409090909,0.590909091,0,0.0,0.0,0.7692307690000001,6.0,1
1,4,130,8902890,0,10,-1,0.884615385,0.115384615,0,21.42857143,0.0,0.133333333,7.0,1
0,5,9,14969,0,8,9070,1.0,0.0,0,0.0,0.028571429,0.0,5.5,0
1,0,0,0,1,7,5972,0.0,0.0,0,0.0,0.037735849,0.0,5.25,1
0,2,12,322657,0,0,5890,0.75,0.25,0,0.0,0.0,0.333333333,0.0,0
0,0,103,0,1,0,2373,0.922330097,0.077669903,0,50.0,0.0,0.0,0.0,0
1,0,18,0,0,14,-1,0.833333333,0.166666667,0,0.0,0.0,0.0,6.4,1
0,0,24,0,0,0,1895,0.708333333,0.291666667,0,0.0,0.0,0.0,0.0,1
1,0,1,9558747,0,32,658,1.0,0.0,3,0.0,0.201834862,0.0,8.111111111,1
0,2,507,548811,1,0,4527,0.98816568,0.01183432,0,73.33333333,0.0,0.166666667,0.0,0
1,0,205,0,0,8,3442,0.917073171,0.082926829,2,80.95238095,0.021276596,0.411764706,6.0,1
0,5,54,462317,1,0,10284,0.62962963,0.37037037,0,5.8823529410000015,0.0,0.45,0.0,0
1,5,21,0,0,7,5616,0.19047619,0.80952381,2,25.0,0.052631579,0.176470588,3.8,1
1,5,151,1453,1,8,7870,0.854304636,0.145695364,1,50.0,0.0,0.0,5.6,0
0,4,119,384053,1,0,7282,0.957983193,0.042016807,0,80.0,0.0,0.2,0.0,0
0,4,0,171444,1,2,8256,0.0,0.0,0,0.0,0.0,0.0,2.0,0
1,5,182,39522,0,9,5979,0.065934066,0.934065934,0,60.0,0.056818182,0.011764706,4.9,0
0,4,45,2696302,0,12,-1,0.444444444,0.5555555560000001,0,26.31578947,0.086956522,0.4,5.571428571,0
1,3,5,0,0,11,-1,0.4,0.6,1,0.0,0.0,0.0,6.333333333,1
1,1,0,80476,0,8,-1,0.0,0.0,0,0.0,0.0,0.0,6.0,1
0,4,47,2254643,0,10,-2,0.936170213,0.063829787,0,62.5,0.111111111,0.666666667,5.0,0
1,2,31,4669,0,11,1546,0.225806452,0.774193548,0,4.347826087,0.098039216,0.125,11.0,1
0,1,234,0,0,0,5616,0.871794872,0.128205128,0,85.71428571,0.0,0.0,0.0,0
1,0,84,0,0,32,966,0.488095238,0.511904762,1,37.5,0.237113402,0.0,18.5,1
1,4,12,55133,1,5,8661,1.0,0.0,0,0.0,0.0,0.0,4.666666667,0
0,4,71,950474,1,9,8329,0.929577465,0.070422535,1,90.90909091,0.0,0.0,5.333333333,0
0,4,192,0,0,8,2622,0.953125,0.046875,0,97.79411765,0.047619048,0.111111111,5.0,0
1,1,0,0,0,2,1787,0.0,0.0,0,0.0,0.0,0.0,2.0,1
0,4,28,16298,1,9,6336,0.964285714,0.035714286,0,100.0,0.020408163,0.0,4.75,0
0,5,0,86259,1,8,11785,0.0,0.0,1,0.0,0.053571429,0.0,5.2,0
1,7,55,2102,1,9,9284,0.690909091,0.309090909,0,20.0,0.048780488,0.470588235,4.421052632,0
0,5,48,92095,0,12,5118,0.8125,0.1875,0,45.45454545,0.086021505,0.7777777779999999,6.1111111110000005,0
1,5,21,0,0,17,5627,0.19047619,0.80952381,0,25.0,0.013333333,0.294117647,7.666666667,1
0,5,102,2210,1,8,4315,0.774509804,0.225490196,0,53.84615385,0.0,0.043478261,6.8,0
0,5,118,99,0,13,4059,0.720338983,0.279661017,0,85.29411765,0.031007752,0.03030303,5.785714286,0
1,5,191,422407,1,9,5668,0.979057592,0.020942408,0,20.0,0.016393443,0.0,5.333333333,0
1,3,6,0,1,15,4609,0.333333333,0.666666667,4,0.0,0.0,0.0,5.785714286,1
1,5,21,0,0,15,5616,0.19047619,0.80952381,0,25.0,0.081967213,0.176470588,9.5,1
1,0,88,0,1,32,2047,0.897727273,0.102272727,3,85.71428571,0.158878505,0.5555555560000001,9.0,1
0,6,224,8866,0,11,7858,0.8660714290000001,0.133928571,0,95.23809524,0.066666667,0.066666667,7.333333333,0
1,1,1,0,0,75,2114,1.0,0.0,2,0.0,0.1796875,0.0,20.0,1
1,2,139,55739,0,0,1483,0.964028777,0.035971223,0,100.0,0.107142857,0.4,0.0,0
1,3,211,263173,1,8,2342,0.933649289,0.0663507109999999,0,75.0,0.0,0.071428571,7.0,0
1,0,4,0,1,15,2618,1.0,0.0,4,100.0,0.151898734,0.0,4.8,1
0,5,132,191262,1,6,-1,0.787878788,0.212121212,0,6.896551724,0.051724138,0.357142857,4.166666667,0
0,7,323,12,0,9,7131,0.913312693,0.0866873069999999,0,55.55555556,0.0,0.464285714,6.333333333,0
1,0,7,0,0,11,39,0.571428571,0.428571429,0,0.0,0.0,0.0,4.2,1
1,2,13,0,0,7,-1,0.846153846,0.153846154,4,0.0,0.0,0.0,3.888888889,1
1,0,63,0,0,10,2332,0.301587302,0.6984126979999999,0,18.18181818,0.018867925,0.090909091,6.333333333,1
0,3,37,665462,0,0,5574,0.864864865,0.135135135,0,0.0,0.0,0.2,0.0,0
0,5,23,9211,1,9,3157,0.869565217,0.130434783,0,80.0,0.0,0.0,5.5,0
0,5,205,988,1,7,7587,0.995121951,0.004878049,0,94.44444444,0.0,0.0,7.0,0
1,3,1,17964,0,200,7083,0.0,1.0,1,0.0,0.130597015,0.0,32.42857143,1
1,2,85,9416529,1,6,5625,0.705882353,0.294117647,0,0.0,0.0,0.08,4.75,1
0,6,102,6647,1,6,7980,0.343137255,0.656862745,1,20.0,0.1363636359999999,0.014925373,5.333333333,0
0,3,200,66965,1,0,5300,0.98,0.02,0,0.0,0.0,0.25,0.0,0
0,5,178,5335,1,0,-1,0.848314607,0.151685393,0,28.94736842,0.0,0.666666667,0.0,0
1,2,17,417046,0,41,6764,0.882352941,0.117647059,1,100.0,0.213017751,0.0,11.63636364,1
1,1,31,0,1,32,-1,1.0,0.0,3,100.0,0.157024793,0.0,8.625,1
1,5,47,237963,1,9,7957,0.978723404,0.021276596,0,100.0,0.0,1.0,6.5,0
1,4,108,8769,0,5,5985,0.981481481,0.018518519,1,100.0,0.0,0.0,4.333333333,1
0,2,32,5973121,0,6,1019,0.5625,0.4375,0,29.41176471,0.0,0.142857143,6.0,1
0,2,98,388177,1,0,-1,0.867346939,0.132653061,0,96.42857143,0.0,0.076923077,0.0,0
0,8,208,41,0,10,6056,0.307692308,0.692307692,1,15.75342466,0.108108108,0.006944444,8.8,0
0,1,62,7985577,1,0,-1,0.709677419,0.290322581,0,77.14285714,0.0,0.333333333,0.0,0
1,1,4,5348830,0,17,2015,1.0,0.0,2,100.0,0.0,0.0,6.0,1
0,8,363,72,0,8,9799,0.958677686,0.041322314,0,12.5,0.123076923,0.266666667,4.375,0
1,0,0,0,0,4,3384,0.0,0.0,0,0.0,0.0,0.0,4.0,1
1,1,22,0,0,10,777,0.8636363640000001,0.1363636359999999,3,100.0,0.037037037,0.0,6.0625,1
0,1,13,0,1,0,1228,0.0,1.0,0,0.0,0.0,0.0,0.0,0
1,1,28,8441470,0,0,7142,0.25,0.75,0,4.545454545,0.083333333,0.142857143,0.0,1
0,6,88,2462,1,9,7917,0.193181818,0.806818182,0,13.63636364,0.0,0.169014085,4.777777778,0
1,2,31,1211946,0,32,1016,0.032258065,0.967741935,0,0.0,0.25,0.1,12.8,1
1,10,1,1,0,24,8350,0.0,1.0,0,0.0,0.0,0.0,24.0,0
0,6,66,2635,1,13,8829,0.848484848,0.151515152,0,20.0,0.0,0.0,6.857142857,0
1,1,3,23941,0,6,724,1.0,0.0,0,0.0,0.090909091,0.0,4.0,1
1,1,23,0,1,43,4284,0.7826086959999999,0.217391304,2,20.0,0.15,0.0,10.81818182,1
1,0,48,0,1,32,1669,1.0,0.0,2,100.0,0.225,0.0,10.0,1
1,1,33,0,1,7,1974,0.242424242,0.757575758,1,70.0,0.0,0.0,4.75,1
0,4,198,21804,1,11,6895,0.98989899,0.01010101,0,0.0,0.0,0.0,8.0,0
0,8,55,4087496,0,0,7448,0.2,0.8,0,60.0,0.0,0.0,0.0,0
1,4,9,345695,1,6,-1,0.111111111,0.8888888890000001,0,0.0,0.0,0.375,5.0,0
1,0,4,0,0,90,-1,1.0,0.0,0,100.0,0.298387097,0.0,24.75,1
0,2,45,300424,1,0,7030,0.7555555559999999,0.244444444,0,0.0,0.0,0.0,0.0,0
0,10,97,1,0,7,8348,0.8659793809999999,0.134020619,0,11.11111111,0.0,0.230769231,4.1111111110000005,0
0,5,456,441753,1,2,-1,0.993421053,0.006578947,0,93.33333333,0.0,0.333333333,2.0,0
1,5,22,0,0,5,5626,0.181818182,0.818181818,1,25.0,0.046875,0.277777778,4.25,1
0,3,412,329636,0,11,960,0.550970874,0.449029126,0,2.424242424,0.0,0.378378378,7.5,1
0,0,3,0,0,0,-1,1.0,0.0,0,0.0,0.0,0.0,0.0,1
1,3,154,1171381,1,9,3958,0.792207792,0.207792208,0,93.75,0.106060606,0.25,4.375,0
0,0,2,0,0,19,5279,1.0,0.0,0,0.0,0.0,0.0,8.333333332999999,1
1,0,125,0,0,0,1,0.208,0.792,1,0.0,0.0,0.141414141,0.0,1
0,5,313,148354,1,0,6710,0.955271565,0.044728435,0,22.22222222,0.0,0.071428571,0.0,0
0,6,0,7902,1,12,9621,0.0,0.0,0,0.0,0.049019608,0.0,6.272727272999999,0
1,2,0,0,0,7,2275,0.0,0.0,0,0.0,0.0,0.0,5.25,1
1,10,229,173,0,7,3893,0.746724891,0.253275109,0,0.0,0.0,0.034482759,4.333333333,0
1,0,16,0,0,64,241,0.9375,0.0625,2,100.0,0.369747899,0.0,14.35714286,1
1,0,80,0,0,7,2606,0.175,0.825,0,13.33333333,0.0,0.1363636359999999,5.0,1
1,2,0,6284693,0,32,-1,0.0,0.0,0,0.0,0.396226415,0.0,32.0,1
1,10,1,1,0,11,8347,0.0,1.0,2,0.0,0.0,0.0,7.5,1
1,0,33,9795924,0,32,82,0.8787878790000001,0.121212121,1,100.0,0.190184049,0.0,11.45833333,1
0,4,316,519553,0,0,7546,0.958860759,0.041139241,0,0.0,0.0,0.461538462,0.0,0
0,7,261,194,1,8,7431,0.98467433,0.01532567,0,100.0,0.018181818,0.0,6.5,0
0,2,0,8262038,0,7,-1,0.0,0.0,1,0.0,0.0,0.0,5.0,1
1,0,4,5816617,0,17,4003,1.0,0.0,0,100.0,0.141732283,0.0,7.375,1
1,0,97,0,0,7,1109,0.082474227,0.917525773,2,100.0,0.031746032,0.0,3.444444444,1
0,7,379,12,0,8,7133,0.920844327,0.079155673,0,63.85542169,0.0,0.466666667,5.0,0
0,5,93,6841,1,0,2660,0.698924731,0.301075269,0,0.0,0.0,0.0,0.0,0
1,0,0,1755444,1,8,-1,0.0,0.0,0,0.0,0.0,0.0,4.25,0
0,4,73,53692,1,8,6653,0.917808219,0.0821917809999999,0,14.28571429,0.0,1.0,5.5,0
1,5,19,0,0,6,5613,0.6315789470000001,0.368421053,0,100.0,0.0681818179999999,0.0,5.0,1
0,6,86,2580,1,6,8045,0.906976744,0.093023256,0,75.0,0.0,0.0,3.75,0
1,4,7,433561,0,8,3014,1.0,0.0,1,0.0,0.0625,0.0,6.0,1
0,4,253,183608,1,0,6207,0.418972332,0.5810276679999999,0,75.0,0.0,0.013605442,0.0,0
1,0,23,0,0,6,240,0.0,1.0,0,0.0,0.083333333,0.043478261,4.5,1
1,5,123,21963,1,15,3849,0.926829268,0.073170732,0,78.57142857,0.0,0.333333333,6.0,0
1,0,22,0,0,8,397,0.909090909,0.090909091,3,0.0,0.0,0.0,5.1,1
0,1,306,0,1,0,2486,0.954248366,0.045751634,0,80.39215686,0.0,0.285714286,0.0,0
1,6,36,54115,0,8,7634,0.75,0.25,0,0.0,0.135135135,0.0,8.0,1
1,6,75,3332,1,6,9044,0.6,0.4,0,56.0,0.018518519,0.0,3.666666667,0
0,5,424,0,1,0,7241,0.891509434,0.108490566,0,48.07692308,0.0,0.065217391,0.0,0
1,5,118,611641,1,11,6686,0.711864407,0.288135593,0,68.51851852,0.0,0.176470588,6.666666667,0
1,0,31,0,1,23,-1,0.483870968,0.516129032,1,0.0,0.363057325,0.4375,9.75,1
0,4,16,29037,1,10,3447,0.4375,0.5625,0,0.0,0.0,0.111111111,6.8,0
1,8,0,381,0,9,7445,0.0,0.0,0,0.0,0.103448276,0.0,5.0,0
0,0,66,3334734,1,0,933,0.181818182,0.818181818,0,52.0,0.0,0.222222222,0.0,0
1,0,164,0,0,64,5669,0.329268293,0.6707317070000001,2,12.71186441,0.356807512,0.5727272729999999,15.54545455,1
1,5,22,0,0,0,5616,0.227272727,0.772727273,0,100.0,0.125,0.0,0.0,1
1,2,75,0,1,7,-1,0.906666667,0.093333333,2,80.0,0.0,0.0,5.6,1
0,3,32,696542,1,0,4317,1.0,0.0,0,100.0,0.0,0.0,0.0,0
0,5,0,2131372,1,8,6323,0.0,0.0,3,0.0,0.11,0.0,4.75,0
0,7,56,524,1,10,6261,0.553571429,0.446428571,0,35.29411765,0.0,0.12,4.3,0
0,5,35,195768,1,7,8225,0.371428571,0.628571429,1,30.0,0.0,0.045454545,6.5,0
1,2,22,10462889,1,64,4508,0.818181818,0.181818182,4,100.0,0.25,0.0,9.846153846,1
1,6,8,22211,0,8,1338,1.0,0.0,0,0.0,0.195121951,0.0,8.0,1
0,3,6,55590,1,14,-2,0.666666667,0.333333333,0,33.33333333,0.022222222,0.5,8.5,0
0,5,82,56465,1,8,7081,0.975609756,0.024390244,0,0.0,0.0,0.5,8.0,0
0,3,24,125151,0,8,2700,0.625,0.375,1,85.29411765,0.0,0.111111111,5.2,0
1,2,1,13295,0,240,1037,1.0,0.0,2,0.0,0.175303197,0.0,27.93333333,1
1,4,21,3612,0,0,8094,0.428571429,0.571428571,0,0.0,0.1875,0.75,0.0,1
1,0,5,0,1,9,2369,1.0,0.0,0,0.0,0.011363636,0.0,3.909090909,1
0,2,65,7969012,1,0,3229,0.8,0.2,0,50.0,0.0,0.307692308,0.0,0
0,8,205,137,1,10,5225,0.6975609759999999,0.302439024,0,34.32835821,0.0,0.14516129,7.25,0
0,3,54,1373136,0,4,-2,1.0,0.0,0,100.0,0.0,0.0,3.0,0
1,3,24,4166420,1,5,3718,0.5,0.5,0,62.5,0.020833333,0.166666667,4.333333333,1
0,4,2,132459,1,10,2290,0.0,1.0,0,0.0,0.020408163,0.0,4.6,1
1,6,8,22211,0,5,1338,1.0,0.0,0,0.0,0.186046512,0.0,4.5,1
0,3,36,548255,1,0,3781,0.8888888890000001,0.111111111,0,66.66666667,0.0,0.25,0.0,0
1,5,173,199672,1,10,5857,0.300578035,0.699421965,0,60.86956522,0.0,0.033057851,6.5,0
0,2,11,10594830,0,0,4798,0.909090909,0.090909091,0,87.5,0.0,0.0,0.0,0
1,8,25,65,1,24,9156,0.2,0.8,1,0.0,0.114754098,0.0,11.33333333,1
0,5,46,0,0,0,7298,0.456521739,0.543478261,0,0.0,0.068965517,0.04,0.0,0
1,10,10,1,0,28,8348,0.0,1.0,1,0.0,0.05,0.0,11.0,1
1,0,11,0,1,5,5028,1.0,0.0,1,0.0,0.0,0.0,4.333333333,1
0,4,65,159227,1,10,2221,1.0,0.0,0,0.0,0.0,0.0,6.142857143,0
1,0,184,0,0,5,-1,0.913043478,0.086956522,0,46.15384615,0.033333333,0.625,5.0,1
1,5,43,49465,0,5,9874,1.0,0.0,0,0.0,0.03030303,0.0,4.0,0
1,4,37,1923759,1,15,3103,0.567567568,0.432432432,0,0.0,0.0,0.125,9.0,0
0,5,114,137928,1,16,8752,0.929824561,0.070175439,0,50.0,0.0,0.25,7.666666667,0
1,0,51,5697976,0,17,3992,1.0,0.0,0,100.0,0.163793103,0.0,8.142857142999999,1
1,2,4,0,0,6,7192,0.25,0.75,0,0.0,0.0,1.0,4.0,1
0,6,147,684,1,10,9201,0.802721088,0.197278912,0,21.21212121,0.0,0.344827586,8.0,0
0,5,126,121389,0,0,6910,0.8968253970000001,0.103174603,0,35.29411765,0.0,0.692307692,0.0,0
1,5,21,0,0,17,5627,0.19047619,0.80952381,1,25.0,0.0,0.294117647,7.666666667,1
1,0,51,5707171,1,17,3993,1.0,0.0,0,100.0,0.172131148,0.0,8.142857142999999,1
0,3,235,544866,1,0,3902,0.982978723,0.0170212769999999,0,85.71428571,0.0,0.25,0.0,0
1,6,8,22211,0,0,1338,1.0,0.0,0,0.0,0.068965517,0.0,0.0,1
1,1,103,2073867,0,28,7053,0.932038835,0.067961165,1,0.0,0.198198198,0.285714286,12.33333333,1
1,5,14,3954957,0,10,6322,0.357142857,0.642857143,0,35.71428571,0.075949367,0.333333333,5.25,0
0,5,143,3993,1,13,7840,0.895104895,0.104895105,0,20.0,0.0,0.0,7.428571429,0
0,3,65,7831534,1,0,-1,0.630769231,0.369230769,0,17.64705882,0.0,0.291666667,0.0,0
0,6,43,13786,1,9,12560,0.976744186,0.023255814,0,93.75,0.022222222,1.0,9.0,0
1,0,4,0,0,49,276,1.0,0.0,1,0.0,0.4453125,0.0,14.28571429,1
0,8,64,0,0,10,7446,0.375,0.625,0,100.0,0.1643835619999999,0.0,5.0,0
1,5,82,212428,1,9,-1,0.914634146,0.085365854,0,40.0,0.0,0.142857143,6.333333333,0
1,6,0,19840,0,0,1350,0.0,0.0,0,0.0,0.034482759,0.0,0.0,1
0,0,154,124276,0,8,-1,0.948051948,0.051948052,0,60.0,0.096774194,0.625,5.166666667,1
0,5,133,2205,0,10,7620,0.6766917290000001,0.323308271,0,88.88888889,0.0,0.023255814,5.6,0
0,5,237,615,0,10,6429,0.945147679,0.054852321,0,85.55555556,0.0,0.307692308,7.0,0
0,5,131,60941,1,9,4778,0.984732824,0.015267176,0,96.0,0.0493827159999999,0.0,6.0,0
1,2,125,0,1,10,5311,0.8240000000000001,0.176,0,45.83333333,0.035714286,0.090909091,6.5,1
1,1,0,6045690,0,24,3426,0.0,0.0,0,0.0,0.181818182,0.0,8.2,1
1,10,10,1,0,30,8347,0.0,1.0,1,0.0,0.095238095,0.0,6.5,1
0,5,558,14479,0,12,6071,0.73655914,0.26344086,0,25.89285714,0.0,0.142857143,7.333333333,0
0,4,49,3214269,1,0,2610,0.6938775509999999,0.306122449,0,0.0,0.0,0.333333333,0.0,0
1,0,51,5697976,0,17,3992,1.0,0.0,0,100.0,0.196850394,0.0,7.375,1
0,4,52,47957,1,8,5075,0.923076923,0.076923077,0,66.66666667,0.0,0.5,5.666666667,0
1,0,0,0,0,6,76,0.0,0.0,0,0.0,0.085714286,0.0,6.0,1
0,9,196,90,0,9,4673,0.719387755,0.280612245,0,93.75,0.0,0.145454545,6.666666667,0
1,2,31,1211946,0,32,1016,0.032258065,0.967741935,0,0.0,0.265957447,0.1,18.33333333,1
0,5,204,994,1,7,7587,0.995098039,0.004901961,0,93.75,0.0,0.0,7.0,0
1,0,23,0,0,8,4370,0.260869565,0.739130435,0,71.42857143,0.0,0.117647059,4.666666667,1
0,4,118,394388,1,6,7965,0.711864407,0.288135593,0,57.89473684,0.0,0.117647059,5.25,0
0,3,194,37627,1,6,3862,0.989690722,0.010309278,0,81.81818182,0.019230769,0.0,4.666666667,0
1,7,560,12,0,6,7129,0.910714286,0.089285714,0,66.44295302,0.0,0.42,4.666666667,0
0,6,106,4199,0,5,9095,0.933962264,0.066037736,0,20.0,0.0,0.0,4.2,0
0,8,52,0,0,1,5158,0.807692308,0.192307692,0,80.0,0.129032258,0.0,1.0,0
0,4,215,606148,0,0,7670,0.604651163,0.395348837,0,75.0,0.0,0.105882353,0.0,0
1,4,11,8063233,0,0,8195,0.909090909,0.090909091,0,0.0,0.0,0.0,0.0,1
0,8,8,0,0,0,5158,0.875,0.125,0,100.0,0.090909091,0.0,0.0,0
0,6,124,690,1,6,9205,0.766129032,0.233870968,0,18.75,0.0,0.379310345,5.5,0
0,5,0,76836,0,8,10616,0.0,0.0,0,0.0,0.074074074,0.0,5.4,0
0,6,193,184,1,7,5887,0.932642487,0.067357513,0,90.0,0.0,0.076923077,6.0,0
0,5,246,144051,1,0,8707,0.959349593,0.040650407,0,50.0,0.0,0.0,0.0,0
1,3,13,567796,0,0,6170,0.0,1.0,1,100.0,0.214285714,0.0,0.0,1
0,5,88,627147,0,11,-1,0.897727273,0.102272727,0,0.0,0.0,0.222222222,5.857142857,0
0,1,14,141247,1,0,-1,0.928571429,0.071428571,0,0.0,0.0,0.0,0.0,0
0,2,728,4510133,1,2,7053,0.995879121,0.004120879,0,92.85714286,0.0,0.333333333,2.0,0
1,5,320,84404,1,7,6195,1.0,0.0,3,100.0,0.0,0.0,6.75,0
0,5,56,58549,0,8,1791,0.464285714,0.535714286,0,0.0,0.0,0.0,5.75,0
0,4,25,421761,1,6,3251,0.2,0.8,0,0.0,0.0,0.0,5.5,1
1,1,30,0,0,6,-1,0.8666666670000001,0.133333333,0,63.63636364,0.0625,0.25,3.5,1
1,2,1,0,0,7,2416,0.0,1.0,0,0.0,0.0,0.0,5.5,1
0,5,71,19476,1,10,4916,0.8732394370000001,0.126760563,0,75.0,0.0,0.333333333,6.166666667,0
1,2,33,4669,0,0,1546,0.424242424,0.575757576,0,60.0,0.1707317069999999,0.263157895,0.0,1
0,2,34,6630238,1,8,7647,0.705882353,0.294117647,0,12.5,0.011494253,0.6,4.6363636360000005,1
1,4,13,74,0,8,5451,1.0,0.0,1,0.0,0.026315789,0.0,5.666666667,1
1,5,33,0,0,6,7296,0.151515152,0.848484848,0,12.5,0.111111111,0.142857143,4.0,1
1,0,0,0,0,9,3572,0.0,0.0,0,0.0,0.0,0.0,9.0,1
0,0,25,7596860,0,15,-1,0.28,0.72,1,0.0,0.142857143,0.055555556,6.833333333,1
1,3,6,0,0,13,4609,0.333333333,0.666666667,4,0.0,0.0,0.0,4.866666667,1
0,5,587,69638,1,0,7621,0.7904599659999999,0.209540034,0,93.16239316,0.0,0.016260163,0.0,0
1,1,11,0,0,32,-1,1.0,0.0,3,0.0,0.141304348,0.0,9.333333333,1
0,5,173,23235,1,8,7498,0.924855491,0.075144509,0,92.06349206,0.039215686,0.0,5.6,0
0,2,93,2158898,1,8,2313,0.483870968,0.516129032,0,0.0,0.0,0.041666667,8.0,0
0,0,62,0,1,0,258,1.0,0.0,0,100.0,0.0,0.0,0.0,1
0,5,176,92750,1,9,5401,0.971590909,0.028409091,0,96.84210526,0.0,0.2,7.5,0
0,6,76,17109,0,3,5180,0.8684210529999999,0.131578947,0,16.66666667,0.0,0.8,3.0,0
1,7,155,149,0,8,9639,0.44516129,0.55483871,0,35.0,0.0,0.093023256,4.75,0
1,5,6,86381,0,8,-1,0.833333333,0.166666667,0,0.0,0.067567568,1.0,4.888888889,1
0,7,17,285,1,11,7419,0.0,1.0,0,0.0,0.0,0.0,5.625,0
1,2,60,264328,0,0,1334,0.3666666670000001,0.6333333329999999,0,0.0,0.04,0.289473684,0.0,0
1,1,77,0,0,8,713,0.4415584420000001,0.558441558,0,37.5,0.042553191,0.0,4.5,0
0,4,20,209150,0,8,3630,1.0,0.0,0,0.0,0.03125,0.0,6.0,0
1,5,17,0,0,1,7296,0.058823529,0.941176471,0,0.0,0.020833333,0.0625,1.0,1
1,2,0,326702,0,32,-1,0.0,0.0,0,0.0,0.22972973,0.0,15.66666667,1
1,0,5,0,0,0,3243,0.4,0.6,0,0.0,0.196078431,0.0,0.0,1
1,6,55,1625,1,7,2388,0.854545455,0.145454545,0,72.22222222,0.0,0.0,5.6,0
1,6,9,20989,0,0,1336,0.8888888890000001,0.111111111,0,0.0,0.068965517,0.0,0.0,1
0,5,322,18466,1,6,9958,0.934782609,0.065217391,0,9.523809524,0.0,0.047619048,5.0,0
0,6,242,181,1,8,5883,0.954545455,0.045454545,0,93.22033898,0.0,0.272727273,5.0,0
1,1,17,0,0,43,-1,1.0,0.0,2,0.0,0.159763314,0.0,9.071428571,1
0,5,188,969,1,4,7584,0.994680851,0.005319149,0,92.85714286,0.0,0.0,3.5,0
1,2,0,0,1,8,767,0.0,0.0,2,0.0,0.0,0.0,5.0,1
1,1,27,2164987,0,32,866,1.0,0.0,2,0.0,0.25,0.0,8.75,1
0,2,0,3850251,1,0,7448,0.0,0.0,0,0.0,0.0,0.0,0.0,0
0,9,0,24,0,9,-1,0.0,0.0,0,0.0,0.1785714289999999,0.0,4.307692308,1
0,7,657,12,0,6,7131,0.9695586,0.0304414,0,71.83098592,0.0,0.6,3.428571429,0
1,2,0,0,0,0,190,0.0,0.0,0,0.0,0.102564103,0.0,0.0,1
0,4,1652,57498,0,0,7396,0.865012107,0.134987893,0,16.0,0.0,0.071748879,0.0,0
0,4,85,10507,0,0,-1,0.4,0.6,0,26.2295082,0.0,0.156862745,0.0,0
0,4,0,854720,0,11,7284,0.0,0.0,0,0.0,0.0,0.0,7.0,0
1,1,8,0,0,5,-1,0.75,0.25,0,0.0,0.0,0.0,4.5,0
0,0,249,0,1,0,-1,0.124497992,0.875502008,0,6.0,0.0,0.036697248,0.0,0
1,0,5,0,0,7,1527,0.6,0.4,0,0.0,0.0,0.0,7.0,1
0,3,26,198861,1,0,3993,0.653846154,0.346153846,0,71.42857143,0.0,0.222222222,0.0,0
0,5,14,0,0,0,7295,0.071428571,0.928571429,0,14.28571429,0.033333333,0.846153846,0.0,1
1,2,4,0,0,1,3255,1.0,0.0,0,100.0,0.0,0.0,1.0,1
1,2,5,0,0,64,7816,1.0,0.0,2,0.0,0.237903226,0.0,19.63636364,1
1,0,90,0,0,6,295,0.344444444,0.655555556,0,14.0625,0.05,0.322033898,3.666666667,1
0,5,86,289375,1,6,3898,0.337209302,0.662790698,0,62.65060241,0.125,0.350877193,3.857142857,0
0,5,85,2188,0,12,7618,0.552941176,0.447058824,0,50.0,0.0,0.105263158,7.6,0
1,6,8,22211,0,8,1338,1.0,0.0,0,0.0,0.186046512,0.0,8.0,1
1,1,0,0,1,32,3753,0.0,0.0,1,0.0,0.306451613,0.0,17.0,1
1,6,5,4440,0,6,1101,0.2,0.8,0,0.0,0.03125,0.0,4.333333333,1
0,5,70,14881,1,0,-1,0.8857142859999999,0.114285714,0,46.15384615,0.0,0.625,0.0,0
1,2,21,0,0,18,630,0.428571429,0.571428571,5,0.0,0.0,0.0,5.818181817999999,1
1,5,8,18406,0,5,5160,0.5,0.5,1,100.0,0.142857143,0.0,4.5,1
0,7,17,289,1,9,7423,0.0,1.0,0,0.0,0.0,0.0,4.5,0
1,3,163,6364958,1,94,7105,0.877300613,0.122699387,0,25.0,0.194029851,0.15,11.3,1
1,0,21,0,0,39,177,0.80952381,0.19047619,1,0.0,0.069306931,0.0,9.714285714,1
0,0,40,0,0,0,-2,0.525,0.475,0,35.29411765,0.047619048,0.526315789,0.0,1
0,3,18,621566,1,0,4796,0.944444444,0.055555556,0,0.0,0.0,0.0,0.0,0
0,7,848,12,0,7,7131,0.95990566,0.04009434,0,69.09090909,0.0,0.529411765,5.5,0
1,0,16,0,0,64,241,0.9375,0.0625,2,100.0,0.406504065,0.0,14.92857143,1
1,2,4,4645834,1,15,1612,1.0,0.0,0,100.0,0.142857143,0.0,4.375,1
1,3,0,281042,0,5,3792,0.0,0.0,1,0.0,0.0,0.0,5.0,1
0,10,53,8,1,8,8520,0.622641509,0.377358491,0,80.0,0.0,0.0,8.0,0
1,0,8,0,0,6,2215,1.0,0.0,0,0.0,0.0,0.0,4.5,1
0,10,1,1,0,21,8347,0.0,1.0,1,0.0,0.144628099,0.0,6.814814815,1
0,8,24,0,0,0,5161,0.75,0.25,0,0.0,0.0,0.0,0.0,0
0,1,1,0,1,0,-1,0.0,1.0,0,0.0,0.0,0.0,0.0,1
0,7,243,12,0,15,7131,0.917695473,0.082304527,0,62.96296296,0.0,0.45,9.333333333,0
1,4,0,183866,0,13,-1,0.0,0.0,0,0.0,0.098765432,0.0,5.125,0
0,0,0,9161487,0,0,-1,0.0,0.0,0,0.0,0.0,0.0,0.0,0
1,4,71,17515,0,7,2132,0.492957746,0.507042254,0,81.81818182,0.037037037,0.0,6.5,0
1,5,535,128482,1,6,8407,0.908411215,0.091588785,0,50.0,0.0,0.040816327,3.75,0
1,3,7,4785364,1,12,4152,0.285714286,0.7142857140000001,2,0.0,0.0,0.0,7.428571429,1
1,1,0,3006508,0,7,1369,0.0,0.0,1,0.0,0.0,0.0,6.0,1
1,5,88,4120,0,11,2394,0.602272727,0.397727273,0,25.92592593,0.0,0.085714286,7.285714286,0
1,5,21,5064421,0,0,5626,0.19047619,0.80952381,0,25.0,0.085714286,0.294117647,0.0,1
0,5,70,2293234,0,0,7298,0.257142857,0.7428571429999999,0,38.46153846,0.0,0.211538462,0.0,0
1,3,9,0,0,3,-1,1.0,0.0,0,0.0,0.0,0.0,2.333333333,1
0,3,157,678288,1,0,-1,0.7961783440000001,0.203821656,0,75.0,0.0,0.0625,0.0,0
1,6,10,1590047,0,4,-1,0.1,0.9,0,0.0,0.0,0.0,4.0,1
1,0,4,0,0,7,3318,1.0,0.0,1,100.0,0.070175439,0.0,3.833333333,1
1,4,26,0,0,36,8019,0.115384615,0.884615385,0,0.0,0.1300813009999999,0.0,8.222222222000001,1
0,4,33,3230,1,10,3957,0.757575758,0.242424242,0,69.23076923,0.00877193,0.0,5.692307692000001,0
1,0,38,0,1,9,-1,1.0,0.0,0,100.0,0.1558441559999999,0.0,4.833333333,1
0,3,52,4289979,1,0,2241,0.442307692,0.557692308,0,27.77777778,0.0,0.0,0.0,0
0,5,127,2192,0,10,7619,0.68503937,0.31496063,0,92.53731343,0.0,0.025,7.5,0
0,4,611,0,0,0,3103,0.081833061,0.918166939,1,0.17921147,0.0,0.01426025,0.0,1
1,2,4,32679,0,32,6741,1.0,0.0,0,0.0,0.506024096,0.0,8.0,1
0,4,14,2249603,1,10,8269,0.642857143,0.357142857,0,50.0,0.0,0.8,10.0,0
0,4,71,0,1,0,2920,0.943661972,0.056338028,0,25.0,0.0,0.75,0.0,0
1,1,21,0,1,7,1973,0.666666667,0.333333333,0,93.93939394,0.0,0.285714286,5.0,1
0,3,130,2320,0,6,7159,0.930769231,0.069230769,0,83.33333333,0.119047619,0.666666667,4.25,0
0,0,0,0,0,0,1101,0.0,0.0,0,0.0,0.0,0.0,0.0,1
0,1,119,3790904,1,0,1536,0.579831933,0.420168067,0,95.58823529,0.0,0.2,0.0,0
0,5,96,2889,1,14,4489,0.9375,0.0625,0,72.72727273,0.0,0.0,6.0,0
0,3,19,3806966,0,5,1132,0.894736842,0.105263158,0,100.0,0.047619048,0.0,5.0,1
1,0,0,7049181,0,99,-1,0.0,0.0,0,0.0,0.492957746,0.0,37.0,1
1,0,31,0,1,23,-1,0.483870968,0.516129032,1,0.0,0.345454545,0.4375,10.41666667,1
1,0,0,0,0,13,936,0.0,0.0,0,0.0,0.144927536,0.0,8.666666667000001,1
1,0,25,0,0,5,5,0.48,0.52,1,0.0,0.0,0.153846154,4.0,1
1,2,8,0,1,11,-1,1.0,0.0,0,0.0,0.0,0.0,5.75,1
1,6,9,2032,0,11,11801,1.0,0.0,0,0.0,0.070588235,0.0,5.777777778,0
0,7,227,12,0,11,7133,0.925110132,0.074889868,0,66.0,0.0,0.470588235,7.5,0
0,3,140,1079265,1,11,5876,0.371428571,0.628571429,0,3.846153846,0.0,0.011363636,8.4,0
1,2,0,2584351,0,0,-1,0.0,0.0,0,0.0,0.0,0.0,0.0,1
0,3,286,409975,1,0,4931,0.388111888,0.611888112,0,3.076923077,0.0,0.017142857,0.0,0
1,3,11,0,0,7,6608,0.181818182,0.818181818,1,0.0,0.0,0.0,6.0,1
1,7,26,1644,1,11,9054,1.0,0.0,0,0.0,0.0,0.0,7.0,0
1,0,503,0,1,40,798,0.011928429,0.988071571,0,4.166666667,0.218487395,0.016096579,9.888888889,1
1,10,25,1,0,40,8345,0.44,0.56,1,0.0,0.0808080809999999,0.0,11.66666667,1
1,3,17,0,0,6,6392,1.0,0.0,1,100.0,0.019607843,0.0,4.5,1
0,5,42,3426171,0,0,-1,1.0,0.0,0,100.0,0.0,0.0,0.0,0
0,5,188,0,0,0,7298,0.574468085,0.425531915,0,67.48466258,0.0,0.5375,0.0,0
1,5,0,26341,1,16,3478,0.0,0.0,0,0.0,0.180555556,0.0,9.2,1
0,2,0,0,0,0,2683,0.0,0.0,0,0.0,0.038461538,0.0,0.0,0
0,6,574,689,1,3,6258,0.949477352,0.050522648,0,51.61290323,0.0,0.413793103,3.0,0
1,4,11,0,0,46,8019,0.090909091,0.909090909,0,0.0,0.079646018,0.0,12.5,1
1,2,7,0,0,0,819,0.857142857,0.142857143,0,0.0,0.0,0.0,0.0,1
1,1,0,695199,0,10,5842,0.0,0.0,0,0.0,0.026315789,0.0,4.571428571,1
1,0,0,0,0,13,529,0.0,0.0,0,0.0,0.1785714289999999,0.0,8.666666667000001,1
0,10,10,1,0,15,8348,0.0,1.0,1,0.0,0.214285714,0.0,6.888888889,1
0,5,74,8824,1,11,6991,0.27027027,0.72972973,0,38.0952381,0.0,0.018518519,4.333333333,0
1,0,1,129432,0,9,322,1.0,0.0,3,0.0,0.036585366,0.0,7.5,1
0,5,52,0,0,0,7297,0.519230769,0.480769231,0,88.88888889,0.0,0.08,0.0,0
0,3,203,3049386,1,0,3396,0.625615764,0.374384236,0,50.0,0.0,0.026315789,0.0,0
0,5,9,32,0,43,7764,0.0,1.0,0,0.0,0.060606061,0.0,16.83333333,1
1,2,1,2068080,0,7,3006,1.0,0.0,0,0.0,0.074074074,0.0,7.0,1
1,4,21,3652,0,12,8094,0.428571429,0.571428571,0,0.0,0.1363636359999999,0.75,12.0,1
0,4,39,2636665,1,0,1938,0.58974359,0.41025641,0,0.0,0.153846154,0.125,0.0,0
1,7,8,309382,0,6,2139,0.125,0.875,0,0.0,0.2,0.0,6.0,1
0,2,47,0,0,0,-1,0.042553191,0.957446809,0,50.0,0.041666667,0.0,0.0,0
1,0,14,0,1,4,42,1.0,0.0,0,0.0,0.0,0.0,3.5,1
0,2,368,4177140,1,0,3497,0.763586957,0.236413043,0,61.76470588,0.0,0.034482759,0.0,0
1,0,7,0,0,0,143,0.857142857,0.142857143,0,0.0,0.0,1.0,0.0,1
1,1,7,0,0,5,4103,1.0,0.0,0,100.0,0.0,0.0,4.5,1
1,2,259,0,0,5,-1,0.934362934,0.065637066,0,64.10256410000001,0.0,0.0,4.0,1
1,0,183,2182476,1,123,35,0.114754098,0.8852459020000001,0,0.746268657,0.487951807,0.481481481,26.6,1
1,3,56,0,1,9,2686,0.6964285709999999,0.303571429,1,27.77777778,0.0,0.058823529,5.0,1
0,7,0,376,2,34,7489,0.0,0.0,0,0.0,0.301169591,0.0,7.594594595,1
0,5,94,196497,1,8,2459,0.936170213,0.063829787,0,0.0,0.0,0.333333333,5.0,0
0,1,234,0,0,0,3820,0.987179487,0.012820513,0,0.0,0.0,1.333333333,0.0,0
0,8,0,383,0,8,7446,0.0,0.0,0,0.0,0.0845070419999999,0.0,4.666666667,0
1,2,0,0,1,6,6302,0.0,0.0,0,0.0,0.0,0.0,4.5,1
1,0,31,0,0,24,-1,0.483870968,0.516129032,1,0.0,0.37195122,0.4375,10.66666667,1
1,5,22,0,0,11,5627,0.181818182,0.818181818,0,25.0,0.025,0.277777778,7.0,1
1,0,16,0,0,12,2616,0.4375,0.5625,4,0.0,0.010416667,0.222222222,6.625,1
1,2,587,7054782,1,10,778,0.969335605,0.030664395,3,96.91780822,0.0,0.111111111,5.4,1
1,0,14,0,0,12,1794,0.071428571,0.928571429,0,0.0,0.0,0.153846154,5.8,1
0,4,199,1542,1,3,4706,0.783919598,0.216080402,0,75.0,0.038461538,0.0,3.0,0
1,5,2,22287,1,10,8079,1.0,0.0,0,0.0,0.0,0.0,8.666666667000001,0
1,0,3,0,0,2,1046,1.0,0.0,1,0.0,0.0,0.0,2.0,1
1,2,96,237648,0,5,2344,0.6875,0.3125,0,45.45454545,0.023255814,0.033333333,3.5,0
1,0,51,5707171,0,17,3993,1.0,0.0,0,100.0,0.134920635,0.0,7.375,1
1,1,29,0,1,13,3327,0.689655172,0.310344828,1,54.54545455,0.0,0.333333333,5.083333333,1
1,1,1,0,1,36,2414,0.0,1.0,1,0.0,0.174193548,1.0,12.3,1
1,1,103,491854,0,32,7062,0.932038835,0.067961165,0,0.0,0.320512821,0.285714286,17.5,1
1,0,0,0,0,13,507,0.0,0.0,0,0.0,0.151515152,0.0,8.666666667000001,1
1,2,70,0,0,9,605,0.828571429,0.171428571,2,11.11111111,0.04494382,0.333333333,4.25,1
1,5,0,0,0,0,5613,0.0,0.0,0,0.0,0.0625,0.0,0.0,1
0,0,21,0,0,5,9,0.952380952,0.047619048,1,0.0,0.0,1.0,4.75,1
1,1,0,0,1,25,2314,0.0,0.0,3,0.0,0.102880658,0.0,8.545454545,1
1,0,1,0,0,20,-1,1.0,0.0,0,0.0,0.105263158,0.0,20.0,1
1,5,21,0,0,7,5615,0.19047619,0.80952381,2,25.0,0.016393443,0.176470588,3.8,1
0,4,552,9638228,1,0,9438,0.7771739129999999,0.222826087,0,0.0,0.0,0.032520325,0.0,0
0,2,79,0,1,0,-1,0.379746835,0.620253165,0,32.25806452,0.0,0.020408163,0.0,0
1,5,11,39759,0,10,6205,0.727272727,0.272727273,0,0.0,0.008695652,0.0,5.615384615,0
0,7,1300,12,0,5,7134,0.920769231,0.079230769,0,66.88102894,0.0,0.252427184,4.5,0
0,0,13,0,1,106,1328,0.846153846,0.153846154,2,0.0,0.162705667,0.5,23.37878788,1
1,0,4,0,0,8,-1,1.0,0.0,1,100.0,0.0,0.0,5.6,1
0,3,78,1132851,1,0,-1,0.551282051,0.448717949,0,7.407407407000001,0.0,0.371428571,0.0,0
1,2,22,0,0,10,-1,0.727272727,0.272727273,0,90.90909091,0.0,0.0,6.666666667,1
0,7,274,2203,1,9,7410,0.916058394,0.083941606,0,0.0,0.0,0.086956522,5.375,0
0,7,825,12,0,8,7134,0.932121212,0.067878788,0,69.56521739,0.0,0.339285714,6.0,0
1,5,417,819732,0,6,4217,0.913669065,0.086330935,0,33.33333333,0.0,0.694444444,5.5,0
0,5,46,722263,0,6,4489,0.565217391,0.434782609,0,68.96551724,0.107142857,0.1,4.166666667,0
1,0,8,0,1,4,385,0.875,0.125,0,50.0,0.0,1.0,3.5,1
1,2,22,0,0,7,-1,0.590909091,0.409090909,0,100.0,0.0,0.0,5.0,1
1,2,0,0,1,6,8413,0.0,0.0,1,0.0,0.051948052,0.0,4.0,1
1,0,3,0,0,8,1824,1.0,0.0,2,0.0,0.022222222,0.0,4.0,1
1,4,26,0,0,46,8019,0.115384615,0.884615385,0,0.0,0.097744361,0.0,8.1,1
1,2,15,0,1,0,2044,0.466666667,0.533333333,0,100.0,0.0,0.0,0.0,0
0,3,23,5967691,0,40,1963,0.869565217,0.130434783,0,0.0,0.391304348,0.0,40.0,1
0,4,4,37348,0,0,6801,0.0,1.0,0,0.0,0.0,0.75,0.0,1
1,1,1,200509,0,4,5511,1.0,0.0,0,0.0,0.024390244,0.0,3.5,1
0,1,66,0,0,0,-1,0.424242424,0.575757576,0,0.0,0.0,0.0,0.0,0
1,0,17,0,0,17,154,1.0,0.0,0,0.0,0.239382239,0.0,5.371428571,1
1,0,31,0,0,3,791,1.0,0.0,0,100.0,0.0,0.0,3.0,1
1,3,8,4365,0,9,1953,0.125,0.875,0,0.0,0.023255814,0.0,8.5,1
1,8,5,114,1,16,5161,0.4,0.6,0,0.0,0.050632911,0.666666667,4.7,0
0,7,91,340,1,7,-1,0.846153846,0.153846154,0,80.0,0.083333333,0.642857143,4.0,0
1,0,10,0,1,17,531,0.9,0.1,3,0.0,0.225092251,0.0,6.25,1
1,8,5,114,1,13,5160,0.4,0.6,0,0.0,0.052631579,0.666666667,4.4,0
0,3,63,90756,0,0,5134,0.46031746,0.53968254,0,0.0,0.0,0.0,0.0,1
0,8,123,0,0,6,7445,0.658536585,0.341463415,0,95.45454545,0.08988764,0.023809524,3.777777778,0
1,0,0,0,0,4,1212,0.0,0.0,1,0.0,0.0,0.0,3.0,1
0,5,7,84222,0,5,7793,1.0,0.0,0,0.0,0.0,0.0,5.0,0
1,0,1,0,0,9,1856,1.0,0.0,0,0.0,0.103773585,0.0,4.538461538,1
1,0,4,5828815,0,17,4004,1.0,0.0,0,100.0,0.149606299,0.0,7.375,1
1,1,63,0,0,20,2887,0.142857143,0.857142857,3,3.636363636000001,0.16091954,0.944444444,6.571428571,1
1,5,0,27573,0,15,7431,0.0,0.0,0,0.0,0.042105263,0.0,6.1111111110000005,0
1,0,9,0,0,11,1905,1.0,0.0,2,0.0,0.007142857,0.0,6.5,1
1,1,0,0,0,17,3386,0.0,0.0,0,0.0,0.265625,0.0,6.2,1
0,0,0,0,1,7,4424,0.0,0.0,0,0.0,0.086956522,0.0,4.0,1
0,5,0,129860,1,17,7791,0.0,0.0,0,0.0,0.0,0.0,9.777777778,0
0,3,672,87568,0,0,3354,0.994047619,0.005952381,0,25.0,0.0,0.75,0.0,0
0,0,7,0,0,0,834,0.571428571,0.428571429,1,0.0,0.078947368,0.0,0.0,1
1,4,26,0,0,33,8019,0.115384615,0.884615385,0,0.0,0.043478261,0.0,8.166666667000001,1
1,0,68,0,1,4,1,0.75,0.25,0,63.63636364,0.0,0.117647059,3.0,1
0,8,47,0,0,0,5161,0.936170213,0.063829787,0,0.0,0.0,0.333333333,0.0,0
1,3,51,6835312,0,9,2968,0.882352941,0.117647059,0,20.0,0.048780488,0.333333333,6.0,0
0,2,130,800711,1,0,-1,0.923076923,0.076923077,0,64.28571429,0.0,0.3,0.0,0
1,4,519,31323,1,7,9337,0.938342967,0.061657033,0,82.66666667,0.0,0.1875,7.0,0
1,1,7,80476,1,5,-1,1.0,0.0,0,0.0,0.0,0.0,4.0,1
0,7,220,1038,0,5,6249,0.495454545,0.504545455,0,36.36363636,0.0,0.018018018,4.666666667,0
0,5,202,5999,1,10,8836,0.955445545,0.044554455,0,46.66666667,0.0,0.333333333,6.333333333,0
0,6,21,0,0,0,5332,1.0,0.0,0,100.0,0.0,0.0,0.0,0
0,2,15,0,1,0,6032,0.7333333329999999,0.266666667,0,0.0,0.0,0.0,0.0,0
1,0,6,0,1,13,-1,0.666666667,0.333333333,0,0.0,0.022727273,0.0,7.5,1
0,1,117,1522367,1,0,1490,0.923076923,0.076923077,0,37.5,0.0,0.111111111,0.0,0
0,4,336,272458,1,8,-1,0.904761905,0.095238095,0,63.93442623,0.0,0.40625,4.0,0
1,6,477,127,1,9,-1,0.962264151,0.037735849,0,64.51612903,0.0,0.0,6.0,0
0,4,73,338594,1,0,3335,0.8904109590000001,0.109589041,0,0.0,0.0,0.0,0.0,0
1,0,31,0,1,0,278,0.612903226,0.387096774,0,0.0,0.088888889,0.25,0.0,1
1,1,0,0,0,32,4376,0.0,0.0,0,0.0,0.196969697,0.0,14.0,1
0,4,34,2282426,1,10,5682,0.529411765,0.470588235,0,22.22222222,0.038461538,0.125,6.0,0
0,6,137,5890,1,22,9549,0.912408759,0.087591241,0,53.33333333,0.036697248,0.083333333,7.181818182000001,0
1,0,44,0,1,101,940,0.4318181820000001,0.568181818,0,0.0,0.260273973,0.4,23.8,1
1,0,1,3273064,0,24,496,0.0,1.0,1,0.0,0.307692308,1.0,14.6,1
1,0,0,0,1,5,230,0.0,0.0,0,0.0,0.05,0.0,3.666666667,1
1,0,24,0,0,8,4090,0.958333333,0.041666667,1,0.0,0.090909091,0.0,4.285714286,1
0,7,177,0,0,10,6716,0.6779661020000001,0.322033898,0,9.090909091,0.151515152,0.01754386,6.0,0
0,6,319,606,1,10,7838,0.818181818,0.181818182,0,42.85714286,0.0,0.327586207,7.5,0
0,5,462,14592,0,10,6069,0.805194805,0.194805195,0,60.50420168,0.0,0.166666667,7.0,0
1,0,51,5697976,0,17,3992,1.0,0.0,0,100.0,0.1953125,0.0,7.375,1
0,5,76,17004,1,7,3993,0.592105263,0.407894737,0,87.09677419,0.0,0.032258065,6.25,0
0,7,109,4350,0,6,9554,1.0,0.0,0,100.0,0.12,0.0,3.6,0
1,0,0,9213096,0,5,-1,0.0,0.0,0,0.0,0.086956522,0.0,5.0,1
1,2,31,1196152,0,4,1015,0.032258065,0.967741935,0,0.0,0.0,0.1,3.0,1
1,10,1,1,0,8,8348,0.0,1.0,2,0.0,0.0,0.0,6.0,1
1,0,87,0,1,5,681,0.344827586,0.655172414,1,32.3943662,0.0,0.684210526,4.0,1
0,2,65,5585999,1,0,4394,0.8,0.2,0,100.0,0.0,0.0,0.0,0
0,6,50,1432,1,10,8620,0.84,0.16,0,100.0,0.0,0.25,5.1111111110000005,0
0,2,21,0,1,0,7047,0.666666667,0.333333333,0,66.66666667,0.0,0.0,0.0,0
1,0,78,0,0,15,177,0.871794872,0.128205128,0,33.33333333,0.0,0.5,8.666666667000001,1
1,0,11,0,0,11,-1,1.0,0.0,0,100.0,0.044444444,0.0,6.0,1
0,2,46,5227935,1,0,5224,0.8478260870000001,0.152173913,0,75.0,0.0,0.285714286,0.0,0
0,5,229,4248,1,12,-1,0.8515283840000001,0.148471616,0,67.14285714,0.0,0.147058824,5.1428571430000005,0
0,4,88,10598549,1,9,4620,0.079545455,0.920454545,0,31.03448276,0.117647059,0.358024691,4.272727273,0
0,5,119,400693,1,7,8836,0.957983193,0.042016807,0,33.33333333,0.0,0.0,4.0,0
1,1,10,0,0,11,3297,1.0,0.0,1,100.0,0.161764706,0.0,6.0,1
1,1,60,0,0,4,3297,0.283333333,0.716666667,0,0.0,0.0,0.325581395,4.0,1
0,0,77,0,0,0,4245,0.974025974,0.025974026,0,0.0,0.0,0.5,0.0,0
1,0,18,0,0,32,523,1.0,0.0,0,0.0,0.390909091,0.0,12.83333333,1
1,0,151,0,1,8,-1,0.205298013,0.794701987,3,46.66666667,0.0,0.033333333,4.833333333,1
0,4,133,153891,1,0,7610,0.977443609,0.022556391,0,71.42857143,0.0,0.0,0.0,0
1,0,0,0,0,8,-2,0.0,0.0,1,0.0,0.078947368,0.0,5.333333333,1
1,2,9,9579282,0,8,1723,1.0,0.0,0,0.0,0.043478261,0.0,6.0,1
1,1,0,0,1,8,2926,0.0,0.0,1,0.0,0.0,0.0,5.0,1
0,3,0,860529,0,0,2354,0.0,0.0,0,0.0,0.0,0.0,0.0,0
1,0,51,5697976,0,17,3992,1.0,0.0,0,100.0,0.19047619,0.0,8.142857142999999,1
0,0,7,0,0,4,1754,0.285714286,0.7142857140000001,0,0.0,0.0,0.4,4.0,1
0,5,96,2889,1,12,4489,0.9375,0.0625,0,72.72727273,0.035294118,0.0,6.5,0
1,5,211,35086,1,9,3282,0.938388626,0.061611374,1,42.85714286,0.0,0.076923077,6.333333333,0
0,3,135,4902560,1,0,6577,0.903703704,0.096296296,0,50.0,0.0,0.0,0.0,0
0,3,214,1468179,0,0,2969,0.953271028,0.046728972,0,82.60869565,0.0,0.4,0.0,0
0,4,209,50463,1,0,6374,0.95215311,0.04784689,0,28.57142857,0.0,0.2,0.0,0
0,5,139,283161,0,0,-1,0.7122302159999999,0.287769784,0,38.18181818,0.0,0.375,0.0,0
1,0,3,0,1,7,-1,0.333333333,0.666666667,1,0.0,0.0,1.0,5.0,1
1,0,10,0,0,5,1744,0.9,0.1,1,66.66666667,0.0,1.0,4.666666667,1
0,4,12,0,1,9,5071,1.0,0.0,0,0.0,0.103448276,0.0,6.2,1
1,0,39,0,0,0,625,1.0,0.0,0,0.0,0.052631579,0.0,0.0,1
1,1,12,0,0,11,7267,1.0,0.0,3,0.0,0.0,0.0,5.0,1
0,1,68,1486318,1,0,3893,0.867647059,0.132352941,0,85.71428571,0.0,0.222222222,0.0,0
0,3,174,1702679,1,0,3459,0.948275862,0.051724138,0,25.0,0.0,0.333333333,0.0,0
1,5,21,0,0,7,5626,0.19047619,0.80952381,2,25.0,0.195652174,0.294117647,4.5,1
0,4,58,79203,1,0,2649,0.74137931,0.25862069,0,0.0,0.0,0.133333333,0.0,0
0,10,25,63,0,11,7491,0.52,0.48,0,0.0,0.0,0.0,11.0,0
0,5,108,1318241,1,12,7375,0.703703704,0.296296296,0,65.07936508,0.0,0.71875,7.25,0
0,3,173,10170,1,0,4484,0.8381502890000001,0.161849711,0,52.17391304,0.0,0.0,0.0,0
1,1,0,0,0,16,6198,0.0,0.0,0,0.0,0.030612245,0.0,5.8,1
1,0,32,0,0,15,-1,0.03125,0.96875,1,0.0,0.057142857,0.225806452,7.8,1
1,0,9,0,0,32,1467,0.333333333,0.666666667,0,0.0,0.133333333,0.0,11.0,1
1,0,0,0,0,2,3152,0.0,0.0,0,0.0,0.0,0.0,2.0,1
1,2,53,0,0,26,6608,0.962264151,0.037735849,3,83.33333333,0.107438017,0.0,8.391304348,1
1,0,51,5697976,0,17,3992,1.0,0.0,0,100.0,0.166666667,0.0,8.142857142999999,1
1,3,170,0,1,13,-1,0.988235294,0.011764706,0,92.85714286,0.053763441,0.0,5.7,0
1,0,23,0,0,4,7,0.739130435,0.260869565,0,0.0,0.0,0.166666667,3.5,1
1,0,38,0,0,10,190,0.7894736840000001,0.210526316,0,0.0,0.46875,0.5,5.9,1
1,0,7,0,0,0,165,0.857142857,0.142857143,0,0.0,0.027027027,1.0,0.0,1
1,0,22,0,0,22,3833,0.818181818,0.181818182,1,66.66666667,0.029850746,0.75,11.0,1
0,6,289,656,1,7,6859,0.85467128,0.14532872,0,19.04761905,0.0,0.047619048,5.0,0
1,0,19,0,0,7,1278,1.0,0.0,1,100.0,0.0,0.0,4.5,1
0,3,235,364749,1,2,2012,0.94893617,0.05106383,0,42.85714286,0.0,0.166666667,2.0,0
1,0,54,0,0,7,-1,0.148148148,0.851851852,0,0.0,0.0,0.0,7.0,1
0,1,55,696662,1,0,4839,0.818181818,0.181818182,0,42.85714286,0.0,0.0,0.0,0
0,5,76,5832,0,9,5779,0.960526316,0.039473684,0,92.30769231,0.0,0.0,6.5,0
0,4,91,1208521,1,10,4926,0.989010989,0.010989011,0,0.0,0.0,0.0,6.571428571,0
0,1,56,0,1,0,4863,0.982142857,0.017857143,0,83.33333333,0.0,1.0,0.0,0
1,0,12,0,0,7,-1,0.583333333,0.4166666670000001,1,0.0,0.0,0.2,4.0,1
0,4,503,30291,1,0,5434,0.972166998,0.027833002,0,57.14285714,0.0,0.071428571,0.0,0
1,2,23,0,0,300,819,1.0,0.0,1,100.0,0.126315789,0.0,47.57142857,1
0,3,58,1123904,1,0,5166,0.5862068970000001,0.413793103,0,57.14285714,0.0,0.333333333,0.0,0
1,0,31,0,0,1,-1,0.838709677,0.161290323,0,80.0,0.0,0.2,1.0,1
1,0,7,0,1,108,383,0.857142857,0.142857143,2,0.0,0.205263158,1.0,26.0,1
0,4,102,620833,1,0,8601,0.81372549,0.18627451,0,55.0,0.0,0.315789474,0.0,0
1,2,23,0,0,202,818,1.0,0.0,0,100.0,0.177165354,0.0,103.5,1
0,4,11,4547034,1,0,6600,0.727272727,0.272727273,0,33.33333333,0.0,0.0,0.0,0
1,1,103,1063779,0,0,6996,0.932038835,0.067961165,0,0.0,0.057142857,0.285714286,0.0,1
0,3,20,97934,1,0,-1,1.0,0.0,0,0.0,0.0,0.0,0.0,0
0,3,1,28934,0,12,-1,1.0,0.0,0,0.0,0.036363636,0.0,4.833333333,0
0,1,130,0,1,0,5687,0.669230769,0.330769231,0,25.0,0.0,0.0,0.0,0
1,1,0,8277873,0,11,5495,0.0,0.0,2,0.0,0.039473684,0.0,5.333333333,1
1,0,0,0,0,2,3633,0.0,0.0,0,0.0,0.0,0.0,2.0,1
0,6,74,2575,1,0,4720,0.351351351,0.648648649,0,35.71428571,0.0,0.0625,0.0,0
0,4,215,19726,1,10,-1,0.906976744,0.093023256,0,97.61904762,0.08974359,0.35,5.428571429,0
0,6,109,10549,0,10,5887,0.7064220179999999,0.293577982,0,85.14851485,0.117647059,0.5,4.333333333,0
1,4,23,241316,1,7,-1,0.7826086959999999,0.217391304,0,93.75,0.102941176,0.2,5.0,0
0,10,1,1,0,14,8348,0.0,1.0,2,0.0,0.016666667,0.0,6.2,1
1,3,30,309153,0,11,8922,1.0,0.0,1,0.0,0.0,0.0,7.25,1
1,5,32,0,0,5,7800,0.96875,0.03125,2,100.0,0.0,0.0,4.0,1
0,6,179,1105,0,10,5484,0.351955307,0.648044693,0,30.0,0.103773585,0.155172414,6.363636364,0
1,1,11,0,1,2,-1,0.636363636,0.363636364,0,0.0,0.0,0.0,1.5,1
0,5,0,21,0,17,9339,0.0,0.0,0,0.0,0.222222222,0.0,8.818181818,1
1,0,5,0,0,5,3976,0.4,0.6,1,0.0,0.225806452,0.666666667,3.333333333,1
0,4,74,3862928,1,11,3952,0.972972973,0.027027027,1,0.0,0.0,0.5,7.0,0
1,0,37,0,0,10,-1,0.621621622,0.378378378,0,100.0,0.029411765,0.0,5.333333333,1
0,6,133,685,1,9,9200,0.781954887,0.218045113,0,16.12903226,0.0,0.379310345,7.5,0
0,2,0,4198823,1,17,-1,0.0,0.0,0,0.0,0.093220339,0.0,7.272727272999999,1
0,5,117,101802,0,7,-1,0.948717949,0.051282051,0,76.92307692,0.162790698,0.5,4.0,0
1,2,0,0,0,10,-1,0.0,0.0,3,0.0,0.0,0.0,5.545454545,1
0,2,68,1404167,1,0,3731,0.705882353,0.294117647,0,32.0,0.0,0.05,0.0,0
0,3,2,0,0,0,-1,0.0,1.0,0,0.0,0.0,0.0,0.0,0
0,3,70,531663,1,0,3621,0.828571429,0.171428571,0,85.36585366,0.0,0.25,0.0,0
1,1,0,3987899,0,7,7308,0.0,0.0,0,0.0,0.0,0.0,5.5,1
0,5,168,3247651,1,0,8520,0.94047619,0.05952381,0,84.21052632,0.0,0.1,0.0,0
1,0,16,0,0,64,241,0.9375,0.0625,2,100.0,0.408163265,0.0,14.92857143,1
0,10,140,8,1,19,8516,0.314285714,0.685714286,0,100.0,0.0,0.0,19.0,0
0,6,50,1418,1,11,8618,0.84,0.16,0,100.0,0.0,0.25,5.272727273,0
1,0,38,0,0,8,778,0.421052632,0.578947368,3,11.11111111,0.057142857,0.227272727,5.5,1
1,0,89,2602858,0,27,252,0.5505617979999999,0.449438202,0,9.302325581,0.265822785,0.8,9.75,1
1,6,66,2672,1,10,8830,0.848484848,0.151515152,0,20.0,0.0,0.1,4.428571429,0
0,3,22,673432,1,0,5220,0.8636363640000001,0.1363636359999999,0,0.0,0.0,0.0,0.0,0
1,0,13,0,0,3,-1,0.846153846,0.153846154,0,0.0,0.5,1.0,2.75,1
0,5,351,291680,1,0,1609,0.9002849,0.0997151,0,74.50980392,0.0,0.085714286,0.0,0
0,10,52,2,1,11,5637,0.557692308,0.442307692,0,0.0,0.11627907,0.0,5.666666667,0
1,0,68,9987254,1,8,5185,0.6911764709999999,0.308823529,0,40.0,0.0,0.047619048,6.0,1
1,3,8,4365,0,10,1953,0.125,0.875,0,0.0,0.045454545,0.0,10.0,1
1,4,0,621523,0,14,6550,0.0,0.0,0,0.0,0.086419753,0.0,4.6363636360000005,0
0,6,159,1010,1,14,7292,0.257861635,0.742138365,1,4.8192771080000005,0.059701493,0.576271186,6.166666667,0
0,5,79,2192,0,10,7619,0.569620253,0.430379747,0,60.60606061,0.0,0.117647059,8.666666667000001,0
0,8,225,41,0,11,6057,0.333333333,0.666666667,0,16.33986928,0.103896104,0.033333333,6.571428571,0
0,5,36,11,0,0,8315,1.0,0.0,0,0.0,0.0,0.0,0.0,0
0,2,54,0,1,4,7736,0.944444444,0.055555556,0,50.0,0.0,0.0,4.0,0
0,5,80,0,1,10,1850,0.95,0.05,0,0.0,0.0,0.0,6.75,0
0,4,371,31746,0,8,-1,0.929919137,0.070080863,0,42.10526316,0.066666667,0.153846154,4.888888889,1
1,1,133,507771,0,9,1899,0.902255639,0.097744361,1,30.0,0.0,0.153846154,5.0,1
0,3,23,3597817,0,0,3481,0.695652174,0.304347826,0,80.0,0.0,0.285714286,0.0,0
0,2,39,657678,1,0,2860,0.897435897,0.102564103,0,0.0,0.0,0.0,0.0,0
1,0,96,0,0,12,5211,0.770833333,0.229166667,0,16.66666667,0.0,0.272727273,7.0,1
0,3,119,0,1,7,-1,0.966386555,0.033613445,0,0.0,0.0,0.5,4.0,0
0,4,607,176808,1,0,-1,0.901153213,0.098846787,0,22.03389831,0.0,0.133333333,0.0,0
0,4,168,562216,1,0,6553,0.267857143,0.732142857,0,36.11111111,0.0,0.178861789,0.0,0
1,2,180,4669,0,0,1546,0.227777778,0.772222222,0,28.57142857,0.121212121,0.014388489,0.0,1
1,0,51,5707171,0,17,3993,1.0,0.0,0,100.0,0.109375,0.0,7.375,1
0,6,74,127,1,11,-1,0.932432432,0.067567568,1,42.85714286,0.0,0.0,7.5,0
0,5,210,6923,1,10,6673,0.5761904760000001,0.423809524,0,10.84337349,0.0,0.0,9.0,0
1,2,57,8177805,0,32,3290,1.0,0.0,0,100.0,0.223529412,0.0,10.0,1
1,0,6,0,0,64,-1,0.5,0.5,4,0.0,0.316513761,0.0,14.30769231,1
0,7,1251,195,1,7,7430,0.996802558,0.003197442,2,100.0,0.020408163,0.0,5.0,0
1,2,11,0,0,8,2199,1.0,0.0,2,100.0,0.0,0.0,4.4,1
1,4,7,0,0,46,8018,0.0,1.0,0,0.0,0.044444444,0.0,9.0,1
1,4,44,3128738,0,9,-1,0.545454545,0.454545455,0,100.0,0.18699187,0.1,5.8125,1
1,0,53,0,0,7,260,0.905660377,0.094339623,1,80.0,0.069767442,0.0,4.25,1
0,5,0,379,1,10,5047,0.0,0.0,0,0.0,0.0,0.0,7.625,0
1,0,1,0,0,32,3489,1.0,0.0,0,0.0,0.323076923,0.0,10.5,1
0,2,0,0,1,4,1629,0.0,0.0,0,0.0,0.0,0.0,3.5,1
0,10,19,1,0,21,8347,0.6315789470000001,0.368421053,2,100.0,0.038461538,0.0,12.5,1
1,6,146,348,1,9,7986,0.623287671,0.376712329,0,93.33333333,0.044444444,0.054545455,5.0,0
1,0,4,0,1,3,-1,1.0,0.0,0,100.0,0.0,0.0,3.0,1
0,3,225,512753,0,0,3606,0.982222222,0.017777778,0,100.0,0.133333333,0.0,0.0,0
0,6,102,3610,1,8,5201,0.833333333,0.166666667,0,71.875,0.0,0.352941176,5.5,0
1,5,19,0,0,67,5613,0.6315789470000001,0.368421053,0,100.0,0.1558441559999999,0.0,20.6,1
1,0,24,0,1,33,-1,1.0,0.0,0,100.0,0.118902439,0.0,13.05,1
0,2,114,0,0,0,2607,0.605263158,0.394736842,0,9.090909091,0.0,0.0,0.0,0
1,0,0,0,1,7,6267,0.0,0.0,0,0.0,0.0,0.0,5.5,1
1,2,0,0,0,3,4460,0.0,0.0,0,0.0,0.0,0.0,3.0,1
1,1,37,0,0,5,-1,0.945945946,0.054054054,1,100.0,0.0,0.0,5.0,1
1,1,22,0,0,64,1478,0.818181818,0.181818182,2,100.0,0.365482234,0.0,15.0,1
0,3,43,6143080,1,11,4717,0.534883721,0.465116279,0,50.0,0.016949153,0.4,4.666666667,0
1,7,52,609,1,11,11555,0.923076923,0.076923077,0,87.5,0.14,0.25,7.777777778,0
1,2,277,0,0,9,5444,0.227436823,0.772563177,0,24.36548223,0.081081081,0.056074766,5.857142857,0
1,2,15,4439212,0,11,-1,0.666666667,0.333333333,0,0.0,0.076923077,0.2,5.8,1
1,10,30,1,0,31,8347,0.333333333,0.666666667,1,0.0,0.111111111,0.0,11.66666667,1
0,0,12,0,1,0,1577,0.833333333,0.166666667,0,85.71428571,0.0,0.0,0.0,0
0,5,449,14420,0,9,6070,0.752783964,0.247216036,0,17.44186047,0.0,0.027027027,5.0,0
0,4,92,28680,1,7,4705,0.358695652,0.641304348,0,1.754385965,0.0,0.440677966,5.333333333,0
0,1,135,3768993,0,0,4980,0.533333333,0.466666667,0,51.42857143,0.0,0.126984127,0.0,0
1,0,20,0,0,32,1278,0.15,0.85,0,0.0,0.511904762,0.0,32.0,1
0,7,601,12,0,10,7130,0.888519135,0.111480865,0,47.24409449,0.037735849,0.358208955,4.8,0
1,3,1,2156460,1,13,3018,1.0,0.0,1,0.0,0.04,0.0,5.8,1
1,4,50,265,0,15,4471,0.94,0.06,0,0.0,0.125,0.0,6.0,1
1,1,0,0,0,13,2750,0.0,0.0,0,0.0,0.181818182,0.0,8.666666667000001,1
1,0,0,0,1,0,2010,0.0,0.0,0,0.0,0.0,0.0,0.0,0
0,5,64,59760,1,10,5505,0.734375,0.265625,0,0.0,0.0,0.058823529,6.0,0
1,3,1,18263,0,87,7086,0.0,1.0,0,0.0,0.0625,0.0,25.25,1
0,4,31,483429,1,0,-1,0.677419355,0.322580645,0,53.33333333,0.0,0.4,0.0,0
0,4,36,33346,1,9,3375,0.305555556,0.694444444,0,45.45454545,0.01754386,0.2,5.4,0
0,5,31,1192930,1,0,8970,0.483870968,0.516129032,0,23.80952381,0.0,0.0,0.0,0
1,4,79,262,0,0,4484,0.17721519,0.82278481,0,1.754385965,0.131578947,0.323076923,0.0,1
1,0,21,0,0,6,-1,0.428571429,0.571428571,1,33.33333333,0.268292683,0.0,2.5,1
1,0,88,0,0,32,2047,0.897727273,0.102272727,3,85.71428571,0.166666667,0.5555555560000001,9.0,1
1,0,4,0,0,4,1629,0.5,0.5,0,0.0,0.0,0.0,4.0,1
0,7,44,0,0,9,5232,0.659090909,0.340909091,0,0.0,0.01754386,0.0,4.666666667,0
0,2,22,1860501,1,0,1091,0.545454545,0.454545455,0,75.0,0.0,0.0,0.0,0
1,5,14,0,0,0,7295,0.071428571,0.928571429,0,14.28571429,0.0625,0.846153846,0.0,1
1,3,0,0,0,11,3154,0.0,0.0,0,0.0,0.103448276,0.0,6.75,1
1,3,0,6131468,0,10,2327,0.0,0.0,0,0.0,0.258064516,0.0,5.0,1
1,0,60,0,0,15,-1,0.95,0.05,0,100.0,0.130434783,0.0,7.666666667,1
0,2,605,321038,1,0,4957,0.869421488,0.1305785119999999,0,96.61016949,0.0,0.050632911,0.0,0
0,4,36,1203458,1,0,8058,0.388888889,0.611111111,0,41.17647059,0.0,0.090909091,0.0,0
1,0,0,0,0,5,-1,0.0,0.0,0,0.0,0.0,0.0,3.25,1
1,2,1,1096538,0,13,1496,1.0,0.0,4,0.0,0.069565217,0.0,5.333333333,1
0,2,6,0,1,0,-1,0.166666667,0.833333333,0,20.0,0.0,0.0,0.0,0
1,0,17,0,0,7,-1,0.176470588,0.8235294120000001,0,25.0,0.0,0.214285714,6.5,1
0,10,1,1,0,6,8346,0.0,1.0,2,0.0,0.0,0.0,4.6,1
1,2,0,0,0,7,-1,0.0,0.0,0,0.0,0.0,0.0,4.666666667,1
1,0,51,5697976,0,17,3992,1.0,0.0,0,100.0,0.220338983,0.0,7.375,1
1,1,22,0,0,10,778,0.8636363640000001,0.1363636359999999,3,100.0,0.036764706,0.0,6.0625,1
1,1,40,0,1,8,3534,0.125,0.875,2,20.0,0.0,0.085714286,5.0,1
0,4,0,41333,0,6,5273,0.0,0.0,0,0.0,0.096774194,0.0,4.0,0
0,5,0,54168,1,7,11262,0.0,0.0,0,0.0,0.106382979,0.0,6.0,0
1,7,37,13,0,26,9318,0.054054054,0.945945946,0,8.695652174,0.111111111,0.028571429,4.066666667,0
0,5,44,0,0,0,7298,0.113636364,0.8863636359999999,0,6.25,0.121212121,0.256410256,0.0,0
0,2,7,8768700,0,6,-1,1.0,0.0,1,0.0,0.022727273,0.0,4.0,1
0,2,14,0,0,0,564,0.928571429,0.071428571,0,100.0,0.0,1.0,0.0,1
1,6,332,763,1,17,9229,0.918674699,0.081325301,0,40.0,0.294117647,0.148148148,9.333333333,0
0,9,149,1056,1,12,6087,0.926174497,0.073825503,0,8.333333332999999,0.0,0.0,9.0,0
1,0,51,5707171,1,17,3993,1.0,0.0,0,100.0,0.12195122,0.0,7.375,1
0,10,62,35,1,14,5891,1.0,0.0,0,0.0,0.0,0.0,14.0,0
0,5,31,848,1,0,7389,0.483870968,0.516129032,0,36.36363636,0.0,0.3125,0.0,0
1,6,0,886,0,13,5658,0.0,0.0,0,0.0,0.0,0.0,7.0,1
0,2,89,0,1,0,-1,0.460674157,0.539325843,0,12.5,0.0,0.020833333,0.0,0
0,3,235,1324300,1,2,2409,0.978723404,0.021276596,0,50.0,0.0,0.2,2.0,0
1,6,57,11493,0,7,923,0.912280702,0.087719298,0,20.0,0.043478261,0.0,7.0,1
1,8,14,0,0,1,5160,0.928571429,0.071428571,0,80.0,0.054054054,0.0,1.0,0
0,4,34,421761,1,21,3251,0.205882353,0.794117647,1,0.0,0.0,0.0,18.5,1
1,0,6,0,0,9,1337,0.333333333,0.666666667,0,0.0,0.0,0.0,5.2,1
0,1,23,6641931,1,0,2070,0.956521739,0.043478261,0,0.0,0.0,0.0,0.0,0
1,0,20,0,0,15,-1,0.95,0.05,0,0.0,0.272727273,0.0,7.0,1
1,2,182,0,0,9,5121,0.032967033,0.967032967,2,3.571428571,0.053333333,0.551136364,5.1428571430000005,1
0,5,327,0,0,0,7297,0.431192661,0.568807339,0,47.23247232,0.0,0.580645161,0.0,0
0,2,90,0,1,0,-1,0.111111111,0.8888888890000001,0,13.95348837,0.0,0.125,0.0,0
1,0,88,982473,1,6,-1,0.920454545,0.079545455,1,100.0,0.0,0.0,4.333333333,1
0,4,139,0,1,11,2411,0.021582734,0.978417266,0,0.0,0.0,0.073529412,5.666666667,0
1,1,0,10749999,0,5,834,0.0,0.0,0,0.0,0.0,0.0,4.333333333,1
0,7,465,12,0,6,7133,0.886021505,0.113978495,0,43.61702128,0.0,0.301886792,5.0,0
0,7,317,3483,1,11,10320,0.880126183,0.119873817,0,25.92592593,0.076923077,0.263157895,6.0,0
0,2,671,1323616,1,0,3180,0.98509687,0.01490313,0,50.0,0.0,0.0,0.0,0
0,4,114,1239633,0,0,-1,0.754385965,0.245614035,0,50.0,0.0,0.107142857,0.0,0
0,7,96,609,0,8,11555,1.0,0.0,0,100.0,0.08,0.0,4.4,0
1,0,0,0,1,7,1704,0.0,0.0,2,0.0,0.0,0.0,4.75,1
1,0,31,0,0,0,275,0.612903226,0.387096774,0,0.0,0.1,0.25,0.0,1
0,6,105,5921,0,4,12165,0.876190476,0.123809524,0,0.0,0.085714286,0.538461538,4.0,0
0,0,21,0,0,70,987,0.761904762,0.238095238,0,0.0,0.142458101,0.2,24.07692308,1
1,0,100,0,1,5,1787,0.93,0.07,1,44.44444444,0.022727273,0.571428571,5.0,1
1,2,12,234071,0,5,-1,0.75,0.25,0,100.0,0.0,0.0,4.5,1
1,3,0,4365,0,10,1953,0.0,0.0,0,0.0,0.162162162,0.0,6.5,1
0,5,21,118171,0,13,6967,0.952380952,0.047619048,0,90.0,0.0,1.0,11.0,0
1,7,4,309082,0,11,2138,0.0,1.0,0,0.0,0.04,0.0,5.6,1
0,4,26,945088,0,9,2497,0.653846154,0.346153846,0,61.9047619,0.104477612,0.666666667,4.857142857,0
1,2,0,0,1,6,4605,0.0,0.0,0,0.0,0.0,0.0,5.0,1
1,1,5,0,1,7,1778,0.4,0.6,0,0.0,0.0,0.0,4.0,1
1,3,154,2336,0,6,7160,0.967532468,0.032467532,0,96.77419355,0.139534884,1.0,4.5,0
0,2,10,0,1,0,4514,0.9,0.1,0,66.66666667,0.0,0.0,0.0,0
0,5,206,15400,1,7,5384,0.781553398,0.218446602,0,15.15151515,0.076923077,0.222222222,5.1111111110000005,0
0,5,66,2188,0,9,7615,0.666666667,0.333333333,0,79.16666667,0.0,0.045454545,7.75,0
0,3,157,320977,1,0,-1,0.923566879,0.0764331209999999,0,85.0,0.0,0.583333333,0.0,0
1,2,32,0,0,8,2130,0.5,0.5,0,0.0,0.096153846,0.125,7.0,0
1,4,18,7521365,1,13,4565,0.277777778,0.7222222220000001,0,71.42857143,0.031746032,0.230769231,5.333333333,1
0,8,55,1084,1,10,9108,0.763636364,0.236363636,0,42.85714286,0.100840336,0.461538462,4.6875,0
0,3,221,10297537,0,0,5808,0.583710407,0.416289593,0,31.48148148,0.0,0.173913043,0.0,0
1,1,8,0,0,4,1523,1.0,0.0,0,0.0,0.0,0.0,3.5,1
0,4,212,260782,1,0,-1,0.990566038,0.009433962,0,95.0,0.0,0.0,0.0,0
0,10,10,1,0,23,8348,0.0,1.0,0,0.0,0.075757576,0.0,7.4,1
1,0,51,5697976,0,15,3992,1.0,0.0,0,100.0,0.117647059,0.0,8.5,1
1,1,0,0,0,8,715,0.0,0.0,3,0.0,0.0,0.0,5.25,1
1,0,51,2580873,0,32,1659,0.588235294,0.411764706,0,100.0,0.333333333,0.095238095,8.666666667000001,1
0,6,420,8262,1,10,6318,0.945238095,0.054761905,0,16.66666667,0.057971014,0.173913043,6.166666667,0
0,6,160,5752,1,9,5397,0.73125,0.26875,0,21.73913043,0.0,0.11627907,4.666666667,0
0,2,69,1218702,0,0,4633,0.811594203,0.188405797,0,81.81818182,0.0,0.076923077,0.0,0
0,4,46,335398,0,8,5458,0.869565217,0.130434783,0,100.0,0.016393443,0.0,5.6,0
1,0,211,0,0,7,323,0.483412322,0.5165876779999999,0,0.0,0.0,0.0,5.75,1
1,0,33,0,0,17,213,0.515151515,0.484848485,0,16.66666667,0.0,0.5,6.875,1
0,10,116,1,0,10,8349,0.8879310340000001,0.112068966,0,11.11111111,0.014084507,0.307692308,4.333333333,0
1,3,71,2272,0,6,7157,0.901408451,0.098591549,0,100.0,0.133333333,0.571428571,6.0,0
0,6,51,2140,1,11,5910,0.862745098,0.1372549019999999,0,68.75,0.0,0.7142857140000001,5.0,0
0,3,1,1499409,1,0,4517,0.0,1.0,0,0.0,0.0,0.0,0.0,0
1,0,0,0,1,30,-1,0.0,0.0,2,0.0,0.225961538,0.0,7.75,1
1,4,12,113061,0,5,4790,0.333333333,0.666666667,1,0.0,0.0,0.0,4.333333333,1
1,2,132,4830221,0,10,1706,1.0,0.0,2,100.0,0.051020408,0.0,6.9,1
0,3,18,70339,0,5,-1,0.222222222,0.7777777779999999,1,100.0,0.0,0.0,3.5,0
0,2,7,0,0,0,-1,0.571428571,0.428571429,0,100.0,0.0,0.666666667,0.0,0
0,2,264,0,1,11,4278,0.958333333,0.041666667,0,33.33333333,0.0,0.0,7.333333333,0
0,3,50,897103,1,0,-1,0.98,0.02,0,100.0,0.0,0.0,0.0,0
0,0,18,0,0,44,204,1.0,0.0,0,100.0,0.075949367,0.0,16.33333333,1
0,4,9,245759,1,0,6497,0.222222222,0.7777777779999999,0,42.85714286,0.0,0.285714286,0.0,0
1,7,281,125,1,11,9281,0.8861209959999999,0.113879004,0,46.42857143,0.263157895,0.125,7.0,0
0,5,145,7218,1,12,7403,0.8827586209999999,0.117241379,1,61.11111111,0.052631579,0.352941176,6.888888889,0
1,4,0,273715,0,0,3460,0.0,0.0,0,0.0,0.0,0.0,0.0,1
1,7,484,8473,0,4,9265,0.993801653,0.006198347,0,99.75124378,0.125,0.666666667,4.0,0
0,6,96,685,1,10,9201,0.875,0.125,0,40.0,0.0,0.0,8.0,0
0,7,320,124,1,7,9283,0.73125,0.26875,0,73.68421053,0.0,0.058139535,4.25,0
0,6,299,682,1,3,6258,0.903010033,0.096989967,0,54.54545455,0.0,0.034482759,3.0,0
0,5,28,4,0,0,8315,1.0,0.0,1,0.0,0.0,0.0,0.0,0
1,1,0,0,0,8,3077,0.0,0.0,0,0.0,0.142857143,0.0,5.25,1
1,3,14,2080075,0,12,4091,0.428571429,0.571428571,0,0.0,0.235294118,0.0,8.666666667000001,1
1,0,4,0,0,7,3318,1.0,0.0,1,100.0,0.022222222,0.0,4.333333333,1
1,0,86,0,1,11,1048,0.5,0.5,2,37.5,0.0,0.0,6.0,1
1,1,0,0,0,2,2772,0.0,0.0,0,0.0,0.090909091,0.0,2.0,1
0,1,85,0,1,0,2805,0.905882353,0.094117647,0,27.27272727,0.0,0.125,0.0,0
0,5,217,1273697,1,0,8164,0.953917051,0.046082949,0,20.0,0.0,0.5,0.0,0
0,1,234,4365827,1,0,1664,0.974358974,0.025641026,0,68.75,0.0,0.833333333,0.0,0
1,1,0,0,1,4,-1,0.0,0.0,0,0.0,0.0,0.0,3.5,1
0,2,60,0,1,0,7191,0.316666667,0.683333333,0,50.0,0.0,0.024390244,0.0,0
0,2,34,542841,1,0,1309,0.852941176,0.147058824,0,86.20689655,0.0,0.2,0.0,0
1,2,79,0,0,9,444,0.455696203,0.544303797,0,37.5,0.0,0.0,7.5,1
1,0,4,0,0,32,872,0.0,1.0,1,0.0,0.244680851,0.0,4.538461538,1
0,4,165,1328127,1,0,2437,0.836363636,0.163636364,0,8.333333332999999,0.0,0.259259259,0.0,0
1,0,0,3948303,0,168,1610,0.0,0.0,0,0.0,0.145374449,0.0,61.33333333,1
1,8,5,115,1,12,5160,0.4,0.6,0,0.0,0.053333333,0.666666667,4.3,0
0,5,0,1883099,1,27,6425,0.0,0.0,0,0.0,0.0,0.0,10.5,0
1,5,17,0,0,0,7296,0.058823529,0.941176471,0,0.0,0.0,0.0625,0.0,1
0,2,111,0,1,6,4069,0.954954955,0.045045045,0,78.57142857,0.0,0.2,4.5,0
1,3,92,0,0,9,523,0.880434783,0.119565217,0,0.0,0.0,0.0,6.666666667,1
0,5,158,1654335,0,10,3376,0.101265823,0.898734177,0,79.41176471,0.104166667,0.0845070419999999,5.181818182,0
0,5,280,15044,1,0,-1,0.971428571,0.028571429,0,57.14285714,0.0,0.625,0.0,0
0,4,177,2716802,0,0,5080,0.926553672,0.0734463279999999,0,13.33333333,0.0,0.615384615,0.0,0
1,4,70,94719,1,7,6928,0.8857142859999999,0.114285714,0,50.0,0.0,0.5,5.0,0
0,5,0,525473,1,10,6984,0.0,0.0,0,0.0,0.114754098,0.0,4.125,0
0,3,83,0,1,0,1262,0.180722892,0.819277108,0,54.54545455,0.0,0.0,0.0,0
0,5,23,0,1,11,8227,0.739130435,0.260869565,0,100.0,0.0,0.0,11.0,0
0,5,20,0,1,0,2539,0.8,0.2,0,0.0,0.0,0.0,0.0,0
1,2,83,0,0,8,-1,0.289156627,0.710843373,0,0.0,0.162162162,0.016949153,7.0,1
0,3,0,298753,1,0,3313,0.0,0.0,0,0.0,0.0,0.0,0.0,0
1,3,77,2272,0,6,7156,0.948051948,0.051948052,0,100.0,0.119047619,0.0,4.25,0
1,1,1,723831,0,5,5062,0.0,1.0,0,0.0,0.242857143,1.0,3.333333333,0
0,5,68,2709,1,9,1925,0.852941176,0.147058824,0,30.0,0.0,0.0,4.727272727,0
1,5,52,238118,2,16,-1,0.615384615,0.384615385,1,100.0,0.092715232,0.1,5.764705882,1
1,4,2,132459,1,6,2290,0.0,1.0,0,0.0,0.071428571,0.0,6.0,1
0,4,72,1611338,1,0,-1,0.8472222220000001,0.152777778,0,0.0,0.0,0.818181818,0.0,0
0,2,182,314249,1,0,3753,0.961538462,0.038461538,0,0.0,0.0,0.285714286,0.0,0
0,1,16,45133,0,0,806,0.5,0.5,0,0.0,0.045454545,0.0,0.0,1
1,2,36,0,0,7,3538,0.7222222220000001,0.277777778,4,0.0,0.0,0.8,4.571428571,1
0,5,185,969,1,10,7584,0.994594595,0.005405405,0,92.85714286,0.0,0.0,7.0,0
0,5,46,135545,1,7,7108,0.891304348,0.108695652,0,33.33333333,0.0,0.2,3.333333333,0
0,3,109,211484,1,0,3571,0.990825688,0.009174312,0,0.0,0.0,2.0,0.0,0
0,6,270,606,1,10,7839,0.7555555559999999,0.244444444,0,27.27272727,0.0,0.257575758,9.0,0
1,10,37,1,0,16,8349,0.72972973,0.27027027,2,100.0,0.0,0.0,10.33333333,1
0,6,68,19486,1,9,-1,0.25,0.75,0,51.2195122,0.090909091,0.0,4.272727273,0
0,4,70,475598,1,8,7883,0.285714286,0.7142857140000001,0,17.64705882,0.05,0.24,5.0,0
0,7,884,12,0,9,7132,0.883484163,0.116515837,0,76.26728111,0.0,0.601941748,6.666666667,0
1,0,3,0,0,73,-1,1.0,0.0,1,0.0,0.363636364,0.0,16.75,1
1,4,28,1148678,0,7,2960,0.964285714,0.035714286,0,94.44444444,0.025641026,0.0,4.25,0
0,2,229,890770,1,0,2051,0.908296943,0.091703057,0,0.0,0.0,0.0,0.0,0
1,3,0,0,1,12,4170,0.0,0.0,3,0.0,0.0,0.0,6.25,1
1,1,23,0,1,32,4284,0.7826086959999999,0.217391304,2,20.0,0.247058824,0.0,10.2,1
1,5,214,16175,1,12,4306,0.981308411,0.018691589,0,33.33333333,0.0,0.25,8.8,0
0,3,112,151781,1,7,4821,0.901785714,0.098214286,0,72.72727273,0.0,0.0,6.0,0
1,0,0,0,0,32,3381,0.0,0.0,0,0.0,0.21641791,0.0,6.357142857,1
0,6,91,277,1,13,7744,0.89010989,0.10989011,0,100.0,0.08045977,0.2,8.142857142999999,0
1,0,0,0,0,11,-1,0.0,0.0,1,0.0,0.139534884,0.0,5.3,1
0,3,39,2506622,1,0,1592,0.0,1.0,0,0.0,0.0,0.128205128,0.0,0
0,6,245,688,1,10,6255,0.889795918,0.110204082,0,55.17241379,0.0,0.0,10.0,0
0,6,273,600,1,10,7835,0.787545788,0.212454212,0,30.43478261,0.0,0.275862069,5.666666667,0
1,3,6,2209903,1,4,4723,0.333333333,0.666666667,0,71.42857143,0.0,0.75,3.5,1
0,5,511,14420,0,9,6071,0.6868884540000001,0.313111546,0,7.368421053,0.0,0.03125,7.0,0
1,8,0,385,0,9,7447,0.0,0.0,0,0.0,0.058252427,0.0,5.666666667,0
0,8,149,216,0,10,8215,0.932885906,0.067114094,0,70.0,0.0,0.2,4.0,0
0,5,32,0,0,0,7299,0.09375,0.90625,0,33.33333333,0.057142857,0.103448276,0.0,0
1,0,22,0,0,7,356,0.590909091,0.409090909,0,100.0,0.083333333,0.0,3.75,1
1,2,23,488922,1,8,1350,0.434782609,0.565217391,0,50.0,0.017857143,0.076923077,5.75,0
1,4,80,11262,1,13,2133,0.9375,0.0625,0,96.66666667,0.026315789,0.2,6.833333333,0
0,10,143,1,0,9,8346,0.909090909,0.090909091,0,11.11111111,0.0,0.384615385,4.555555556,0
0,6,253,688,0,29,6256,0.885375494,0.114624506,0,51.61290323,0.0,0.0,29.0,0
1,0,45,0,1,5,3415,0.688888889,0.311111111,0,71.42857143,0.139534884,0.142857143,3.666666667,1
0,4,22,357469,1,0,7649,0.409090909,0.590909091,0,0.0,0.0,0.230769231,0.0,0
0,6,285,606,1,10,7838,0.768421053,0.231578947,0,31.42857143,0.0,0.257575758,8.5,0
0,7,1284,13,0,9,7134,0.923676012,0.076323988,0,70.74626866,0.0,0.326530612,6.333333333,0
0,3,75,1090791,1,0,2786,0.28,0.72,0,71.42857143,0.0,0.055555556,0.0,0
0,5,42,18070,0,0,8934,0.857142857,0.142857143,0,33.33333333,0.0,0.0,0.0,0
0,3,77,355818,1,0,1205,0.948051948,0.051948052,0,0.0,0.0,0.0,0.0,0
1,5,35,10856,1,7,5526,0.342857143,0.6571428570000001,0,73.68421053,0.0,0.043478261,4.75,0
0,6,60,1495,1,9,5906,0.25,0.75,0,0.0,0.019607843,0.0,5.25,0
1,4,85,219535,0,8,6064,0.917647059,0.082352941,0,33.33333333,0.0,0.142857143,5.1,0
1,0,4,0,0,12,0,1.0,0.0,0,100.0,0.057142857,0.0,7.666666667,1
0,3,23,3399200,1,0,3494,0.391304348,0.608695652,0,60.0,0.0,0.0,0.0,0
1,0,9,0,0,13,3314,0.5555555560000001,0.444444444,3,0.0,0.0375,0.5,7.142857143,1
0,5,765,289,0,8,6338,0.903267974,0.096732026,0,9.756097561,0.0,0.027027027,6.0,0
1,4,26,0,0,36,8018,0.115384615,0.884615385,1,0.0,0.03030303,0.0,8.142857142999999,1
0,5,142,2352325,1,11,-1,0.6971830990000001,0.302816901,0,28.94736842,0.039473684,0.186046512,5.875,0
1,0,37,1961063,0,32,1669,0.0,1.0,0,0.0,0.325396825,0.027027027,8.666666667000001,1
1,0,86,0,0,0,3433,0.755813953,0.244186047,0,4.545454545,0.0,0.142857143,0.0,1
0,3,363,2294,0,6,7158,0.931129477,0.068870523,0,80.73394495,0.139534884,0.8,4.5,0
0,2,0,1509316,1,9,8217,0.0,0.0,1,0.0,0.088,0.0,5.5,0
1,10,10,1,0,29,8347,0.0,1.0,1,0.0,0.028571429,0.0,8.2,1
0,5,33,17784,0,8,12102,1.0,0.0,0,100.0,0.035714286,0.0,4.4,0
1,0,7,0,1,13,139,0.857142857,0.142857143,0,0.0,0.243902439,1.0,6.285714286,1
1,3,8,4365,0,5,1953,0.125,0.875,0,0.0,0.0,0.0,5.0,1
1,2,4,0,0,5,-1,0.5,0.5,0,0.0,0.018181818,0.0,3.5,1
0,6,887,2615,1,8,8048,0.990980834,0.009019166,0,90.32258065,0.0,0.0,5.5,0
1,0,4,0,0,49,276,1.0,0.0,1,0.0,0.465116279,0.0,14.42857143,1
0,4,10,551720,1,4,6529,0.6,0.4,0,0.0,0.0,0.0,4.0,0
0,5,33,22440,0,10,3871,0.575757576,0.424242424,0,14.28571429,0.0,0.285714286,6.25,0
0,3,25,936822,1,0,-1,0.72,0.28,0,100.0,0.0,0.0,0.0,0
1,6,8,20989,0,0,1336,1.0,0.0,0,0.0,0.034482759,0.0,0.0,1
0,2,50,0,1,0,-1,0.84,0.16,0,0.0,0.0,0.5,0.0,0
1,4,8,74,0,6,5466,0.0,1.0,0,0.0,0.089285714,0.0,5.0,1
1,1,3,8661090,0,32,-1,1.0,0.0,1,0.0,0.255813953,0.0,11.4,1
1,0,6,0,1,0,93,1.0,0.0,0,0.0,0.0,0.0,0.0,1
0,9,225,90,0,5,4672,0.804444444,0.195555556,0,97.93814433,0.0,0.181818182,5.0,0
0,7,210,12,0,9,7130,0.904761905,0.095238095,0,68.75,0.0,0.55,6.75,0
0,0,10,0,0,5,-1,0.9,0.1,1,0.0,0.344827586,0.0,2.833333333,1
0,5,121,3167,0,11,6215,0.8429752070000001,0.157024793,0,29.62962963,0.0,0.263157895,6.5,0
0,3,49,173891,0,0,-1,0.673469388,0.326530612,0,66.66666667,0.0,0.375,0.0,0
0,5,203,13287,1,8,7982,0.965517241,0.034482759,0,80.0,0.030927835,0.285714286,5.727272727000001,0
0,3,4,1080945,0,4,-1,0.75,0.25,0,0.0,0.428571429,0.0,4.0,1
1,2,0,7664335,0,13,2783,0.0,0.0,0,0.0,0.158730159,0.0,8.666666667000001,1
1,2,0,0,1,10,6405,0.0,0.0,0,0.0,0.0,0.0,4.875,1
1,5,22,0,0,5,5627,0.181818182,0.818181818,1,25.0,0.0,0.277777778,3.0,1
1,4,76,0,0,7,4684,0.342105263,0.657894737,2,0.0,0.0,0.24,4.5,1
0,2,18,502500,0,24,-1,0.833333333,0.166666667,0,0.0,0.1555555559999999,0.0,8.125,1
1,0,51,5707171,0,17,3993,1.0,0.0,0,100.0,0.171875,0.0,7.375,1
0,3,270,1375774,1,0,-1,0.925925926,0.074074074,0,82.35294118,0.0,0.05,0.0,0
0,3,124,2383950,1,0,5832,0.943548387,0.056451613,0,0.0,0.0,0.142857143,0.0,0
0,5,153,3759,1,9,5751,0.620915033,0.3790849670000001,0,20.0,0.0,0.103448276,6.0,0
0,7,275,12,0,11,7134,0.952727273,0.047272727,0,69.04761905,0.0,0.538461538,8.333333332999999,0
1,2,334,0,0,9,5443,0.221556886,0.7784431140000001,0,16.90140845,0.075,0.146153846,4.75,0
0,5,84,6060,1,8,4847,0.7142857140000001,0.285714286,0,20.0,0.0,0.083333333,4.75,0
1,2,31,1835934,1,24,-1,0.483870968,0.516129032,1,0.0,0.342541436,0.3125,9.333333333,1
1,1,103,272316,0,5,6253,0.932038835,0.067961165,1,0.0,0.047619048,0.285714286,4.0,1
1,0,0,0,0,5,6532,0.0,0.0,1,0.0,0.0,0.0,4.5,1
1,1,4,8615137,1,7,-1,0.75,0.25,0,100.0,0.0,0.0,5.0,1
0,5,28,0,0,0,7309,0.357142857,0.642857143,0,0.0,0.058823529,0.055555556,0.0,1
0,4,129,1409953,1,0,8649,0.472868217,0.527131783,0,58.33333333,0.0,0.014705882,0.0,0
1,0,78,0,0,32,2192,0.884615385,0.115384615,0,86.04651163,0.226190476,0.444444444,11.2,1
0,5,137,99,0,9,4062,0.7153284670000001,0.284671533,1,80.48780488,0.056818182,0.102564103,5.5,0
0,2,158,1889322,0,0,3691,0.8481012659999999,0.151898734,0,44.11764706,0.055555556,0.375,0.0,0
1,6,202,15561,1,9,9131,0.747524752,0.252475248,0,38.0952381,0.1125,0.294117647,4.888888889,0
1,10,30,1,0,56,8347,0.333333333,0.666666667,1,0.0,0.111111111,0.0,14.2,1
0,3,37,579623,1,8,5259,1.0,0.0,0,100.0,0.0,0.0,6.333333333,0
0,10,55,2,1,9,5636,0.472727273,0.527272727,0,0.0,0.089285714,0.0,5.4,0
1,3,24,0,0,0,-1,0.0,1.0,0,0.0,0.105263158,0.0,0.0,1
0,3,180,735492,0,0,-1,0.955555556,0.044444444,0,61.9047619,0.0,0.75,0.0,0
0,5,134,99,0,15,4059,0.731343284,0.268656716,0,83.78378378,0.048543689,0.055555556,7.25,0
1,2,0,0,0,10,90,0.0,0.0,0,0.0,0.0,0.0,10.0,1
0,2,948,9832045,1,0,3262,0.995780591,0.004219409,0,60.0,0.0,0.0,0.0,0
0,3,41,49465,1,0,4104,0.975609756,0.024390244,0,100.0,0.0,0.0,0.0,0
0,2,19,7604323,1,0,3913,0.894736842,0.105263158,0,0.0,0.0,0.0,0.0,0
0,3,30,0,0,0,4489,0.9,0.1,1,0.0,0.035714286,0.0,0.0,1
0,8,0,385,0,11,7448,0.0,0.0,0,0.0,0.06741573,0.0,4.666666667,0
0,5,70,0,0,0,7297,0.385714286,0.614285714,0,47.36842105,0.0,0.139534884,0.0,0
0,5,193,0,0,0,7299,0.062176166,0.937823834,0,0.0,0.0625,0.237569061,0.0,0
1,1,0,0,0,8,-1,0.0,0.0,3,0.0,0.016666667,0.0,4.0,1
0,3,76,8291831,0,7,2674,0.513157895,0.486842105,0,38.46153846,0.0,0.027027027,4.5,0
1,2,33,4669,0,5,1546,0.424242424,0.575757576,1,75.0,0.054545455,0.105263158,4.5,1
0,8,66,8007434,0,1,5159,0.590909091,0.409090909,0,76.19047619,0.0,0.0,1.0,0
1,0,10,0,1,17,3808,0.2,0.8,3,0.0,0.173913043,0.125,6.787878788,1
0,5,137,8755,1,10,8219,0.948905109,0.051094891,0,56.25,0.0,0.857142857,6.538461538,0
1,4,29,196027,1,10,2706,0.8620689659999999,0.137931034,1,0.0,0.015151515,0.0,6.5,0
0,3,8,2902297,1,4,5491,1.0,0.0,0,0.0,0.0,0.0,3.333333333,0
0,3,25,796025,1,15,581,0.56,0.44,0,50.0,0.0,0.0,12.33333333,1
0,3,361,1539269,1,17,-1,0.950138504,0.049861496,0,33.33333333,0.0,0.222222222,10.0,0
0,1,73,509584,1,0,-1,0.835616438,0.1643835619999999,0,33.33333333,0.0,0.0,0.0,0
1,1,119,0,1,7,1800,0.81512605,0.18487395,0,21.05263158,0.0,0.045454545,5.0,1
0,0,4,0,0,8,-1,0.0,1.0,0,0.0,0.174603175,0.0,4.285714286,1
0,2,165,8063240,0,0,-1,0.042424242,0.957575758,0,25.0,0.0,0.018987342,0.0,0
0,4,50,383023,1,7,7688,0.72,0.28,0,70.0,0.0,0.214285714,4.1111111110000005,0
0,8,953,557,1,10,7792,0.185729276,0.8142707240000001,2,71.42857143,0.108108108,0.0,6.6363636360000005,0
0,2,62,2628104,1,0,3088,0.919354839,0.0806451609999999,0,50.0,0.0,0.2,0.0,0
0,7,12,892,0,57,7968,0.583333333,0.4166666670000001,0,0.0,0.12745098,0.0,20.0,1
1,4,29,0,0,70,7083,0.344827586,0.655172414,0,100.0,0.23364486,0.0,14.27272727,1
0,4,96,237688,0,9,8000,0.875,0.125,0,61.53846154,0.0,0.4166666670000001,6.5,0
1,0,25,0,0,16,-1,0.16,0.84,1,30.76923077,0.128205128,0.428571429,4.833333333,1
1,2,6,1561104,0,0,7412,0.0,1.0,1,0.0,0.0,1.166666667,0.0,1
0,6,65,2673,1,8,6587,0.876923077,0.123076923,0,0.0,0.089552239,0.0,5.833333333,0
0,4,747,406163,1,0,6991,0.973226238,0.026773762,0,91.42857143,0.0,0.0,0.0,0
1,5,13,0,0,0,7295,0.076923077,0.923076923,0,25.0,0.0,0.833333333,0.0,1
1,0,0,0,1,2,2865,0.0,0.0,0,0.0,0.0,0.0,2.0,1
0,3,91,0,1,0,-1,0.978021978,0.021978022,0,66.66666667,0.0,0.0,0.0,0
0,3,130,0,1,0,1616,0.284615385,0.715384615,0,17.24137931,0.0,0.064516129,0.0,0
1,5,21,0,0,4,5616,0.19047619,0.80952381,0,25.0,0.0,0.176470588,3.5,1
0,5,172,53314,1,10,5086,0.808139535,0.191860465,0,38.46153846,0.0,0.121212121,7.5,0
0,2,3,2435691,1,0,6998,1.0,0.0,0,0.0,0.0,0.0,0.0,0
0,2,34,898859,1,0,2166,0.794117647,0.205882353,0,28.57142857,0.0,0.0,0.0,0
0,2,28,0,0,0,1493,0.464285714,0.535714286,0,50.0,0.0,0.0,0.0,0
0,2,23,504286,1,0,1346,0.434782609,0.565217391,0,50.0,0.0,0.0,0.0,0
0,5,66,92470,0,10,8575,0.727272727,0.272727273,0,41.93548387,0.0,0.5555555560000001,6.0,0
1,1,23,0,1,43,4284,0.7826086959999999,0.217391304,2,20.0,0.183006536,0.0,12.55555556,1
0,5,279,64385,0,9,4937,0.917562724,0.0824372759999999,0,70.42253521,0.0,0.826086957,6.333333333,0
1,4,15,1130377,0,17,2172,0.266666667,0.7333333329999999,0,16.66666667,0.0,0.090909091,17.0,1
0,6,181,688,0,23,6256,0.839779006,0.160220994,0,50.0,0.0,0.0,23.0,0
1,3,7,784159,0,5,-1,1.0,0.0,0,0.0,0.0,0.0,4.0,1
1,5,37,11846,0,9,6149,0.081081081,0.918918919,0,9.090909091,0.0,0.352941176,5.0,0
0,8,5,0,0,0,5160,0.4,0.6,0,0.0,0.0,0.666666667,0.0,0
1,7,624,12,0,6,7130,0.8862179490000001,0.113782051,0,68.72246696,0.0,0.478873239,5.333333333,0
1,3,0,0,1,8,201,0.0,0.0,3,0.0,0.0,0.0,4.333333333,1
0,3,234,428296,1,0,6304,0.867521368,0.132478632,0,24.13793103,0.0,0.419354839,0.0,0
1,5,14,276218,1,9,-1,0.5,0.5,0,0.0,0.0,0.0,7.571428571,0
0,0,43,0,1,0,862,0.465116279,0.534883721,0,18.18181818,0.0,0.086956522,0.0,1
0,4,15,833799,1,0,3312,0.6,0.4,0,25.0,0.0,0.0,0.0,0
1,4,0,50436,0,32,5783,0.0,0.0,0,0.0,0.298701299,0.0,14.66666667,1
1,4,0,1747496,1,6,3857,0.0,0.0,0,0.0,0.12244898,0.0,3.0,0
0,0,5,0,0,0,-1,0.4,0.6,1,100.0,0.0,0.0,0.0,1
0,7,0,0,0,8,5232,0.0,0.0,0,0.0,0.129032258,0.0,3.769230769,0
1,0,51,5707171,1,17,3992,1.0,0.0,0,100.0,0.1707317069999999,0.0,7.375,1
1,5,21,0,0,17,5627,0.19047619,0.80952381,0,25.0,0.15625,0.294117647,7.666666667,1
1,0,39,0,0,23,-1,0.025641026,0.974358974,1,0.0,0.308176101,0.6315789470000001,14.33333333,1
0,8,131,135,1,16,5222,0.7099236640000001,0.290076336,0,47.36842105,0.0,0.105263158,7.125,0
0,5,0,114489,0,16,8202,0.0,0.0,1,0.0,0.053333333,0.0,8.6,0
0,5,18,1307416,1,0,7449,0.7222222220000001,0.277777778,0,33.33333333,0.0,0.0,0.0,0
1,2,41,0,0,4,4383,0.902439024,0.097560976,0,100.0,0.0,0.0,4.0,1
0,8,584,70,1,7,8964,0.7482876709999999,0.251712329,0,94.54545455,0.212121212,0.0068027209999999,6.0,0
0,1,186,0,1,0,1456,0.612903226,0.387096774,0,20.0,0.0,0.166666667,0.0,0
1,0,31,0,0,7,2254,0.967741935,0.032258065,1,100.0,0.031746032,0.0,5.333333333,1
0,2,95,8889671,1,9,5032,0.842105263,0.1578947369999999,0,81.08108108,0.0,0.466666667,5.5,0
0,6,52,2604,1,8,8047,0.846153846,0.153846154,0,40.0,0.0,0.0,4.5,0
0,2,104,3541485,1,6,-1,0.663461538,0.336538462,0,53.19148936,0.0,0.057142857,4.333333333,0
0,5,83,10664,1,5,5812,0.746987952,0.253012048,0,11.11111111,0.0,0.238095238,3.6,0
0,3,78,3760288,1,0,2006,0.91025641,0.08974359,0,64.70588235,0.0,0.142857143,0.0,0
1,10,10,1,0,33,8347,0.0,1.0,1,0.0,0.071428571,0.0,7.571428571,1
1,2,2,4073967,0,0,2837,0.5,0.5,0,0.0,0.028571429,1.0,0.0,1
1,0,590,0,0,8,2809,0.969491525,0.030508475,2,96.91780822,0.0,0.055555556,4.666666667,1
1,0,8,0,1,6,212,0.375,0.625,0,0.0,0.0,0.0,6.0,1
1,2,18,787013,0,5,5509,0.7222222220000001,0.277777778,0,100.0,0.041666667,0.0,5.0,1
0,4,21,381443,1,0,3466,0.238095238,0.761904762,0,59.375,0.0,0.1875,0.0,0
1,2,16,2262517,0,3,1735,0.5,0.5,0,50.0,0.0,0.0,2.5,1
1,2,0,0,0,8,-1,0.0,0.0,0,0.0,0.024390244,0.0,4.5,0
0,7,1486,12,0,8,7130,0.860026918,0.139973082,0,62.85714286,0.0,0.346153846,5.25,0
1,2,9,3529045,1,8,-1,0.7777777779999999,0.222222222,0,50.0,0.054054054,1.0,5.0,0
1,0,16,0,0,5,-1,0.0625,0.9375,0,0.0,0.0,0.2,4.25,1
0,4,228,112982,1,0,3040,0.973684211,0.026315789,0,33.33333333,0.0,0.166666667,0.0,0
1,5,0,5865346,0,0,5612,0.0,0.0,0,0.0,0.127659574,0.0,0.0,1
0,4,46,55888,1,10,5414,0.586956522,0.413043478,0,54.54545455,0.011111111,0.421052632,5.6,0
1,1,156,940265,0,0,7251,0.25,0.75,0,39.13043478,0.0,0.0,0.0,1
1,5,0,0,0,0,5613,0.0,0.0,0,0.0,0.068965517,0.0,0.0,1
0,5,187,502614,1,10,7692,0.930481283,0.069518717,0,89.3442623,0.0,0.461538462,6.5,0
0,7,174,1518,0,9,5797,0.7356321840000001,0.264367816,0,16.66666667,0.094117647,0.130434783,4.818181818,0
1,2,24,0,0,11,2350,1.0,0.0,0,0.0,0.0,0.0,3.818181818,1
0,2,80,988977,1,0,-1,0.825,0.175,0,20.0,0.0,0.142857143,0.0,0
0,7,235,12,0,8,7132,0.953191489,0.046808511,0,71.05263158,0.0,0.454545455,6.666666667,0
0,5,96,76196,1,11,7071,0.854166667,0.145833333,0,42.85714286,0.0,0.071428571,6.4,0
0,5,0,4293,1,11,8592,0.0,0.0,0,0.0,0.107692308,0.0,6.6,0
1,3,29,238940,1,5,582,0.517241379,0.482758621,0,100.0,0.0,0.0,3.5,1
0,3,311,2415737,1,0,5342,0.938906752,0.061093248,1,41.37931034,0.0,0.315789474,0.0,0
1,0,51,5707171,0,17,3993,1.0,0.0,0,100.0,0.1693548389999999,0.0,8.142857142999999,1
1,2,1,0,0,9,4410,1.0,0.0,1,0.0,0.058823529,0.0,5.0,1
0,5,95,120226,1,8,6977,0.978947368,0.021052632,0,77.77777778,0.0,0.5,6.0,0
0,4,54,204376,1,7,5034,0.666666667,0.333333333,0,30.43478261,0.073529412,0.666666667,4.25,0
0,2,3,4286481,1,0,-1,0.0,1.0,0,0.0,0.033333333,0.0,0.0,0
0,5,51,413,0,0,6391,0.607843137,0.392156863,0,37.5,0.0,0.05,0.0,0
1,0,0,0,0,15,505,0.0,0.0,1,0.0,0.071428571,0.0,8.5,1
0,5,177,3636,1,9,3037,0.971751412,0.028248588,0,98.7012987,0.057142857,0.0,6.181818182000001,0
1,0,4,0,1,43,883,0.0,1.0,1,0.0,0.236486486,0.0,7.066666667000001,1
1,0,51,5697976,0,17,3992,1.0,0.0,0,100.0,0.118110236,0.0,7.375,1
0,4,47,1352921,1,7,8373,0.893617021,0.106382979,0,50.0,0.0,0.0,4.4,0
0,2,45,3148672,1,0,3579,0.044444444,0.955555556,0,0.0,0.0,0.069767442,0.0,0
0,3,8,0,1,0,-1,0.0,1.0,0,0.0,0.0,0.0,0.0,0
0,1,0,0,1,0,-1,0.0,0.0,0,0.0,0.038461538,0.0,0.0,0
1,0,1,9655552,0,8,155,1.0,0.0,1,0.0,0.0,0.0,5.25,1
1,0,17,0,0,32,-1,0.705882353,0.294117647,4,100.0,0.287128713,0.0,11.72727273,1
0,4,88,51845,1,0,6564,0.056818182,0.943181818,0,20.0,0.0,0.012048193,0.0,0
0,2,0,0,1,0,5617,0.0,0.0,0,0.0,0.0,0.0,0.0,0
0,6,66,2635,1,10,8829,0.848484848,0.151515152,0,20.0,0.0,0.0,5.166666667,0
0,6,511,779,1,4,7740,0.931506849,0.068493151,0,41.81818182,0.0,0.457142857,2.666666667,0
0,2,126,0,1,0,2718,0.968253968,0.031746032,0,90.0,0.0,0.25,0.0,0
0,4,36,163131,1,4,-1,0.5277777779999999,0.472222222,0,10.52631579,0.0,0.411764706,3.333333333,0
1,4,50,23288,0,11,7530,1.0,0.0,0,100.0,0.146341463,0.0,11.0,1
0,5,25,6362655,1,10,7376,0.84,0.16,0,42.85714286,0.04,0.0,8.0,0
0,4,14,1936483,1,0,9041,0.7857142859999999,0.214285714,0,60.0,0.0,0.0,0.0,0
1,6,123,21416,1,10,3839,0.642276423,0.357723577,0,27.77777778,0.018181818,0.1363636359999999,6.25,0
1,0,41,0,0,5,-1,0.951219512,0.048780488,0,66.66666667,0.055555556,0.5,3.666666667,1
1,0,0,8021772,0,8,1818,0.0,0.0,0,0.0,0.0,0.0,5.666666667,1
1,0,4,5816617,0,15,4003,1.0,0.0,0,100.0,0.144736842,0.0,8.5,1
1,0,88,0,1,32,2046,0.897727273,0.102272727,3,85.71428571,0.150943396,0.5555555560000001,9.0,1
0,4,110,211600,1,0,-1,0.772727273,0.227272727,0,30.76923077,0.0,0.08,0.0,0
0,2,126,555264,1,0,-1,0.7142857140000001,0.285714286,0,81.1965812,0.0,0.055555556,0.0,0
1,0,4,0,1,7,-1,0.25,0.75,0,0.0,0.0,1.0,4.666666667,1
0,4,90,262783,1,17,4286,0.955555556,0.044444444,0,83.33333333,0.0,0.25,10.33333333,0
0,3,8,4365,0,9,1953,0.125,0.875,0,0.0,0.047619048,0.0,8.5,1
1,2,0,590567,0,15,-1,0.0,0.0,0,0.0,0.053571429,0.0,7.0,1
0,2,34,67497,1,0,1382,0.6764705879999999,0.323529412,0,41.66666667,0.0,0.090909091,0.0,0
0,7,50,6328,1,4,3777,0.76,0.24,1,53.33333333,0.0,0.583333333,3.5,0
1,7,152,12,0,6,7133,0.947368421,0.052631579,0,63.63636364,0.0,0.125,5.0,0
1,5,21,0,1,17,5626,0.19047619,0.80952381,0,25.0,0.08,0.294117647,7.666666667,1
1,5,85,446919,1,10,9010,0.929411765,0.070588235,0,0.0,0.103896104,0.0,5.75,0
1,0,78,5008870,1,32,152,0.884615385,0.115384615,0,86.04651163,0.3376623379999999,0.444444444,13.0,1
0,5,52,163874,1,10,7119,0.538461538,0.461538462,0,0.0,0.0,0.666666667,7.0,0
1,2,21,0,0,18,630,0.428571429,0.571428571,4,0.0,0.0,0.0,6.25,1
1,0,0,0,0,0,54,0.0,0.0,0,0.0,0.0,0.0,0.0,1
0,10,102,8,1,29,8520,0.382352941,0.6176470589999999,0,100.0,0.0,0.0,29.0,0
1,4,2169,165366,0,9,4211,0.951129553,0.048870447,0,67.5,0.02247191,0.0,5.777777778,0
0,4,62,35245,1,8,3772,0.629032258,0.370967742,0,16.66666667,0.0,0.434782609,6.5,0
0,5,0,171134,1,9,-1,0.0,0.0,0,0.0,0.067567568,0.0,6.5,0
1,0,25,4135720,0,8,5271,0.44,0.56,0,40.0,0.02,0.071428571,8.0,1
0,3,16,406442,0,0,-1,0.6875,0.3125,0,60.0,0.052631579,0.6,0.0,0
0,7,0,376,2,34,7490,0.0,0.0,0,0.0,0.312121212,0.0,7.27027027,1
1,0,7,0,0,8,27,0.857142857,0.142857143,0,0.0,0.0,1.0,5.5,1
1,1,25,627168,0,6,2215,0.36,0.64,0,0.0,0.23255814,0.125,6.0,1
0,5,137,676660,1,0,-1,0.98540146,0.01459854,0,33.33333333,0.0,1.0,0.0,0
1,6,0,1117,0,9,12712,0.0,0.0,0,0.0,0.032258065,0.0,4.8,0
0,3,27,384896,1,0,3313,0.851851852,0.148148148,0,100.0,0.0,0.0,0.0,0
1,0,0,0,0,2,-1,0.0,0.0,0,0.0,0.0,0.0,2.0,1
0,6,13,6166,1,11,4641,0.615384615,0.384615385,0,75.0,0.0,0.0,6.0,0
0,4,23,254352,1,11,4545,0.260869565,0.739130435,0,13.33333333,0.0,0.529411765,8.0,1
0,5,81,29422,1,7,8539,0.987654321,0.0123456789999999,0,100.0,0.0,0.0,5.333333333,0
0,4,18,891900,1,3,7717,0.5,0.5,0,0.0,0.0,0.7777777779999999,2.666666667,0
1,4,28,5754,0,7,2881,1.0,0.0,0,0.0,0.027777778,0.0,7.0,1
0,7,846,12,0,11,7132,0.942080378,0.057919622,0,75.12690355,0.0,0.653061224,6.0,0
0,7,575,12,0,8,7133,0.977391304,0.022608696,0,76.36363636,0.0,0.692307692,5.666666667,0
0,10,53,2,1,9,5636,0.5660377360000001,0.433962264,0,0.0,0.046511628,0.0,4.0,0
1,6,8,22211,0,20,1338,1.0,0.0,0,0.0,0.125,0.0,9.333333333,1
1,1,0,0,1,32,259,0.0,0.0,0,0.0,0.239130435,0.0,11.6,1
0,3,98,1593690,1,0,-1,0.43877551,0.56122449,0,4.347826087,0.0,0.018181818,0.0,0
1,4,70,178077,0,0,8181,0.957142857,0.042857143,0,0.0,0.0,0.0,0.0,0
0,5,0,21,0,17,9338,0.0,0.0,1,0.0,0.329411765,0.0,6.633333333,1
1,1,22,0,0,40,778,0.8636363640000001,0.1363636359999999,3,100.0,0.219178082,0.0,9.888888889,1
1,4,56,17569,0,8,2132,0.428571429,0.571428571,0,71.42857143,0.037037037,0.0,6.5,0
0,4,89,788916,0,3,-1,0.7303370790000001,0.269662921,0,42.42424242,0.0,0.083333333,3.0,0
0,2,54,3941699,1,0,734,0.7222222220000001,0.277777778,0,100.0,0.0,0.0,0.0,1
0,3,22,121046,0,3,-1,0.818181818,0.181818182,0,76.47058824,0.0,0.25,3.0,0
0,0,3,0,0,64,-1,1.0,0.0,2,100.0,0.5,0.0,13.0,1
0,3,59,747137,1,0,4666,0.542372881,0.457627119,0,25.0,0.0,0.111111111,0.0,0
0,2,51,0,1,0,1163,0.607843137,0.392156863,0,25.0,0.0,0.25,0.0,0
1,4,5,0,0,15,2660,1.0,0.0,1,100.0,0.178707224,0.0,7.2,1
0,5,183,50432,0,8,2247,0.967213115,0.032786885,1,89.65517241,0.0,0.333333333,5.666666667,0
1,0,51,5697976,0,17,3992,1.0,0.0,0,100.0,0.108333333,0.0,7.375,1
1,1,103,1760637,0,5,7062,0.932038835,0.067961165,1,0.0,0.0,0.285714286,4.0,1
1,0,61,0,1,8,345,0.049180328,0.950819672,3,0.0,0.0,0.034482759,4.8,1
0,5,7,13495,1,9,6724,0.571428571,0.428571429,0,0.0,0.0,0.0,6.2,0
0,4,160,291303,1,0,2858,0.9125,0.0875,0,46.66666667,0.0,0.0,0.0,0
1,0,4,0,1,6,184,1.0,0.0,0,100.0,0.1875,0.0,6.0,1
1,6,121,8013,0,12,-1,0.900826446,0.099173554,0,52.0,0.166666667,0.25,4.777777778,0
0,5,59,131425,1,10,-2,0.796610169,0.203389831,0,57.14285714,0.081632653,0.0,6.0,0
1,8,31,23,0,10,10673,0.774193548,0.225806452,0,30.0,0.108108108,0.142857143,5.0,0
0,8,16,0,0,1,5160,0.9375,0.0625,0,80.0,0.264705882,0.0,1.0,0
0,10,29,1,0,14,8348,0.482758621,0.517241379,2,11.11111111,0.0,0.0,9.0,1
0,5,110,4524,1,13,6991,0.727272727,0.272727273,0,58.33333333,0.0681818179999999,0.1,7.25,0
0,3,130,0,1,10,6111,0.946153846,0.053846154,0,0.0,0.053571429,0.142857143,6.5,0
0,1,26,0,0,0,995,0.615384615,0.384615385,0,60.0,0.0,0.2,0.0,0
0,4,93,25870,1,13,9091,0.88172043,0.11827957,1,88.88888889,0.0,0.0,9.5,0
0,7,17,285,1,8,7419,0.0,1.0,0,0.0,0.0,0.0,4.2,0
1,1,0,7613314,0,6,2397,0.0,0.0,0,0.0,0.019230769,0.0,4.8,1
0,6,100,21732,1,7,4190,0.95,0.05,0,33.33333333,0.0,0.0,7.0,0
1,0,8,0,0,7,-1,0.125,0.875,0,0.0,0.35,0.0,3.857142857,1
1,5,14,0,0,0,7295,0.071428571,0.928571429,0,14.28571429,0.096774194,0.846153846,0.0,1
1,0,582,0,0,7,4,0.288659794,0.7113402059999999,0,7.391304347999999,0.181818182,0.1328502419999999,5.333333333,1
0,0,42,0,1,0,1128,0.642857143,0.357142857,0,85.71428571,0.0,0.0,0.0,0
0,8,73,947,1,9,8758,0.8767123290000001,0.123287671,0,66.66666667,0.079545455,0.333333333,5.2,0
0,8,120,72,0,9,9800,0.8916666670000001,0.108333333,0,50.0,0.090909091,0.230769231,4.0,0
0,6,81,39004,0,12,3565,0.691358025,0.308641975,0,15.0,0.0,0.48,6.5,0
1,0,21,0,1,6,451,0.904761905,0.095238095,0,100.0,0.0,0.0,5.5,1
0,3,79,439401,1,0,-1,0.556962025,0.443037975,0,60.0,0.0,0.228571429,0.0,0
1,2,4,0,0,32,-1,0.5,0.5,0,0.0,0.181818182,0.0,9.666666667,1
1,4,26,0,0,17,8019,0.115384615,0.884615385,0,0.0,0.060606061,0.0,6.916666667,1
0,5,124,27898,1,9,5208,0.508064516,0.491935484,0,13.04347826,0.0,0.245901639,5.4,0
1,4,175,0,0,9,9221,0.8342857140000001,0.165714286,0,45.45454545,0.0,0.068965517,4.181818182,0
1,2,0,0,0,0,-1,0.0,0.0,0,0.0,0.0,0.0,0.0,1
0,6,79,10600,1,9,6739,0.759493671,0.240506329,0,0.0,0.0,0.368421053,5.5,0
0,3,42,1051803,1,13,3930,0.428571429,0.571428571,0,8.695652174,0.021978022,0.458333333,5.444444444,0
0,4,159,926922,0,10,5554,0.943396226,0.056603774,0,66.66666667,0.0,1.0,7.0,0
1,0,1,0,0,0,-1,1.0,0.0,1,0.0,0.0,0.0,0.0,1
1,3,1,18105,0,87,7086,0.0,1.0,0,0.0,0.055172414,0.0,25.25,1
1,10,137,8,1,11,8519,0.430656934,0.5693430660000001,0,100.0,0.0,0.0,11.0,0
1,1,12,0,0,8,1184,1.0,0.0,2,100.0,0.0,0.0,4.857142857,1
0,2,9,0,0,11,3855,0.0,1.0,0,0.0,0.033333333,1.0,5.6,0
1,2,48,123186,0,0,1230,0.8125,0.1875,1,0.0,0.037037037,0.222222222,0.0,1
0,6,165,12421,1,8,8145,0.642424242,0.357575758,0,80.0,0.0,0.0,4.2,0
1,0,28,0,0,64,-1,1.0,0.0,2,100.0,0.39408867,0.0,15.90909091,1
1,0,4,0,1,5,-1,1.0,0.0,0,100.0,0.0,0.0,4.0,1
1,0,2,0,0,5,473,1.0,0.0,0,0.0,0.027777778,0.0,4.0,1
0,3,77,195017,1,0,2887,0.8311688309999999,0.1688311689999999,0,50.0,0.0,0.0,0.0,0
0,2,158,1363440,1,0,-1,0.0696202529999999,0.930379747,0,11.71171171,0.0,0.632653061,0.0,0
1,0,1,6963675,1,7,2052,1.0,0.0,0,0.0,0.0,0.0,7.0,1
1,3,0,0,1,10,8205,0.0,0.0,0,0.0,0.061728395,0.0,5.555555556,0
1,4,129,3365993,0,101,6019,0.395348837,0.604651163,0,5.479452055,0.267515924,0.217948718,31.0,1
1,2,24,0,0,8,2350,1.0,0.0,0,0.0,0.0,0.0,3.111111111,1
1,2,25,0,1,5,2370,0.24,0.76,1,33.33333333,0.1710526319999999,0.052631579,2.7,1
1,3,11,219768,1,18,4313,1.0,0.0,0,0.0,0.0,0.0,11.0,1
0,5,197,3990,1,12,7841,0.923857868,0.076142132,0,0.0,0.0,0.066666667,6.4,0
1,5,36,153840,1,11,9286,0.5277777779999999,0.472222222,0,0.0,0.0,0.235294118,8.0,0
1,1,23,0,1,43,4284,0.7826086959999999,0.217391304,2,20.0,0.134146341,0.0,11.18181818,1
0,4,170,350582,0,0,2005,0.9,0.1,0,20.0,0.0,0.0,0.0,0
0,7,771,12,0,7,7133,0.940337224,0.059662776,0,66.42335766,0.0,0.565217391,5.25,0
0,1,190,141129,1,0,1186,0.8578947370000001,0.142105263,0,0.0,0.0,0.111111111,0.0,0
0,3,12,407240,1,0,6986,0.583333333,0.4166666670000001,0,63.63636364,0.0,0.4,0.0,0
0,4,99,422100,1,0,4258,0.8383838379999999,0.1616161619999999,0,11.76470588,0.0,0.5,0.0,0
0,3,41,940638,1,0,4087,0.902439024,0.097560976,0,50.0,0.0,0.0,0.0,0
1,5,22,0,0,10,5626,0.181818182,0.818181818,1,25.0,0.076923077,0.277777778,6.333333333,1
1,1,0,0,0,32,4376,0.0,0.0,0,0.0,0.194029851,0.0,14.0,1
0,6,177,43635,1,9,9078,0.875706215,0.124293785,0,46.15384615,0.056603774,0.227272727,5.5,0
1,4,17,0,1,6,7473,0.882352941,0.117647059,0,100.0,0.1785714289999999,1.0,3.666666667,1
1,2,0,0,1,8,767,0.0,0.0,3,0.0,0.0,0.0,5.75,1
0,3,84,853259,1,7,-1,0.928571429,0.071428571,0,71.42857143,0.015873016,0.833333333,3.571428571,0
0,5,159,275769,0,0,7298,0.446540881,0.553459119,0,36.36363636,0.0,0.227272727,0.0,0
0,3,396,2250,0,6,7156,0.95959596,0.04040404,0,78.94736842,0.11627907,0.9375,4.25,0
1,7,7,8548,1,11,9265,1.0,0.0,0,0.0,0.070175439,0.0,3.75,0
1,0,13,4431878,1,10,518,1.0,0.0,2,100.0,0.076923077,0.0,8.0,1
1,0,38,10534904,1,16,-1,0.421052632,0.578947368,2,33.33333333,0.067039106,0.1363636359999999,6.0434782610000015,1
1,0,75,0,1,32,1279,1.0,0.0,0,100.0,0.194915254,0.0,13.4,1
1,0,16,0,0,5,61,1.0,0.0,1,0.0,0.0,0.0,4.0,1
0,3,243,2294,0,6,7157,0.967078189,0.032921811,0,88.57142857,0.1363636359999999,0.75,4.5,0
0,10,142,8,1,8,8518,0.345070423,0.654929577,0,100.0,0.0,0.0,8.0,0
0,7,392,3822,0,24,6697,0.614795918,0.385204082,0,0.0,0.292307692,0.066225166,9.0,0
0,5,384,5725,1,6,6264,0.8203125,0.1796875,0,31.25,0.0,0.347826087,4.5,0
0,6,155,68190,1,0,2917,0.812903226,0.187096774,0,46.15384615,0.0,0.068965517,0.0,0
1,0,25,0,0,22,-1,0.16,0.84,2,30.76923077,0.2,0.428571429,6.526315789,1
0,5,211,15330,1,0,7969,0.710900474,0.289099526,0,57.14285714,0.0,0.0,0.0,0
1,5,144,1593,0,7,8050,0.902777778,0.097222222,0,50.0,0.017857143,0.214285714,5.0,0
0,4,124,0,1,2,-1,0.935483871,0.064516129,0,57.89473684,0.0,0.875,2.0,0
0,2,203,0,1,0,-1,0.965517241,0.034482759,0,68.75,0.0,0.0,0.0,0
1,0,51,5707171,0,15,3993,1.0,0.0,0,100.0,0.197368421,0.0,8.5,1
0,5,110,10507,0,8,6064,0.409090909,0.590909091,0,66.66666667,0.105882353,0.138461538,4.583333333,0
0,5,68,2190,0,7,7616,0.647058824,0.352941176,0,73.07692308,0.066666667,0.041666667,4.444444444,0
0,1,716,1095998,1,2,1703,0.660614525,0.339385475,0,0.0,0.0,0.0,2.0,0
0,5,25,1488112,0,0,7296,0.44,0.56,0,57.14285714,0.0,0.357142857,0.0,0
0,4,33,188311,1,10,6348,0.515151515,0.484848485,0,11.11111111,0.0,0.1875,5.428571429,0
1,0,10,0,0,32,6677,0.9,0.1,0,0.0,0.221238938,0.0,9.444444444,1
0,3,83,0,1,0,1986,0.457831325,0.542168675,0,75.0,0.0,0.066666667,0.0,0
1,0,14,0,0,4,6,1.0,0.0,0,0.0,0.0,0.0,4.0,1
0,8,152,0,0,0,7447,0.453947368,0.546052632,0,39.13043478,0.0,0.108433735,0.0,0
0,2,27,2323308,0,13,1436,0.592592593,0.4074074070000001,0,62.5,0.0,0.727272727,6.1,0
1,0,23,0,0,8,2314,1.0,0.0,0,0.0,0.058823529,0.0,6.333333333,1
0,0,8,0,0,0,-1,1.0,0.0,1,0.0,0.0,0.0,0.0,1
0,1,124,0,1,0,-1,1.0,0.0,0,0.0,0.0,0.0,0.0,0
1,5,15,0,0,0,7296,0.0,1.0,0,0.0,0.114285714,0.0,0.0,1
0,5,73,13549,0,5,8272,0.945205479,0.054794521,0,0.0,0.0,0.5,3.25,0
1,5,0,5646,1,9,11909,0.0,0.0,0,0.0,0.104166667,0.0,3.8,0
0,6,8,2409,1,10,6242,0.5,0.5,0,66.66666667,0.0,0.5,5.5,0
1,6,36,56198,0,0,7621,0.75,0.25,0,0.0,0.0,0.0,0.0,1
1,0,0,0,0,9,1414,0.0,0.0,0,0.0,0.088888889,0.0,5.666666667,1
1,1,17,0,1,7,889,0.176470588,0.8235294120000001,0,25.0,0.0,0.214285714,7.0,1
1,5,51,896069,1,10,4502,0.862745098,0.1372549019999999,0,57.14285714,0.0,0.285714286,8.4,0
1,5,14,0,0,0,7297,0.071428571,0.928571429,0,14.28571429,0.0,0.230769231,0.0,1
1,1,0,0,0,9,5927,0.0,0.0,3,0.0,0.0,0.0,5.777777778,1
1,2,22,4623,0,13,1533,0.8636363640000001,0.1363636359999999,0,83.33333333,0.147727273,0.0,5.857142857,1
1,0,0,0,0,32,-1,0.0,0.0,0,0.0,0.607142857,0.0,8.8,1
1,6,80,737,1,8,6106,0.575,0.425,0,33.33333333,0.117647059,0.352941176,5.666666667,0
0,5,165,0,1,5,7140,0.951515152,0.048484848,0,11.11111111,0.0,0.5,5.0,0
0,6,0,2818,1,9,-1,0.0,0.0,0,0.0,0.0,0.0,5.090909091,0
0,6,170,8559,1,10,5738,0.864705882,0.135294118,0,20.0,0.0,0.217391304,8.857142857000001,0
1,4,519,0,0,8,1345,0.741811175,0.258188825,0,18.46153846,0.0,0.104477612,6.666666667,1
1,0,21,0,0,6,-1,0.523809524,0.476190476,0,25.0,0.0,0.6,4.0,1
1,0,9,0,0,32,3078,0.0,1.0,2,0.0,0.173469388,0.222222222,13.2,1
0,5,49,19671,1,10,4918,0.8979591840000001,0.102040816,0,77.77777778,0.0,0.4,4.5,0
1,5,274,21320,0,14,7449,0.441605839,0.558394161,3,2.222222222,0.08974359,0.1372549019999999,8.833333332999999,1
0,3,92,1054810,1,0,-1,0.836956522,0.163043478,0,22.22222222,0.0,0.066666667,0.0,0
1,1,22,0,1,64,1479,0.818181818,0.181818182,2,100.0,0.457711443,0.0,15.0,1
0,4,37,37793,1,0,6467,0.8918918920000001,0.108108108,0,0.0,0.0,0.0,0.0,0
0,5,78,1617,1,13,6109,0.461538462,0.538461538,0,37.5,0.0,0.0,4.857142857,0
0,6,71,8348,0,8,7808,0.957746479,0.042253521,0,72.72727273,0.0,0.666666667,8.0,0
0,5,275,6767,0,9,5844,0.981818182,0.018181818,0,93.44262295,0.023809524,0.4,6.5,0
0,6,47,2604,1,8,8047,0.8297872340000001,0.170212766,0,40.0,0.125,0.0,5.666666667,0
1,3,19,10421362,0,29,678,0.7894736840000001,0.210526316,4,0.0,0.191919192,0.0,7.095238095,1
1,6,58,383,0,32,7827,0.0,1.0,0,0.0,0.12962963,0.0,16.5,1
1,1,0,0,0,6,5026,0.0,0.0,0,0.0,0.0,0.0,5.0,1
1,8,66,23,0,8,10674,0.939393939,0.060606061,0,71.42857143,0.111111111,0.0,4.6,0
0,2,35,0,1,0,5981,0.428571429,0.571428571,0,0.0,0.0,0.0,0.0,0
0,3,123,1860613,1,0,5910,0.951219512,0.048780488,0,76.92307692,0.0,0.0,0.0,0
0,6,164,12601,1,4,8147,0.640243902,0.359756098,0,80.0,0.0,0.13559322,3.0,0
1,2,239,237648,0,5,2345,0.832635983,0.167364017,0,55.26315789,0.0,0.5,4.0,0
0,3,130,6129966,1,6,-1,0.7692307690000001,0.230769231,0,0.0,0.0,0.0,5.0,0
0,0,14,0,1,0,-1,0.7142857140000001,0.285714286,0,0.0,0.0,0.0,0.0,0
1,7,45,32,1,7,8945,0.644444444,0.355555556,0,30.43478261,0.098765432,0.5,4.6363636360000005,0
1,0,7,0,1,6,92,1.0,0.0,0,0.0,0.027777778,0.0,4.5,1
1,0,1,9417793,0,7,-1,1.0,0.0,2,0.0,0.0,0.0,4.333333333,1
1,2,16,0,0,14,3688,0.375,0.625,0,100.0,0.046875,0.0,6.0,1
0,10,55,2,1,9,5636,0.472727273,0.527272727,0,0.0,0.0,0.0,6.5,0
1,3,8,4365,0,9,1953,0.125,0.875,0,0.0,0.018867925,0.0,8.5,1
0,4,154,0,1,0,-1,0.87012987,0.12987013,0,17.64705882,0.0,0.15,0.0,0
0,4,26,331651,0,6,-1,0.576923077,0.423076923,0,54.54545455,0.0,0.363636364,4.25,0
0,4,128,47113,0,5,4706,0.96875,0.03125,0,77.77777778,0.0,1.0,4.5,0
0,3,126,0,1,10,4861,0.944444444,0.055555556,0,68.18181818,0.1707317069999999,0.0,5.0,0
0,7,216,1290,1,8,5509,0.921296296,0.078703704,0,22.72727273,0.0,0.882352941,5.2,0
0,4,6,144211,0,0,4516,0.5,0.5,0,0.0,0.0,0.0,0.0,0
0,6,65,2604,1,8,8048,0.8615384620000001,0.138461538,0,66.66666667,0.125,0.0,5.666666667,0
1,5,0,0,0,0,5627,0.0,0.0,0,0.0,0.115384615,0.0,0.0,1
0,2,252,314851,1,0,-1,0.948412698,0.051587302,0,14.28571429,0.0,0.230769231,0.0,0
1,0,466,0,0,0,165,0.933476395,0.066523605,0,51.66666667,0.022727273,0.225806452,0.0,1
1,5,19,0,0,67,5613,0.6315789470000001,0.368421053,0,100.0,0.125874126,0.0,20.6,1
0,0,8,0,1,7,1971,1.0,0.0,3,0.0,0.0,0.0,5.6,1
0,6,50,549,0,11,11049,0.7,0.3,0,27.77777778,0.076923077,0.466666667,6.333333333,0
1,0,0,0,0,7,761,0.0,0.0,1,0.0,0.02739726,0.0,4.333333333,1
0,3,279,0,0,0,6466,0.892473118,0.107526882,0,86.36363636,0.0,0.066666667,0.0,0
0,0,81,7026810,1,7,1731,0.703703704,0.296296296,0,0.0,0.056338028,0.375,5.285714286,0
0,3,48,0,1,0,4473,0.979166667,0.020833333,0,100.0,0.0,0.0,0.0,0
1,3,6,0,0,13,4609,0.333333333,0.666666667,4,0.0,0.0,0.0,5.071428571,1
1,0,0,0,1,32,5826,0.0,0.0,0,0.0,0.3,0.0,11.75,1
1,0,0,0,0,8,786,0.0,0.0,2,0.0,0.074074074,0.0,4.25,1
0,8,341,5393701,0,8,7445,0.0791788859999999,0.920821114,0,79.25311203,0.112676056,0.168789809,3.25,0
1,0,5,0,1,6,-1,0.4,0.6,3,0.0,0.009433962,0.666666667,3.764705882,1
1,0,200,0,0,5,-1,0.135,0.865,1,7.142857143,0.0,0.034682081,4.5,1
1,3,44,305155,0,7,2213,0.681818182,0.318181818,0,38.46153846,0.0,0.285714286,6.0,0
1,3,109,0,2,8,3332,0.834862385,0.165137615,0,0.0,0.0,0.444444444,4.25,1
0,2,134,733495,1,0,-1,0.97761194,0.02238806,0,50.0,0.0,0.0,0.0,0
0,8,0,385,0,9,7449,0.0,0.0,0,0.0,0.07,0.0,5.3,0
1,1,11,0,0,32,-1,1.0,0.0,3,0.0,0.142857143,0.0,9.333333333,1
0,5,69,71370,1,0,7962,0.31884058,0.68115942,0,25.0,0.0,0.042553191,0.0,0
1,0,0,2698315,1,11,1502,0.0,0.0,0,0.0,0.0,0.0,7.5,1
0,6,69,546,0,7,11048,0.710144928,0.289855072,0,21.73913043,0.075757576,0.35,5.0,0
1,1,103,491854,0,64,7062,0.932038835,0.067961165,3,0.0,0.420849421,0.285714286,17.16666667,1
1,5,21,0,0,9,5616,0.19047619,0.80952381,2,25.0,0.0,0.176470588,5.333333333,1
1,5,25,15873,0,12,2188,0.96,0.04,2,0.0,0.05,1.0,7.0625,1
1,4,342,23386,1,7,8746,0.897660819,0.102339181,0,70.42253521,0.06557377,0.085714286,6.2,0
0,2,72,2438924,0,0,5890,0.472222222,0.5277777779999999,0,13.88888889,0.0,0.131578947,0.0,0
1,3,63,1137979,1,8,3605,0.238095238,0.761904762,1,16.66666667,0.0,0.145833333,7.5,1
1,4,93,818029,1,5,3710,0.752688172,0.247311828,1,35.48387097,0.0,0.217391304,3.5,0
1,5,249,15425,1,12,8206,0.8072289159999999,0.192771084,0,19.04761905,0.0,0.104166667,7.5,0
0,5,0,9602,0,19,4842,0.0,0.0,0,0.0,0.166666667,0.0,5.214285714,1
1,0,48,0,0,32,-1,1.0,0.0,0,100.0,0.35483871,0.0,14.0,1
1,5,44,1416447,1,17,7708,0.545454545,0.454545455,1,100.0,0.165236052,0.1,6.457627119,1
1,0,31,10628193,1,9,383,1.0,0.0,1,100.0,0.012048193,0.0,5.1111111110000005,1
1,5,131,5695,1,9,-1,0.778625954,0.221374046,0,69.79166667,0.0,0.482758621,7.25,0
1,3,5,0,0,10,1728,1.0,0.0,3,0.0,0.014705882,0.0,5.5,1
1,0,1,0,0,5,439,0.0,1.0,0,0.0,0.105263158,0.0,4.333333333,1
0,5,167,0,0,0,7297,0.167664671,0.8323353290000001,0,11.57894737,0.0,0.021582734,0.0,0
1,10,4,1,0,28,8348,0.25,0.75,0,0.0,0.11023622,0.0,8.454545455,1
1,5,349,98,0,4,4057,0.88252149,0.11747851,0,86.45833333,0.108108108,0.0,2.5,0
0,7,510,625,1,5,9174,0.941176471,0.058823529,0,94.10029499,0.0,0.1,5.0,0
0,5,0,58239,0,12,8546,0.0,0.0,0,0.0,0.0,0.0,8.0,0
0,6,135,228333,1,5,-1,0.792592593,0.207407407,0,50.0,0.0,0.357142857,5.0,0
1,0,0,0,1,0,177,0.0,0.0,0,0.0,0.031746032,0.0,0.0,1
0,5,91,28754,1,8,6137,0.802197802,0.197802198,0,50.0,0.0,0.055555556,4.6,0
1,0,51,5707171,0,17,3993,1.0,0.0,0,100.0,0.15625,0.0,7.375,1
1,0,6,0,0,8,-1,0.5,0.5,1,0.0,0.0,1.0,6.75,1
1,0,0,0,0,13,514,0.0,0.0,0,0.0,0.166666667,0.0,8.666666667000001,1
1,1,4,0,0,10,4540,1.0,0.0,3,0.0,0.0,0.0,5.666666667,1
0,6,119,133,1,4,8149,0.731092437,0.268907563,0,37.5,0.0,0.03125,2.75,0
1,0,0,0,0,5,4161,0.0,0.0,0,0.0,0.03030303,0.0,4.0,1
1,0,51,5707171,0,17,3992,1.0,0.0,0,100.0,0.141732283,0.0,7.375,1
1,5,22,0,0,38,5616,0.181818182,0.818181818,0,25.0,0.12345679,0.166666667,15.42857143,1
1,6,6,2472276,0,5,-1,1.0,0.0,0,0.0,0.0,0.0,5.0,1
1,2,0,0,0,32,4312,0.0,0.0,0,0.0,0.42,0.0,32.0,1
1,5,21,0,0,4,5627,0.19047619,0.80952381,0,25.0,0.023809524,0.294117647,2.5,1
1,0,25,0,1,5,-1,1.0,0.0,0,100.0,0.0,0.0,4.0,1
1,7,26,1664,0,9,9056,1.0,0.0,0,0.0,0.0,0.0,6.25,0
0,7,694,124,1,11,9283,0.943804035,0.056195965,0,46.42857143,0.197183099,0.128205128,5.857142857,0
0,8,542,70,1,7,8966,0.7453874540000001,0.254612546,0,66.66666667,0.212121212,0.0072463769999999,6.0,0
0,1,17,514912,0,5,793,0.117647059,0.882352941,0,0.0,0.232876712,0.0,2.8461538460000004,1
1,5,44,1422202,1,17,7709,0.545454545,0.454545455,1,100.0,0.165236052,0.1,6.457627119,1
1,7,562,12,0,10,7133,0.934163701,0.065836299,0,77.01863354,0.0,0.594594595,6.4,0
0,5,225,696,0,11,9034,0.32,0.68,0,16.99346405,0.071428571,0.019607843,6.0,0
1,4,96,32633,0,11,7119,0.520833333,0.4791666670000001,0,75.75757576,0.035087719,0.043478261,5.25,0
1,3,24,124062,0,7,5456,0.75,0.25,0,0.0,0.0,0.0,7.0,0
0,3,64,2437404,1,7,3097,0.78125,0.21875,0,66.66666667,0.0,0.285714286,5.2,0
1,2,0,0,1,8,4193,0.0,0.0,3,0.0,0.0,0.0,5.4,1
0,5,46,6206,1,6,7780,0.97826087,0.02173913,0,100.0,0.113636364,0.0,5.333333333,0
0,3,171,0,1,8,4255,0.239766082,0.760233918,0,58.33333333,0.0,0.030769231,6.5,0
1,2,13,0,0,1,4320,0.692307692,0.307692308,0,100.0,0.0,0.0,1.0,1
0,3,277,670465,1,0,2613,0.967509025,0.032490975,0,72.72727273,0.0,0.0,0.0,0
1,0,9,0,0,17,-1,0.8888888890000001,0.111111111,0,0.0,0.014084507,0.0,7.2,1
0,3,48,0,1,0,1971,0.6875,0.3125,0,60.0,0.0,0.066666667,0.0,0
0,10,53,8,1,10,8518,0.622641509,0.377358491,0,80.0,0.0,0.0,10.0,0
0,2,231,0,0,8,1744,1.0,0.0,3,0.0,0.0,0.0,4.0,1
0,4,14,733780,1,0,7549,0.7857142859999999,0.214285714,0,0.0,0.0,0.333333333,0.0,0
0,9,0,24,0,29,-1,0.0,0.0,0,0.0,0.170542636,0.0,6.6,1
0,3,13,9363234,0,0,6001,0.538461538,0.461538462,0,78.57142857,0.0,0.0,0.0,0
0,5,150,52592,0,6,8097,0.246666667,0.7533333329999999,0,6.3063063060000015,0.0,0.053097345,5.0,0
0,5,53,20027,0,8,7743,0.622641509,0.377358491,0,33.33333333,0.0,0.3,7.333333333,1
1,6,146,348,1,11,7982,0.623287671,0.376712329,0,93.33333333,0.0,0.0,6.0,0
0,5,84,0,0,0,7297,0.583333333,0.4166666670000001,0,79.62962963,0.0,0.257142857,0.0,0
0,0,4,0,1,5,888,0.25,0.75,1,0.0,0.0,0.0,5.0,1
1,4,26,0,0,31,8019,0.115384615,0.884615385,1,0.0,0.033333333,0.0,8.636363636,1
0,4,19,1173260,1,11,6215,0.684210526,0.315789474,0,0.0,0.0,0.166666667,6.6,0
1,1,0,0,1,32,3157,0.0,0.0,0,0.0,0.442622951,0.0,32.0,1
1,2,0,0,0,8,4778,0.0,0.0,0,0.0,0.0,0.0,4.333333333,1
0,3,21,4127669,0,0,1654,0.428571429,0.571428571,0,0.0,0.0,0.0,0.0,0
1,5,49,2639634,1,9,-1,0.7959183670000001,0.204081633,0,86.66666667,0.0,0.0,9.0,0
0,5,94,2870,1,7,4487,0.936170213,0.063829787,0,70.0,0.0,0.0,6.2,0
0,2,14,0,1,6,8051,1.0,0.0,0,0.0,0.170212766,0.0,4.4,0
1,0,294,0,1,8,-1,0.431972789,0.568027211,0,32.0,0.0,0.143712575,5.875,1
0,5,31,18546,1,8,8930,0.096774194,0.903225806,0,16.66666667,0.0,0.0,6.0,0
0,4,56,931080,1,0,5303,0.392857143,0.607142857,0,39.62264151,0.0,0.764705882,0.0,0
1,8,5,115,1,14,5159,0.4,0.6,0,0.0,0.064935065,0.666666667,4.5,0
1,6,18,5836,0,26,5670,0.5,0.5,0,100.0,0.13836478,0.0,5.05,1
1,3,45,493547,0,10,2041,0.666666667,0.333333333,0,66.66666667,0.0125,0.133333333,5.5,0
0,4,51,71035,1,0,-1,0.607843137,0.392156863,0,15.38461538,0.0,0.2,0.0,0
1,0,31,0,1,23,-1,0.483870968,0.516129032,1,0.0,0.333333333,0.4375,10.23076923,1
0,2,0,209025,0,16,3323,0.0,0.0,1,0.0,0.0,0.0,8.111111111,0
0,3,79,1709412,1,8,3827,0.898734177,0.101265823,0,60.0,0.0,0.25,5.4,0
0,1,51,507771,0,6,1899,0.901960784,0.098039216,2,0.0,0.0,0.2,3.5,1
1,1,4,0,1,11,7728,1.0,0.0,3,100.0,0.103448276,0.0,6.25,1
1,5,176,307,0,9,7481,0.318181818,0.681818182,0,54.83870968,0.0,0.041666667,7.0,0
1,0,51,5707171,0,17,3993,1.0,0.0,0,100.0,0.182539683,0.0,7.375,1
1,10,1,1,0,14,8348,0.0,1.0,2,0.0,0.0,0.0,9.0,1
0,5,18,234160,0,10,2107,0.277777778,0.7222222220000001,0,83.33333333,0.101694915,0.0,6.4,0
0,4,56,14263,1,12,4075,0.7142857140000001,0.285714286,0,55.0,0.02739726,0.125,10.5,0
0,2,331,201422,1,0,-1,0.945619335,0.054380665,0,61.53846154,0.0,0.111111111,0.0,0
0,3,33,136505,1,0,5974,0.484848485,0.515151515,0,66.66666667,0.0,0.0,0.0,0
0,3,266,36712,1,7,3858,0.992481203,0.007518797,0,81.81818182,0.017857143,0.0,4.25,0
0,6,74,2580,1,6,8045,0.8918918920000001,0.108108108,0,40.0,0.0,0.0,4.0,0
1,4,26,0,0,26,8019,0.115384615,0.884615385,0,0.0,0.081967213,0.0,6.6363636360000005,1
0,5,250,0,0,0,7296,0.456,0.544,0,59.88372093,0.0,0.441176471,0.0,0
0,5,122,15208,1,8,5284,0.967213115,0.032786885,1,100.0,0.105263158,0.0,5.875,0
1,0,5,0,1,15,135,1.0,0.0,0,0.0,0.067567568,0.0,5.875,1
0,7,109,623,1,10,9174,0.825688073,0.174311927,0,64.0,0.0,0.1578947369999999,8.0,0
0,5,90,92095,1,12,5118,0.9,0.1,1,64.28571429,0.0,0.333333333,6.666666667,0
0,1,7,921056,1,0,2785,0.857142857,0.142857143,0,0.0,0.0,0.0,0.0,0
0,4,28,0,1,0,5109,0.607142857,0.392857143,0,20.0,0.0,0.363636364,0.0,0
1,0,0,0,1,8,253,0.0,0.0,2,0.0,0.0,0.0,4.4,1
1,5,10,0,0,0,7295,0.1,0.9,0,33.33333333,0.03030303,0.7777777779999999,0.0,1
0,5,174,3128,0,9,6212,0.902298851,0.097701149,0,57.5,0.0,0.0,7.0,0
1,1,77,0,0,7,7017,0.402597403,0.597402597,4,35.0,0.0,0.826086957,4.666666667,1
1,0,1,0,0,0,147,1.0,0.0,0,0.0,0.0,0.0,0.0,1
1,0,21,0,0,7,6833,0.7142857140000001,0.285714286,0,16.66666667,0.0,1.166666667,5.166666667,1
0,5,155,611,1,6,7343,0.948387097,0.051612903,0,53.84615385,0.24,0.125,4.4,0
0,2,124,1139798,0,6,5194,0.790322581,0.209677419,0,12.5,0.1,0.153846154,5.0,0
0,4,45,1337106,0,10,4104,0.955555556,0.044444444,0,91.30434783,0.0,0.0,6.333333333,0
0,2,16,3283160,1,9,6382,0.5625,0.4375,0,98.21428571,0.0,0.0,6.25,0
0,4,49,399905,1,6,-1,0.959183673,0.040816327,0,100.0,0.0,0.0,6.0,0
1,0,4,0,0,9,300,0.75,0.25,0,0.0,0.0,0.0,9.0,1
1,2,31,4669,0,11,1546,0.225806452,0.774193548,0,4.347826087,0.12962963,0.125,5.0,1
0,5,100,3204,0,10,6168,0.9,0.1,0,23.07692308,0.038961039,0.1,6.428571429,0
0,2,12,0,0,6,3512,1.0,0.0,0,100.0,0.03030303,0.0,3.0,1
1,3,138,1280742,1,7,5659,0.905797101,0.094202899,0,41.17647059,0.0,0.076923077,5.0,0
1,1,4,4486984,1,5,3106,0.0,1.0,0,0.0,0.0,1.5,3.75,1
0,3,139,3318392,1,0,3546,0.992805755,0.007194245,0,66.66666667,0.0,0.0,0.0,0
1,0,81,5008870,1,32,152,0.851851852,0.148148148,0,86.04651163,0.290697674,0.333333333,16.0,1
0,5,0,21,0,17,9338,0.0,0.0,1,0.0,0.286219081,0.0,6.558823529,1
1,4,18,1141553,0,8,7494,0.7222222220000001,0.277777778,0,0.0,0.0,1.0,5.0,0
1,0,1,0,0,7,2095,1.0,0.0,2,0.0,0.085714286,0.0,4.625,1
0,1,68,0,1,0,1813,0.8088235290000001,0.191176471,0,37.5,0.0,0.230769231,0.0,0
0,2,60,0,1,0,3091,0.933333333,0.066666667,0,50.0,0.0,0.5,0.0,0
1,5,663,128555,0,5,3194,0.959276018,0.040723982,0,61.29032258,0.026315789,0.5555555560000001,4.0,1
1,2,31,1211946,0,32,1016,0.032258065,0.967741935,0,0.0,0.23655914,0.1,18.33333333,1
0,0,87,0,0,0,-1,0.908045977,0.091954023,0,80.0,0.0,0.0,0.0,0
0,6,124,574,1,8,8959,0.64516129,0.35483871,0,57.89473684,0.112244898,0.113636364,5.6363636360000005,0
0,6,93,16109,0,8,3570,0.333333333,0.666666667,0,22.3880597,0.0,0.709677419,5.333333333,0
0,1,29,1786477,0,0,4907,0.310344828,0.689655172,0,7.142857143,0.0,0.4,0.0,0
1,6,16,4055774,0,4,-1,0.9375,0.0625,0,50.0,0.0,1.0,4.0,1
0,5,0,21,0,16,9339,0.0,0.0,0,0.0,0.180327869,0.0,7.818181817999999,1
0,4,102,8018283,1,0,2495,0.882352941,0.117647059,0,20.0,0.043478261,0.083333333,0.0,0
0,6,313,184,1,8,5887,0.923322684,0.076677316,0,90.05847953,0.0,0.041666667,6.333333333,0
1,2,38,301622,0,12,-1,0.947368421,0.052631579,0,50.0,0.022222222,1.0,8.333333332999999,1
0,2,30,306001,0,4,-1,0.7666666670000001,0.233333333,0,100.0,0.0,0.0,4.0,1
1,5,198,11507,1,10,6901,0.646464646,0.353535354,0,10.60606061,0.070175439,0.014285714,8.666666667000001,0
0,3,8,0,1,8,2725,0.375,0.625,0,0.0,0.0,0.0,6.0,0
1,0,4,0,0,13,1834,1.0,0.0,0,100.0,0.076923077,0.0,13.0,1
0,2,10,0,1,0,1761,0.6,0.4,0,82.35294118,0.08,0.0,0.0,0
0,5,77,18680,0,9,4238,0.883116883,0.116883117,0,33.33333333,0.238095238,0.111111111,4.25,0
0,4,77,6596,0,8,6162,0.649350649,0.350649351,0,0.0,0.0,0.185185185,6.666666667,0
1,3,67,2320,0,6,7159,0.940298507,0.059701493,0,100.0,0.139534884,1.0,4.5,0
0,5,275,5850976,0,0,7297,0.552727273,0.447272727,0,60.26200873,0.035714286,0.398373984,0.0,0
1,1,10,0,0,8,3047,1.0,0.0,4,0.0,0.0,0.0,4.333333333,1
1,3,118,2034769,0,9,2542,0.940677966,0.059322034,3,0.0,0.0,0.142857143,6.0,1
0,3,654,1727087,1,0,-1,0.935779817,0.064220183,0,84.12698413,0.0,0.238095238,0.0,0
1,2,31,1196152,0,6,1015,0.032258065,0.967741935,0,0.0,0.258823529,0.1,4.666666667,1
0,7,336,12,0,14,7133,0.898809524,0.101190476,0,60.46511628,0.0,0.558823529,9.0,0
1,3,266,2294,0,6,7157,0.954887218,0.045112782,0,81.39534884,0.139534884,0.75,4.5,0
1,0,20,0,0,13,-1,0.6,0.4,0,44.44444444,0.261904762,0.375,4.1428571430000005,1
1,0,0,0,1,9,131,0.0,0.0,3,0.0,0.0,0.0,6.6,1
0,4,63,16360,1,5,3996,0.793650794,0.206349206,0,70.0,0.0,0.307692308,5.0,0
1,4,120,708731,1,12,8163,0.091666667,0.908333333,0,11.62790698,0.065934066,0.403669725,5.181818182,0
1,5,20,754593,1,19,6060,0.75,0.25,0,0.0,0.0,0.0,12.0,0
0,0,10,4024186,0,7,146,1.0,0.0,0,100.0,0.027027027,0.0,6.5,1
0,6,56,578,1,8,5062,0.660714286,0.339285714,0,21.05263158,0.085365854,0.1578947369999999,4.090909091,0
0,8,30,0,0,0,5160,0.7333333329999999,0.266666667,0,77.27272727,0.0,0.0,0.0,0
1,0,31,0,0,3,-1,0.612903226,0.387096774,0,0.0,0.0,0.0,3.0,1
0,5,40,1754,0,3,7505,0.7,0.3,0,0.0,0.0,0.0,3.0,0
0,2,68,0,1,0,4333,0.308823529,0.6911764709999999,0,60.86956522,0.0,0.127659574,0.0,0
1,0,15,0,1,0,90,0.466666667,0.533333333,0,100.0,0.0,0.0,0.0,1
0,3,18,0,1,0,978,1.0,0.0,0,100.0,0.0,0.0,0.0,0
0,1,15,0,1,0,-1,0.4,0.6,0,33.33333333,0.0,0.0,0.0,0
0,6,154,46468,1,4,8928,0.948051948,0.051948052,0,60.0,0.0,0.5,3.5,0
1,0,28,0,0,15,-1,1.0,0.0,1,100.0,0.140625,0.0,7.25,1
1,2,31,4669,0,0,1546,0.225806452,0.774193548,0,4.347826087,0.131578947,0.125,0.0,1
1,5,0,40610,1,15,7748,0.0,0.0,1,0.0,0.051948052,0.0,7.5,0
0,5,189,436856,1,6,7881,0.989417989,0.010582011,0,85.71428571,0.0625,0.5,5.333333333,0
1,1,1,0,1,7,3448,1.0,0.0,0,0.0,0.0,0.0,5.0,1
0,4,34,649230,1,0,5525,0.794117647,0.205882353,0,0.0,0.0,0.0,0.0,0
0,4,57,1953598,1,0,9074,0.947368421,0.052631579,0,92.5,0.0,0.333333333,0.0,0
1,0,51,0,0,17,3993,1.0,0.0,0,100.0,0.182539683,0.0,7.375,1
0,5,91,28418,1,7,6135,0.802197802,0.197802198,0,50.0,0.0,0.055555556,4.125,0
0,0,5,0,1,0,60,0.8,0.2,0,0.0,0.0,0.0,0.0,0
0,6,55,549,0,9,11049,0.690909091,0.309090909,0,25.0,0.06779661,0.352941176,5.333333333,0
1,4,20,192745,0,8,7378,1.0,0.0,0,0.0,0.135135135,0.0,6.5,1
1,0,1,0,1,10,5993,1.0,0.0,4,0.0,0.0,0.0,5.6,1
1,2,11,746847,0,4,7378,1.0,0.0,0,0.0,0.025641026,0.0,3.666666667,1
1,0,59,0,0,5,60,0.796610169,0.203389831,1,21.42857143,0.0,0.75,5.0,1
0,3,252,6469,1,0,8494,0.869047619,0.130952381,0,40.0,0.0,0.272727273,0.0,0
1,1,103,2001589,0,9,6990,0.932038835,0.067961165,1,0.0,0.023255814,0.285714286,5.1428571430000005,1
1,0,13,4431878,0,10,518,1.0,0.0,2,100.0,0.081395349,0.0,8.0,1
1,0,51,5697976,1,17,3992,1.0,0.0,0,100.0,0.18699187,0.0,7.375,1
1,4,7,0,0,40,8018,0.0,1.0,0,0.0,0.13559322,0.0,7.0,1
0,6,248,600,1,10,7834,0.782258065,0.217741935,0,33.33333333,0.0,0.296296296,10.0,0
0,3,16,0,0,0,6349,0.125,0.875,1,25.0,0.0,0.357142857,0.0,1
0,2,78,0,1,0,4392,0.884615385,0.115384615,0,46.15384615,0.0,0.0,0.0,0
0,2,17,0,0,7,2411,0.705882353,0.294117647,0,68.75,0.0,1.0,5.333333333,0
0,5,0,80480,1,10,7189,0.0,0.0,0,0.0,0.06557377,0.0,5.5,0
0,3,85,0,0,0,6241,0.176470588,0.8235294120000001,0,42.85714286,0.0,0.028571429,0.0,0
0,3,58,8127484,1,0,3509,0.982758621,0.0172413789999999,0,100.0,0.0,0.0,0.0,0
1,3,301,2250,0,6,7156,0.933554817,0.066445183,0,81.17647059,0.119047619,0.75,4.25,0
0,4,0,60011,1,9,-1,0.0,0.0,0,0.0,0.090909091,0.0,4.714285714,0
0,3,532,0,1,0,8332,0.990601504,0.009398496,0,82.60869565,0.0,0.4,0.0,0
0,5,512,14411,0,6,6073,0.7109375,0.2890625,0,22.22222222,0.0,0.344594595,5.0,0
1,10,76,642,0,7,6329,0.605263158,0.394736842,1,46.15384615,0.0,0.033333333,4.666666667,0
1,1,1,395612,0,2,2995,1.0,0.0,0,0.0,0.038461538,0.0,2.0,1
0,6,95,684,1,9,9201,0.863157895,0.136842105,0,28.57142857,0.0,0.0,7.0,0
0,4,105,50893,1,11,3962,0.99047619,0.00952381,0,100.0,0.0,0.0,7.0,0
1,0,0,0,0,11,2108,0.0,0.0,3,0.0,0.0080645159999999,0.0,5.666666667,1
1,5,10,0,0,0,7296,0.6,0.4,0,0.0,0.375,0.0,0.0,1
1,0,32,0,0,9,-1,0.6875,0.3125,0,46.15384615,0.083333333,0.1,6.0,1
0,5,53,423457,1,0,5515,0.886792453,0.113207547,0,86.66666667,0.0,0.0,0.0,0
1,0,23,0,0,9,4138,0.347826087,0.6521739129999999,0,6.25,0.019607843,0.7333333329999999,4.0,1
0,1,9,1471895,1,0,1358,0.7777777779999999,0.222222222,0,0.0,0.0,0.0,0.0,0
1,0,4,0,0,49,276,1.0,0.0,1,0.0,0.441860465,0.0,14.42857143,1
0,5,99,2190,0,10,7616,0.626262626,0.373737374,0,78.72340426,0.0,0.027027027,7.0,0
0,8,187,0,0,0,7447,0.326203209,0.6737967909999999,0,14.95327103,0.060606061,0.325396825,0.0,0
1,1,0,0,0,9,359,0.0,0.0,1,0.0,0.0172413789999999,0.0,5.25,1
1,0,28,0,0,40,1944,0.892857143,0.107142857,1,100.0,0.254054054,0.0,13.36363636,1
0,2,144,3283858,1,0,4011,0.972222222,0.027777778,0,100.0,0.0,0.0,0.0,0
0,3,165,0,1,0,6209,0.927272727,0.072727273,0,36.36363636,0.0,0.333333333,0.0,0
1,0,9,0,1,200,755,1.0,0.0,1,0.0,0.13618677,0.0,25.44444444,1
0,2,812,423466,1,0,3620,0.992610837,0.007389163,0,85.71428571,0.0,0.166666667,0.0,0
0,6,322,683,1,7,6260,0.913043478,0.086956522,0,53.33333333,0.0,0.357142857,7.0,0
0,5,13,0,1,10,-1,0.153846154,0.846153846,0,8.333333332999999,0.105263158,0.454545455,5.1111111110000005,0
1,2,1,2838593,1,10,6448,1.0,0.0,0,0.0,0.0,0.0,5.4,1
0,2,128,0,1,0,4148,0.96875,0.03125,0,33.33333333,0.0,0.0,0.0,0
0,5,0,5025,1,13,12714,0.0,0.0,0,0.0,0.026666667,0.0,7.833333333,0
1,0,0,0,1,5,128,0.0,0.0,0,0.0,0.024390244,0.0,3.75,1
0,7,129,629,1,11,7476,0.085271318,0.914728682,0,84.28571429,0.023809524,0.016949153,6.75,0
0,6,130,8338,0,10,6304,0.2,0.8,0,20.0,0.116883117,0.028846154,4.6363636360000005,0
0,7,961,12,0,6,7130,0.89698231,0.10301769,0,65.50522648,0.0,0.181818182,5.333333333,0
0,0,0,0,1,0,436,0.0,0.0,0,0.0,0.0,0.0,0.0,0
0,6,106,301,1,10,7668,0.933962264,0.066037736,0,36.36363636,0.0161290319999999,0.142857143,4.833333333,0
1,3,275,1329043,1,2,7115,0.970909091,0.029090909,0,0.0,0.0,0.125,2.0,0
1,4,11,389882,1,11,3454,1.0,0.0,0,0.0,0.0,0.0,6.1,0
0,6,54,582,1,8,5063,0.666666667,0.333333333,0,21.05263158,0.058823529,0.166666667,3.75,0
0,6,118,685,1,10,9200,0.762711864,0.237288136,0,19.35483871,0.0,0.357142857,8.0,0
1,5,5,0,0,0,7296,0.0,1.0,0,0.0,0.305555556,0.0,0.0,1
1,1,0,0,0,5,3077,0.0,0.0,0,0.0,0.125,0.0,4.0,1
0,5,9,32,0,43,7764,0.0,1.0,0,0.0,0.037878788,0.0,16.83333333,1
0,5,137,612034,1,0,7441,0.95620438,0.04379562,0,25.0,0.0,0.5,0.0,0
1,0,104,4511081,1,11,2021,0.951923077,0.048076923,0,44.44444444,0.0,0.4,11.0,1
1,1,6,571736,0,5,4507,0.833333333,0.166666667,0,0.0,0.0,0.0,5.0,1
1,6,96,2052,0,12,9501,0.875,0.125,0,47.36842105,0.0,0.0,6.0,0
0,2,76,1623912,1,0,3927,0.078947368,0.921052632,0,0.0,0.0,0.042857143,0.0,0
1,0,51,5707171,1,17,3993,1.0,0.0,0,100.0,0.120967742,0.0,7.375,1
1,0,9,0,0,7,-1,0.7777777779999999,0.222222222,0,100.0,0.0,0.0,4.5,1
0,6,148,687,1,6,9203,0.8040540540000001,0.195945946,0,23.52941176,0.0,0.344827586,4.5,0
0,5,32,293139,1,12,6897,0.0,1.0,0,0.0,0.0,0.0,9.0,0
0,6,170,12761,1,10,8148,0.652941176,0.347058824,0,80.0,0.0,0.13559322,6.142857143,0
1,1,23,0,1,43,4284,0.7826086959999999,0.217391304,2,20.0,0.207407407,0.0,14.0,1
1,7,586,12,0,13,7133,0.916382253,0.083617747,0,66.89189189,0.0,0.183673469,8.5,0
1,5,21,0,0,4,5626,0.19047619,0.80952381,0,25.0,0.063829787,0.294117647,2.5,1
1,6,22,2988,0,48,-1,0.954545455,0.045454545,0,0.0,0.061403509,0.0,11.0,1
1,4,7,0,0,31,8018,0.0,1.0,0,0.0,0.104651163,0.0,6.4375,1
0,5,0,114616,1,11,9219,0.0,0.0,0,0.0,0.0,0.0,6.571428571,0
1,1,4,0,0,11,5622,0.25,0.75,0,0.0,0.0,1.0,5.5,1
1,1,0,0,0,32,4377,0.0,0.0,0,0.0,0.217391304,0.0,11.0,1
0,3,63,397947,1,0,6671,0.7142857140000001,0.285714286,0,85.71428571,0.0,0.0,0.0,0
0,4,0,4803955,0,8,9239,0.0,0.0,0,0.0,0.0,0.0,6.0,0
1,0,1,0,0,7,59,1.0,0.0,0,0.0,0.0,0.0,4.6,1
1,1,103,481145,1,0,7189,0.932038835,0.067961165,0,0.0,0.027027027,0.285714286,0.0,1
0,7,712,12,0,8,7134,0.933988764,0.066011236,0,72.35294118,0.0,0.5106382979999999,4.4,0
0,4,10,237480,1,0,6416,1.0,0.0,0,100.0,0.0,0.0,0.0,0
0,5,131,614699,1,0,7556,0.786259542,0.213740458,0,100.0,0.0,0.071428571,0.0,0
1,0,0,0,0,7,-1,0.0,0.0,0,0.0,0.258064516,0.0,4.090909091,1
1,2,44,0,1,8,6559,0.1363636359999999,0.8636363640000001,3,20.0,0.0,0.0,4.5,1
1,0,21,5807838,0,9,226,0.952380952,0.047619048,0,90.0,0.0,1.0,6.0,1
1,0,32,0,0,3,-1,0.65625,0.34375,0,9.090909091,0.461538462,0.545454545,2.8,1
1,4,19,0,0,43,8018,0.736842105,0.263157895,0,100.0,0.271604938,0.0,8.689655172,1
1,2,65,0,0,7,334,0.261538462,0.7384615379999999,0,5.8823529410000015,0.0,0.020833333,5.5,1
1,0,6,0,0,5,-1,1.0,0.0,0,100.0,0.105263158,0.0,4.0,1
1,0,34,0,0,0,-1,0.8235294120000001,0.176470588,0,0.0,0.071428571,0.0,0.0,1
0,2,25,10481070,1,0,3727,0.12,0.88,0,0.0,0.0,0.1363636359999999,0.0,0
1,0,4,0,0,49,276,1.0,0.0,1,0.0,0.4375,0.0,14.28571429,1
1,6,197,8115,1,11,9297,0.781725888,0.218274112,0,53.125,0.063063063,0.209302326,5.2,0
1,4,22,2363,0,19,1620,0.227272727,0.772727273,0,0.0,0.040816327,0.058823529,5.473684211,1
1,1,40,3025118,0,8,1628,1.0,0.0,0,100.0,0.041666667,0.0,3.666666667,1
0,4,43,1108129,1,0,-1,0.581395349,0.418604651,0,100.0,0.0,0.0,0.0,0
0,7,1078,12,0,11,7131,0.983302412,0.016697588,0,81.05263158,0.0,0.388888889,7.5,0
1,0,11,0,0,9,2492,0.454545455,0.545454545,3,33.33333333,0.023255814,0.333333333,4.6,1
1,0,88,0,0,32,2046,0.897727273,0.102272727,3,85.71428571,0.205882353,0.5555555560000001,9.0,1
0,4,29,0,1,0,-1,0.379310345,0.620689655,0,53.84615385,0.0,0.166666667,0.0,0
1,0,21,0,1,6,90,0.904761905,0.095238095,0,100.0,0.0,0.0,6.0,1
1,5,21,0,0,7,5615,0.19047619,0.80952381,2,25.0,0.204081633,0.176470588,4.5,1
1,3,1,8325539,0,4,2970,1.0,0.0,0,0.0,0.0,0.0,3.0,1
0,6,186,2544,1,9,8587,0.8870967740000001,0.112903226,0,20.0,0.086956522,0.285714286,6.5,0
0,3,291,224845,1,0,-1,0.920962199,0.0790378009999999,0,84.70588235,0.0,0.391304348,0.0,0
1,0,0,0,1,6,532,0.0,0.0,0,0.0,0.0,0.0,5.0,1
0,2,18,3190599,0,12,2183,0.5,0.5,0,95.83333333,0.018181818,0.111111111,6.25,0
0,10,25,63,0,10,7491,0.52,0.48,0,0.0,0.0,0.0,10.0,0
1,5,191,11602,1,8,6903,0.633507853,0.3664921470000001,0,10.60606061,0.043478261,0.014285714,8.0,0
1,1,0,2357981,0,7,-1,0.0,0.0,2,0.0,0.0,0.0,5.333333333,1
0,4,65,2988364,0,0,-1,0.815384615,0.184615385,0,7.692307692000001,0.0,0.4166666670000001,0.0,0
0,7,298,433,0,12,7657,0.956375839,0.043624161,0,56.52173913,0.0,0.7692307690000001,10.0,0
1,6,35,5517,0,9,7430,0.142857143,0.857142857,0,25.0,0.0,0.0,6.0,0
0,5,292,6192,0,9,6221,0.633561644,0.366438356,0,6.956521738999999,0.0,0.14953271,6.5,0
1,2,4,0,0,5,6009,1.0,0.0,0,100.0,0.0,0.0,4.0,1
1,0,0,0,0,13,1059,0.0,0.0,0,0.0,0.204081633,0.0,8.666666667000001,1
0,4,105,1993331,1,0,-1,0.7238095240000001,0.276190476,0,38.0952381,0.0,0.068965517,0.0,0
0,4,65,904517,1,14,-1,0.446153846,0.553846154,0,64.28571429,0.0,0.0,5.7,0
0,2,1,863712,1,0,-1,0.0,1.0,0,0.0,0.0,0.0,0.0,0
1,0,6,0,0,7,1086,1.0,0.0,1,0.0,0.045454545,0.0,4.8,1
0,4,16,7294945,0,0,1697,0.875,0.125,0,0.0,0.0,1.0,0.0,0
0,5,68,19627,1,10,4917,0.735294118,0.264705882,0,43.33333333,0.043478261,0.222222222,5.25,0
0,4,112,246,0,6,7724,0.6875,0.3125,0,6.896551724,0.0,0.142857143,6.0,0
1,0,4,5828815,0,17,4003,1.0,0.0,0,100.0,0.153225806,0.0,8.142857142999999,1
0,5,1,4321397,1,7,9058,1.0,0.0,0,100.0,0.0,0.0,4.333333333,0
0,6,0,2232,0,9,12874,0.0,0.0,0,0.0,0.056338028,0.0,5.833333333,0
0,1,14,6996253,1,0,-1,0.285714286,0.7142857140000001,0,33.33333333,0.0,0.0,0.0,0
1,0,0,0,0,13,507,0.0,0.0,0,0.0,0.14084507,0.0,8.666666667000001,1
1,0,0,0,1,6,5682,0.0,0.0,1,0.0,0.0,0.0,4.666666667,1
1,2,21,0,1,10,3764,0.904761905,0.095238095,1,100.0,0.0,0.0,5.714285714,1
1,4,7,40937,0,0,1015,0.571428571,0.428571429,0,0.0,0.0,0.0,0.0,1
1,7,17,293,1,11,7423,0.0,1.0,0,0.0,0.0,0.0,5.0,0
1,4,51,299847,1,18,3436,0.588235294,0.411764706,3,18.18181818,0.0,0.571428571,6.285714286,1
0,4,66,1999746,1,10,-1,0.712121212,0.287878788,0,28.57142857,0.0,0.105263158,7.0,0
0,4,107,144824,1,0,9076,0.841121495,0.158878505,0,9.090909091,0.0,0.411764706,0.0,0
1,2,64,4969132,0,32,3734,0.390625,0.609375,3,64.28571429,0.218085106,0.230769231,12.25,1
0,5,164,109622,1,0,1815,0.725609756,0.274390244,0,78.76106195,0.0,0.1555555559999999,0.0,0
1,0,432,0,1,10,1532,0.328703704,0.671296296,0,3.686635945,0.0,0.013793103,4.777777778,1
0,5,194,294,0,8,6342,0.726804124,0.273195876,0,7.01754386,0.0,0.132075472,6.0,0
0,0,2,0,0,0,3526,1.0,0.0,0,0.0,0.0,0.0,0.0,1
1,0,4,0,0,8,2818,1.0,0.0,3,0.0,0.0,0.0,5.0,1
0,6,53,6896,1,3,9394,0.886792453,0.113207547,0,33.33333333,0.0,0.5,3.0,0
1,5,21,0,0,7,5615,0.19047619,0.80952381,2,25.0,0.035714286,0.176470588,4.75,1
0,6,8,22211,0,6,1338,1.0,0.0,0,0.0,0.025,0.0,5.0,1
1,5,38,635,0,7,7590,0.842105263,0.1578947369999999,0,0.0,0.0,0.0,3.5555555560000003,0
0,3,64,10307170,0,0,6465,0.9375,0.0625,0,100.0,0.071428571,0.5,0.0,0
1,0,41,0,0,5,-1,0.951219512,0.048780488,1,66.66666667,0.051282051,0.5,4.666666667,1
0,3,171,459976,1,0,1380,0.918128655,0.081871345,0,35.0,0.0,0.5,0.0,0
0,4,245,199475,1,7,9336,0.808163265,0.191836735,0,42.46575342,0.0,0.468085106,5.333333333,0
1,0,92,0,0,75,217,0.97826087,0.02173913,0,33.33333333,0.121212121,0.0,39.0,1
1,0,90,0,0,6,4180,0.7555555559999999,0.244444444,0,25.0,0.0,0.181818182,4.2,1
0,5,94,37739,1,18,5309,0.936170213,0.063829787,0,0.0,0.0,0.0,11.0,0
1,0,4,5816617,0,17,4003,1.0,0.0,0,100.0,0.110169492,0.0,7.375,1
1,4,28,3864418,0,6,-1,1.0,0.0,1,100.0,0.0,0.0,4.6,1
0,2,135,1616591,1,0,4799,0.977777778,0.022222222,0,66.66666667,0.0,0.0,0.0,0
1,5,46,1432099,1,9,4866,0.565217391,0.434782609,0,54.54545455,0.098765432,0.55,4.2,0
0,3,138,1248266,1,0,4593,0.992753623,0.0072463769999999,0,0.0,0.0,2.0,0.0,0
1,6,44,67603,1,13,8973,0.772727273,0.227272727,1,50.0,0.119047619,0.2,5.0,0
1,0,51,5707171,0,17,3993,1.0,0.0,0,100.0,0.206349206,0.0,8.142857142999999,1
0,0,85,0,1,0,-1,0.282352941,0.717647059,0,41.17647059,0.0,0.0,0.0,0
1,0,4,5816617,0,17,4003,1.0,0.0,0,100.0,0.1171875,0.0,7.375,1
0,6,62,546,0,8,11048,0.7419354840000001,0.258064516,0,26.31578947,0.06097561,0.4375,5.5,0
1,2,12,0,0,5,8584,0.916666667,0.083333333,1,100.0,0.0,0.0,3.8,1
0,5,245,211482,1,0,8969,0.92244898,0.07755102,0,47.82608696,0.0,0.263157895,0.0,0
1,6,552,7696,1,4,5380,0.967391304,0.032608696,0,78.57142857,0.0,0.0,3.0,0
1,2,34,0,0,10,3259,1.0,0.0,0,100.0,0.0,0.0,8.6,1
1,1,40,0,1,7,3023,0.65,0.35,3,82.14285714,0.0,0.071428571,5.2,1
1,0,1,0,1,75,5963,1.0,0.0,0,0.0,0.266666667,0.0,39.5,1
1,4,26,0,0,23,8019,0.115384615,0.884615385,1,0.0,0.007874016,0.0,6.666666667,1
0,3,117,1263403,0,0,2799,0.931623932,0.068376068,0,0.0,0.0,0.125,0.0,0
0,8,12,0,0,0,5160,0.833333333,0.166666667,0,0.0,0.0,0.5,0.0,0
1,0,6,0,0,13,-1,0.833333333,0.166666667,1,0.0,0.109756098,0.0,4.428571429,1
0,2,20,0,1,0,1632,0.05,0.95,0,33.33333333,0.0,0.052631579,0.0,0
1,3,37,0,0,7,3993,1.0,0.0,0,100.0,0.059701493,0.0,5.6,0
0,2,116,263590,0,0,8236,0.913793103,0.0862068969999999,0,27.27272727,0.0,0.0,0.0,0
0,3,54,0,1,0,-1,0.962962963,0.037037037,0,60.0,0.0,1.0,0.0,0
0,4,259,0,1,8,6807,0.563706564,0.436293436,0,4.838709677,0.0,0.115044248,7.333333333,0
1,3,0,91922,0,11,4025,0.0,0.0,0,0.0,0.078125,0.0,6.0,0
0,5,266,0,0,0,7298,0.093984962,0.906015038,0,18.37837838,0.0,0.5269709539999999,0.0,0
0,4,113,70853,1,5,1675,0.938053097,0.061946903,0,100.0,0.0,0.0,4.0,1
1,5,21,9424969,0,17,5627,0.19047619,0.80952381,0,25.0,0.029411765,0.294117647,7.666666667,1
0,3,96,165559,1,0,-1,0.666666667,0.333333333,0,92.68292683,0.0,0.0,0.0,0
0,2,38,3090921,1,7,2527,0.947368421,0.052631579,0,87.5,0.0,0.0,5.833333333,0
0,1,4,80476,0,0,-1,0.75,0.25,0,0.0,0.083333333,0.0,0.0,1
1,3,185,0,0,9,3139,0.8810810809999999,0.118918919,0,26.08695652,0.02,0.681818182,5.75,1
1,0,0,0,1,10,284,0.0,0.0,0,0.0,0.0,0.0,6.2,1
0,2,43,1260885,1,0,2181,0.906976744,0.093023256,0,50.0,0.041666667,0.25,0.0,0
1,0,6,0,0,13,4212,0.166666667,0.833333333,0,100.0,0.0,0.0,6.6,1
0,5,119,192053,1,0,-1,0.949579832,0.050420168,0,25.0,0.0,0.166666667,0.0,0
0,5,209,6923,1,10,6673,0.564593301,0.435406699,0,10.58823529,0.0,0.010989011,8.5,0
1,0,0,0,0,7,-1,0.0,0.0,0,0.0,0.0,0.0,5.5,1
1,5,21,0,0,5,5626,0.19047619,0.80952381,1,25.0,0.0,0.294117647,5.0,1
0,7,207,3494,1,7,10316,0.8309178740000001,0.169082126,0,22.72727273,0.12,0.2,6.0,0
1,0,0,0,0,32,1534,0.0,0.0,1,0.0,0.25,0.0,10.6,1
1,0,4,0,0,0,1,1.0,0.0,0,100.0,0.0,0.0,0.0,1
0,0,50,0,1,8,1762,0.82,0.18,0,75.0,0.083333333,0.111111111,2.285714286,1
1,0,33,9795924,0,9,82,0.8787878790000001,0.121212121,1,100.0,0.071428571,0.0,5.1428571430000005,1
1,1,1,0,0,13,1838,0.0,1.0,2,0.0,0.029761905,0.0,6.0,1
1,2,0,1923676,1,5,515,0.0,0.0,0,0.0,0.0,0.0,5.0,1
1,0,16,0,0,0,-1,0.4375,0.5625,0,0.0,0.0,0.0,0.0,1
1,4,7,66834,0,0,1152,0.7142857140000001,0.285714286,0,0.0,0.107142857,0.0,0.0,0
0,3,244,2044997,1,7,6863,0.913934426,0.086065574,1,56.25,0.0,0.238095238,6.0,0
1,4,17,0,0,6,7473,0.882352941,0.117647059,0,100.0,0.196078431,1.0,3.666666667,1
1,1,1,0,0,75,2114,1.0,0.0,1,0.0,0.183206107,0.0,20.4,1
1,3,0,4365,0,14,1953,0.0,0.0,0,0.0,0.0625,0.0,12.0,1
0,8,60,4279,0,6,7127,0.8833333329999999,0.116666667,0,50.0,0.0,0.0,5.333333333,0
1,2,0,7138757,0,4,-1,0.0,0.0,0,0.0,0.0,0.0,3.5,1
0,6,134,8338,0,8,6304,0.223880597,0.7761194029999999,0,57.14285714,0.119402985,0.028846154,5.5,0
0,2,171,0,1,0,5810,0.748538012,0.251461988,0,44.44444444,0.0,0.093023256,0.0,0
1,1,10,0,1,8,3046,1.0,0.0,4,0.0,0.0,0.0,4.333333333,1
0,5,120,145007,1,12,8899,0.9,0.1,0,38.46153846,0.0,0.4166666670000001,8.6,0
0,8,159,213,0,6,8217,0.924528302,0.075471698,0,65.21739129999999,0.0,0.333333333,3.25,0
1,5,25,15873,0,12,2189,0.96,0.04,2,0.0,0.05027933,1.0,7.0625,1
0,5,121,37834,1,7,6385,0.20661157,0.79338843,0,38.23529412,0.0,0.09375,3.6,0
1,2,0,10767986,1,11,5553,0.0,0.0,0,0.0,0.10989011,0.0,5.666666667,0
0,4,42,448374,1,8,6444,0.380952381,0.6190476189999999,0,50.0,0.0,0.076923077,8.0,0
0,7,629,12,0,5,7132,0.777424483,0.222575517,0,54.24836601,0.0,0.142857143,3.75,0
1,0,34,8051915,1,8,16,0.588235294,0.411764706,0,100.0,0.041666667,0.0,5.333333333,1
0,2,62,749072,0,0,-1,0.967741935,0.032258065,0,100.0,0.0,1.0,0.0,0
0,6,24,2085,1,8,7402,1.0,0.0,0,100.0,0.0,0.0,6.2,0
1,0,22,10496635,0,36,243,0.363636364,0.636363636,0,12.5,0.435114504,0.214285714,12.25,1
1,2,7,0,0,92,2613,0.571428571,0.428571429,0,0.0,0.119402985,0.0,57.66666667,1
0,4,24,169549,1,0,3931,0.791666667,0.208333333,0,86.66666667,0.0,0.0,0.0,0
0,6,10,10090,0,9,-1,0.6,0.4,0,0.0,0.0,0.0,7.5,0
0,0,3,0,0,7,6982,1.0,0.0,0,0.0,0.0,0.0,5.5,1
1,5,22,0,0,0,5616,0.181818182,0.818181818,0,25.0,0.085106383,0.166666667,0.0,1
1,0,10,0,0,15,-1,1.0,0.0,2,0.0,0.010752688,0.0,4.818181818,1
0,3,57,1626642,1,0,4897,0.368421053,0.6315789470000001,0,35.29411765,0.0,0.305555556,0.0,0
0,8,194,136,1,17,5222,0.721649485,0.278350515,0,38.98305085,0.0,0.111111111,6.166666667,0
1,5,22,0,0,0,5614,0.181818182,0.818181818,0,25.0,0.06122449,0.166666667,0.0,1
0,3,30,125300,1,3,4483,0.166666667,0.833333333,0,42.85714286,0.0,0.16,3.0,0
0,5,189,808813,1,11,6509,0.8677248679999999,0.132275132,0,50.0,0.0,0.0,9.0,0
1,1,28,2078843,1,0,7056,0.25,0.75,0,4.545454545,0.0,0.142857143,0.0,1
1,5,22,0,0,10,5626,0.181818182,0.818181818,1,25.0,0.0862068969999999,0.277777778,10.0,1
1,5,35,0,0,7,7297,0.142857143,0.857142857,0,12.5,0.12244898,0.133333333,4.25,1
1,5,63,64256,0,11,8454,0.73015873,0.26984127,0,25.0,0.116504854,0.0,6.363636364,0
0,3,65,3880927,1,0,-1,0.815384615,0.184615385,0,52.94117647,0.0,0.083333333,0.0,0
1,1,163,0,1,32,3556,0.245398773,0.754601227,0,29.62962963,0.311827957,0.024390244,6.523809524,1
1,2,18,188429,0,25,4478,0.944444444,0.055555556,2,100.0,0.13740458,0.0,7.125,1
1,0,0,0,0,2,127,0.0,0.0,0,0.0,0.0,0.0,2.0,1
1,0,39,0,0,32,3918,1.0,0.0,0,100.0,0.364864865,0.0,18.0,1
1,2,50,2080048,1,9,5170,0.48,0.52,1,80.0,0.0,0.076923077,4.833333333,1
1,6,290,767,1,12,9227,0.906896552,0.093103448,0,30.76923077,0.083333333,0.037037037,7.0,0
0,5,309,3111,0,6,6212,0.796116505,0.203883495,0,51.90839695,0.0,0.285714286,4.666666667,0
0,2,47,0,1,0,4578,0.85106383,0.14893617,0,92.13483146,0.0,0.142857143,0.0,0
0,4,34,2519986,1,11,6969,0.529411765,0.470588235,0,73.33333333,0.0,0.25,11.0,0
0,3,36,0,1,0,7440,0.361111111,0.638888889,0,5.555555556,0.0,0.47826087,0.0,0
0,6,139,6627,1,7,6263,0.8057553959999999,0.194244604,0,44.44444444,0.0,0.074074074,5.0,0
0,5,82,13241,1,29,7412,0.792682927,0.207317073,0,36.36363636,0.0,0.294117647,9.75,0
1,1,26,2888357,0,0,7188,0.038461538,0.961538462,0,0.0,0.0,1.12,0.0,1
1,0,58,0,0,8,4493,1.0,0.0,6,100.0,0.0,0.0,5.285714286,1
0,8,61,0,0,0,7447,0.196721311,0.8032786890000001,0,28.57142857,0.0,0.0,0.0,0
0,6,355,683,1,5,6260,0.918309859,0.081690141,0,51.61290323,0.0,0.413793103,5.0,0
0,3,76,1430338,1,0,8375,0.75,0.25,0,54.54545455,0.0,0.263157895,0.0,0
0,10,47,171,1,8,3893,0.170212766,0.8297872340000001,0,0.0,0.0,0.051282051,7.0,0
0,6,158,50384,1,0,5586,0.607594937,0.392405063,0,6.666666667,0.0,0.177419355,0.0,0
1,5,14,0,0,0,7295,0.071428571,0.928571429,0,14.28571429,0.147058824,0.230769231,0.0,1
1,1,0,0,0,6,1830,0.0,0.0,0,0.0,0.0,0.0,4.5,1
0,2,24,0,1,0,3222,0.0,1.0,0,0.0,0.0,0.166666667,0.0,0
1,0,32,0,0,2,-1,0.65625,0.34375,0,9.090909091,0.0,0.454545455,2.0,1
1,0,8,0,1,7,4407,1.0,0.0,0,0.0,0.0,0.0,7.0,1
0,5,162,25707,1,6,8698,0.925925926,0.074074074,0,37.5,0.0,0.166666667,4.666666667,0
0,4,65,7218488,1,0,7767,0.876923077,0.123076923,0,37.5,0.0,0.125,0.0,0
1,4,7,261070,0,9,2612,0.857142857,0.142857143,0,0.0,0.059701493,1.0,5.285714286,1
0,4,114,993169,1,9,8326,0.964912281,0.035087719,1,94.11764706,0.011235955,0.0,5.444444444,0
1,5,0,287661,1,7,5073,0.0,0.0,0,0.0,0.040816327,0.0,4.5,0
1,5,74,0,0,7,7298,0.135135135,0.864864865,0,12.19512195,0.131147541,0.46875,3.8,1
1,0,0,0,0,1,1638,0.0,0.0,0,0.0,0.0,0.0,1.0,1
1,10,19,1,0,15,8347,0.6315789470000001,0.368421053,2,100.0,0.02173913,0.0,9.5,1
0,6,213,18370,1,9,-1,0.8544600940000001,0.145539906,0,31.25,0.0,0.225806452,7.25,0
0,7,801,12,0,6,7129,0.903870162,0.096129838,0,66.22807018,0.0,0.688311688,4.666666667,0
0,5,487,252556,1,7,6717,0.94661191,0.05338809,1,13.04347826,0.0,0.7307692309999999,5.5,0
1,0,587,0,0,7,536,0.969335605,0.030664395,0,96.91780822,0.0,0.055555556,5.25,1
1,0,46,0,0,31,148,0.913043478,0.086956522,0,100.0,0.048780488,0.0,7.285714286,1
0,5,130,97606,1,4,8813,0.7230769229999999,0.276923077,0,0.0,0.0,0.0,4.0,0
0,3,41,3192494,0,9,5729,0.390243902,0.609756098,2,20.0,0.206185567,0.0,4.071428571,0
0,2,110,0,1,0,4536,0.972727273,0.027272727,0,0.0,0.0,0.0,0.0,0
0,4,295,2112335,1,0,5837,0.976271186,0.023728814,0,50.0,0.0,0.285714286,0.0,0
0,4,43,2865212,1,0,3369,0.279069767,0.7209302329999999,0,7.692307692000001,0.0,0.0,0.0,0
1,9,32,3514,0,7,-1,1.0,0.0,0,0.0,0.045454545,0.0,7.0,1
1,4,0,246183,0,7,3684,0.0,0.0,2,0.0,0.1692307689999999,0.0,4.444444444,1
1,0,24,0,0,6,1757,0.875,0.125,0,0.0,0.1578947369999999,0.666666667,5.0,0
0,6,16,5422,0,7,4070,0.875,0.125,0,50.0,0.0,0.5,5.5,0
0,5,1018,1165,1,0,-1,0.996070727,0.003929273,0,66.66666667,0.0,0.0,0.0,0
0,5,163,50763,1,10,6995,0.6993865029999999,0.300613497,0,33.33333333,0.0,0.081632653,8.333333332999999,0
0,5,265,45954,1,0,-1,0.5018867920000001,0.498113208,0,40.0,0.0,0.022727273,0.0,0
1,4,11,0,0,46,8019,0.090909091,0.909090909,0,0.0,0.083333333,0.0,16.0,1
1,0,51,5697976,0,17,3992,1.0,0.0,0,100.0,0.090909091,0.0,9.285714286,1
1,0,0,0,1,0,1,0.0,0.0,0,0.0,0.066666667,0.0,0.0,1
0,1,19,955197,0,0,-1,0.684210526,0.315789474,0,85.71428571,0.0,0.166666667,0.0,0
1,0,42,0,1,21,1528,1.0,0.0,1,100.0,0.132352941,0.0,8.5,1
0,3,165,1196261,1,0,-1,0.836363636,0.163636364,0,75.0,0.0,0.0,0.0,0
1,2,0,0,0,0,189,0.0,0.0,0,0.0,0.153846154,0.0,0.0,1
0,8,30,0,0,0,5158,0.8666666670000001,0.133333333,0,0.0,0.0,0.0,0.0,0
1,0,1,0,0,9,-1,1.0,0.0,2,0.0,0.0,0.0,6.0,1
0,5,97,5258306,0,0,7299,0.18556701,0.81443299,0,27.53623188,0.0,0.544303797,0.0,0
0,4,42,182609,1,6,6773,0.928571429,0.071428571,0,0.0,0.095238095,0.333333333,3.5,0
1,4,11,298112,0,9,-1,0.181818182,0.818181818,0,0.0,0.0,0.333333333,5.0,0
1,0,51,5697976,0,15,3992,1.0,0.0,0,100.0,0.161764706,0.0,8.5,1
0,3,41,6530861,1,9,3962,0.707317073,0.292682927,0,0.0,0.056603774,0.0,5.5,0
1,0,33,0,0,64,36,0.242424242,0.757575758,5,70.0,0.3859649120000001,0.0,13.92857143,1
1,2,30,4669,0,0,1546,0.0,1.0,0,0.0,0.108108108,0.0,0.0,1
1,0,9,0,1,200,31,1.0,0.0,2,0.0,0.181467181,0.0,25.55555556,1
1,1,1,533532,0,0,2202,1.0,0.0,0,0.0,0.0,0.0,0.0,1
0,10,52,2,1,8,5638,0.557692308,0.442307692,0,0.0,0.046511628,0.0,4.0,0
1,2,30,0,0,32,5767,0.966666667,0.033333333,0,100.0,0.350649351,0.0,14.66666667,1
1,1,0,7375648,1,32,535,0.0,0.0,0,0.0,0.283950617,0.0,12.5,1
0,4,34,0,0,10,2033,0.6176470589999999,0.382352941,1,0.0,0.111111111,0.230769231,4.3,0
1,0,77,0,1,10,346,0.4415584420000001,0.558441558,0,37.5,0.0,0.0,7.0,1
1,1,130,0,1,8,3203,0.069230769,0.930769231,0,4.47761194,0.0,0.140495868,5.0,0
0,3,57,0,1,0,7140,0.947368421,0.052631579,0,72.72727273,0.0,0.0,0.0,0
0,5,11,32,0,80,7764,0.0,1.0,0,0.0,0.23297491,0.0,10.59090909,1
0,4,23,577529,0,0,5778,0.608695652,0.391304348,0,0.0,0.181818182,0.111111111,0.0,0
0,5,19,81842,1,0,4441,0.473684211,0.526315789,0,0.0,0.0,0.2,0.0,0
1,5,180,2381,1,4,6509,0.916666667,0.083333333,0,0.0,0.078947368,0.266666667,3.0,0
1,2,31,1211946,0,32,1016,0.032258065,0.967741935,0,0.0,0.244680851,0.1,18.33333333,1
1,1,6,0,1,6,-1,0.5,0.5,0,0.0,0.0,0.0,4.0,1
0,3,45,1067701,1,0,6452,0.933333333,0.066666667,0,100.0,0.0,0.0,0.0,0
0,1,29,0,0,9,-1,0.8275862070000001,0.172413793,2,0.0,0.0,0.0,5.1428571430000005,1
1,0,15,0,0,4,1982,0.8,0.2,0,100.0,0.0,0.0,4.0,1
0,5,0,21,0,16,9338,0.0,0.0,2,0.0,0.342629482,0.0,6.2258064520000005,1
1,0,51,5697976,0,17,3992,1.0,0.0,0,100.0,0.142857143,0.0,7.375,1
0,3,141,481781,1,0,3319,0.929078014,0.0709219859999999,0,61.11111111,0.0,0.3,0.0,0
0,3,53,7447880,1,0,4930,0.20754717,0.79245283,0,5.405405405,0.0,0.30952381,0.0,0
0,4,249,246,0,0,7724,0.78313253,0.21686747,0,8.823529412000001,0.0,0.074074074,0.0,0
1,4,225,17465,0,3,2130,0.6266666670000001,0.373333333,0,66.10169492,0.0,0.035714286,3.0,0
0,3,111,0,1,0,8145,0.720720721,0.279279279,0,61.53846154,0.0,0.064516129,0.0,0
0,8,56,0,0,0,7449,0.196428571,0.8035714290000001,0,25.0,0.0,0.133333333,0.0,0
0,4,42,4589207,1,9,6699,0.7142857140000001,0.285714286,0,37.5,0.0,0.5,5.5,0
0,4,215,4970261,1,0,7530,0.665116279,0.334883721,0,7.042253521,0.0,0.75,0.0,0
0,7,67,282,1,11,5048,0.71641791,0.28358209,0,93.10344828,0.13559322,0.0,6.4,0
1,0,0,0,1,0,101,0.0,0.0,1,0.0,0.0,0.0,0.0,1
0,1,95,160850,1,0,1193,0.936842105,0.063157895,0,100.0,0.0,0.0,0.0,0
1,0,0,0,0,2,5499,0.0,0.0,0,0.0,0.0,0.0,2.0,1
1,6,41,375,1,7,11564,0.707317073,0.292682927,0,100.0,0.120689655,0.0,4.571428571,0
1,2,0,0,0,11,5806,0.0,0.0,3,0.0,0.0,0.0,5.727272727000001,1
0,5,55,0,0,0,7298,0.272727273,0.727272727,0,36.84210526,0.0,0.2,0.0,0
1,5,18,0,0,0,5614,0.5555555560000001,0.444444444,0,25.0,0.127659574,0.375,0.0,1
1,0,4,5828815,0,17,4003,1.0,0.0,0,100.0,0.1484375,0.0,7.375,1
1,0,0,0,1,10,-1,0.0,0.0,0,0.0,0.231884058,0.0,5.785714286,1
0,5,209,185439,1,8,7552,0.866028708,0.133971292,0,81.39534884,0.0,0.071428571,6.0,0
0,7,40,609,0,10,11555,0.95,0.05,0,77.77777778,0.151515152,0.5,5.1428571430000005,0
0,5,147,1492,1,9,7721,0.727891156,0.272108844,0,0.0,0.042553191,0.075,4.25,0
1,2,7,0,0,92,2612,0.571428571,0.428571429,0,0.0,0.118811881,0.0,57.66666667,1
0,7,43,567,1,7,8431,0.418604651,0.581395349,0,39.02439024,0.0,0.32,5.5,0
1,1,0,0,1,5,1750,0.0,0.0,0,0.0,0.0,0.0,3.5,1
1,0,2,0,1,12,7528,1.0,0.0,4,0.0,0.0,0.0,5.4,1
0,4,105,1930148,1,0,-1,0.914285714,0.085714286,0,85.29411765,0.0,0.222222222,0.0,0
1,2,4,0,0,11,2960,0.0,1.0,0,0.0,0.0,0.5,5.75,1
1,2,7,0,0,0,8036,0.857142857,0.142857143,0,0.0,0.0,1.0,0.0,1
1,5,22,0,0,7,5615,0.181818182,0.818181818,2,25.0,0.307692308,0.166666667,3.5,1
0,4,91,295578,1,10,-1,0.527472527,0.472527473,0,66.66666667,0.058823529,0.325581395,4.75,0
1,3,0,4365,0,10,1953,0.0,0.0,0,0.0,0.060606061,0.0,10.0,1
0,3,88,0,1,0,530,0.931818182,0.0681818179999999,0,0.0,0.0,0.0,0.0,0
1,3,0,0,0,6,3768,0.0,0.0,0,0.0,0.0,0.0,5.0,1
0,0,154,124276,0,13,2101,0.948051948,0.051948052,0,60.0,0.139534884,0.625,8.0,1
1,0,0,2509075,1,10,-1,0.0,0.0,3,0.0,0.042016807,0.0,6.6363636360000005,1
1,5,13,0,0,0,7295,0.076923077,0.923076923,0,25.0,0.0,0.25,0.0,1
0,5,106,0,0,0,7296,0.235849057,0.764150943,0,31.42857143,0.137931034,0.518518519,0.0,0
1,7,52,48,0,9,9123,0.461538462,0.538461538,0,62.5,0.0,0.071428571,7.666666667,0
0,4,184,22144,1,0,7732,0.97826087,0.02173913,0,81.81818182,0.0,0.0,0.0,0
1,5,21,0,0,7,5627,0.19047619,0.80952381,2,25.0,0.066666667,0.294117647,4.5,1
1,4,44,75,0,15,5466,0.181818182,0.818181818,0,0.0,0.2,0.194444444,7.333333333,1
0,4,33,780517,0,10,4654,0.272727273,0.727272727,0,36.36363636,0.012658228,0.0,5.1,0
0,4,45,44165,1,10,5102,0.933333333,0.066666667,0,0.0,0.0,0.333333333,7.25,0
1,2,9,0,0,5,5916,1.0,0.0,0,100.0,0.027027027,0.0,3.5,1
0,5,156,0,0,0,7298,0.115384615,0.884615385,0,3.875968992,0.0,0.0072463769999999,0.0,0
0,5,315,11068,1,11,7929,0.7015873020000001,0.298412698,0,100.0,0.0808080809999999,0.085106383,5.818181817999999,0
0,10,25,63,0,8,7488,0.52,0.48,0,0.0,0.0,0.0,6.0,0
0,1,92,0,1,0,4280,0.956521739,0.043478261,0,62.5,0.0,0.25,0.0,0
1,5,150,277466,1,8,-1,0.806666667,0.193333333,1,3.333333333,0.103773585,0.034482759,4.307692308,0
0,4,0,154708,1,9,7330,0.0,0.0,0,0.0,0.0,0.0,5.5,1
0,5,96,2889,1,12,4489,0.9375,0.0625,0,72.72727273,0.0625,0.0,5.5,0
1,0,5,0,0,17,-2,1.0,0.0,1,0.0,0.20735786,0.0,6.243243242999999,1
1,2,24,1118394,0,14,2974,0.291666667,0.708333333,1,0.0,0.047619048,0.0,8.6,1
1,0,1,0,0,14,211,1.0,0.0,3,0.0,0.03030303,0.0,6.7,1
0,5,210,6886,1,10,6670,0.566666667,0.433333333,0,10.58823529,0.0,0.0,7.0,0
1,5,160,32887,1,9,5400,0.88125,0.11875,0,33.33333333,0.0,0.0,8.0,0
1,1,0,0,0,18,2644,0.0,0.0,0,0.0,0.264705882,0.0,18.0,1
0,2,67,414774,1,0,-1,0.626865672,0.373134328,0,88.23529412,0.0,0.04,0.0,0
0,4,5,6684,1,12,-2,0.8,0.2,0,0.0,0.107142857,0.0,7.0,0
1,0,139,0,0,7,-1,0.863309353,0.136690647,2,88.57142857,0.0,0.0,5.0,1
0,4,66,247167,0,10,4924,0.848484848,0.151515152,0,33.33333333,0.0,0.0,7.0,0
1,4,15,1125607,1,26,2169,0.266666667,0.7333333329999999,0,16.66666667,0.0,0.090909091,26.0,1
0,4,118,0,1,0,6515,0.245762712,0.754237288,0,40.0,0.0,0.0,0.0,0
1,0,1,0,0,9,761,1.0,0.0,3,0.0,0.0,0.0,5.125,1
0,3,15,0,0,0,2091,1.0,0.0,0,100.0,0.0,0.0,0.0,0
0,7,352,12,0,10,7133,0.951704545,0.048295455,0,66.66666667,0.0,0.529411765,7.0,0
0,4,28,12043,0,7,-1,1.0,0.0,0,100.0,0.0,0.0,5.8,0
1,6,8,3063,0,16,12376,0.875,0.125,0,100.0,0.053571429,1.0,8.222222222000001,0
0,5,299,53314,1,10,5086,0.8193979929999999,0.180602007,0,68.6746988,0.0,0.759259259,7.333333333,0
0,7,131,12,0,8,7130,0.916030534,0.0839694659999999,0,63.33333333,0.0,0.454545455,5.6,0
0,4,101,475913,0,8,5994,1.0,0.0,0,0.0,0.0,0.0,5.25,0
1,6,29,19748,0,9,-1,0.931034483,0.068965517,0,0.0,0.064516129,1.0,5.333333333,1
0,4,50,195180,1,8,6246,0.9,0.1,0,81.81818182,0.0,0.0,4.3,0
0,5,104,6496,1,0,5445,0.5,0.5,0,30.18867925,0.0,0.134615385,0.0,0
1,5,100,6082,1,8,4848,0.68,0.32,0,13.04347826,0.0,0.125,5.3,0
1,7,35,13,0,38,9317,0.057142857,0.942857143,0,9.523809524,0.06504065,0.03030303,4.882352941000001,0
1,10,10,1,0,21,8347,0.0,1.0,1,0.0,0.085714286,0.0,6.666666667,1
0,6,0,186,2,34,6360,0.0,0.0,0,0.0,0.0631067959999999,0.0,5.0,1
1,2,0,0,1,3,5321,0.0,0.0,0,0.0,0.0,0.0,3.0,1
0,5,132,10053,1,0,5391,0.8636363640000001,0.1363636359999999,0,60.0,0.0,0.333333333,0.0,0
1,2,32,6207267,0,15,2690,0.03125,0.96875,0,0.0,0.0,0.225806452,7.833333333,1
0,4,162,266000,1,9,-1,0.950617284,0.0493827159999999,0,55.55555556,0.126984127,0.125,4.285714286,0
0,4,86,6546,0,9,6158,0.686046512,0.313953488,0,0.0,0.0,0.0,6.5,0
0,5,136,6377,0,20,7805,0.514705882,0.485294118,0,12.5,0.0,0.045454545,5.5,0
0,4,181,2583581,1,7,8095,0.961325967,0.038674033,0,63.63636364,0.0,0.0,5.666666667,0
1,2,0,0,0,7,5294,0.0,0.0,0,0.0,0.0,0.0,5.5,1
0,6,270,606,1,10,7838,0.7666666670000001,0.233333333,0,32.25806452,0.0,0.301587302,10.0,0
1,2,114,0,0,0,7407,0.947368421,0.052631579,0,60.0,0.0,0.0,0.0,1
0,0,55,0,0,3,-1,0.0,1.0,0,0.0,0.45,0.018181818,2.25,1
0,6,278,641,1,10,8519,0.946043165,0.053956835,0,72.0,0.0,0.0,5.428571429,0
0,2,111,0,1,0,7243,0.837837838,0.162162162,0,83.33333333,0.0,0.0,0.0,0
0,5,109,27339,1,8,5208,0.8440366970000001,0.155963303,0,46.66666667,0.0,0.411764706,5.2,0
0,2,182,0,1,4,-1,0.961538462,0.038461538,0,87.09677419,0.0,0.571428571,3.333333333,0
0,2,104,5572480,1,0,1380,0.7692307690000001,0.230769231,0,13.04347826,0.166666667,0.166666667,0.0,0
1,6,1,0,0,5,8264,1.0,0.0,2,0.0,0.0,0.0,3.0,1
0,6,52,31833,1,0,9368,0.653846154,0.346153846,0,5.555555556,0.052631579,0.444444444,0.0,0
0,7,243,13,0,6,7134,0.864197531,0.135802469,0,52.85714286,0.0,0.666666667,5.0,0
1,3,77,0,0,25,41,0.4415584420000001,0.558441558,0,37.5,0.0,0.0,13.0,0
0,4,49,939835,0,0,1820,0.93877551,0.06122449,0,0.0,0.0,0.0,0.0,0
0,3,37,249971,1,6,933,0.513513514,0.486486486,0,0.0,0.0,0.0,4.666666667,1
0,2,0,6925913,1,13,-1,0.0,0.0,0,0.0,0.031746032,0.0,5.666666667,0
1,10,51,1,0,6,8346,0.509803922,0.490196078,2,100.0,0.0,0.0,5.333333333,1
1,0,6,0,0,64,-1,0.5,0.5,4,0.0,0.426605505,0.0,14.30769231,1
1,0,88,0,1,32,2047,0.897727273,0.102272727,3,85.71428571,0.214953271,0.5555555560000001,9.0,1
0,5,178,0,0,0,7298,0.404494382,0.595505618,0,55.88235294,0.0,0.405660377,0.0,0
0,3,0,777104,0,0,7347,0.0,0.0,0,0.0,0.0,0.0,0.0,0
0,5,118,2640,0,10,8186,0.669491525,0.330508475,0,100.0,0.068965517,0.0,6.857142857,0
1,0,7,0,0,4,2520,0.857142857,0.142857143,1,0.0,0.0,1.0,3.5,1
0,2,2,25607,0,0,5619,1.0,0.0,1,0.0,0.0,0.0,0.0,1
1,0,13,0,0,28,319,1.0,0.0,6,100.0,0.195555556,0.0,6.035714286,1
0,4,239,48618,1,0,-1,0.949790795,0.050209205,0,8.333333332999999,0.0,0.666666667,0.0,0
0,4,53,4707988,1,11,5995,0.867924528,0.132075472,0,42.85714286,0.0,0.285714286,5.666666667,0
0,2,124,1990852,1,0,7618,0.830645161,0.1693548389999999,0,40.0,0.0,0.047619048,0.0,0
1,0,0,0,1,32,461,0.0,0.0,1,0.0,0.179775281,0.0,10.6,1
0,5,39,38610,1,14,5310,0.871794872,0.128205128,0,0.0,0.0,0.0,9.0,0
1,2,162,233673,0,7,2344,0.827160494,0.172839506,0,50.0,0.02173913,0.607142857,4.5,0
0,4,47,436389,0,9,3247,0.936170213,0.063829787,0,97.2972973,0.103448276,0.333333333,5.0,0
1,0,0,7576349,1,40,-1,0.0,0.0,0,0.0,0.305084746,0.0,10.69230769,1
0,3,311,3467541,1,2,1808,0.958199357,0.041800643,0,66.66666667,0.0,0.461538462,2.0,0
0,2,5,0,0,0,2837,0.8,0.2,0,75.0,0.0,0.0,0.0,1
0,4,435,1801352,1,0,-1,0.92183908,0.07816092,0,14.81481481,0.0,0.470588235,0.0,0
1,0,23,0,0,5,1423,0.52173913,0.47826087,1,100.0,0.071428571,0.0,4.25,1
1,5,22,0,0,7,5615,0.181818182,0.818181818,3,25.0,0.05,0.166666667,4.5,1
0,2,3,4044493,1,12,7409,0.333333333,0.666666667,0,0.0,0.0,0.5,4.777777778,1
0,3,40,2659436,1,7,3905,0.975,0.025,0,50.0,0.022222222,0.0,7.0,0
1,1,0,0,0,2,3448,0.0,0.0,0,0.0,0.0,0.0,2.0,1
0,1,82,202287,0,0,-1,1.0,0.0,0,0.0,0.0,0.0,0.0,0
1,6,35,6032,0,14,5660,0.028571429,0.971428571,0,0.0,0.12987013,0.029411765,4.8,1
0,8,110,0,0,0,7449,0.590909091,0.409090909,0,100.0,0.0,0.0,0.0,0
0,1,21,411219,0,13,596,0.904761905,0.095238095,0,100.0,0.045454545,0.0,13.0,1
1,0,0,0,0,0,74,0.0,0.0,0,0.0,0.0,0.0,0.0,1
0,5,391,101628,1,5,8079,0.956521739,0.043478261,1,20.0,0.0,1.411764706,4.5,0
1,1,1,0,1,11,5758,1.0,0.0,4,0.0,0.0,0.0,5.083333333,1
0,1,105,3698321,0,0,6980,0.180952381,0.819047619,0,27.02702703,0.0,0.209302326,0.0,0
0,6,227,689,1,10,6258,0.8722466959999999,0.127753304,0,51.61290323,0.0,0.103448276,10.0,0
1,3,64,1225017,1,7,3850,0.953125,0.046875,0,66.66666667,0.0,0.0,4.333333333,0
0,5,46,1754,0,3,7505,0.7173913040000001,0.282608696,0,0.0,0.0,0.076923077,3.0,0
0,5,116,99,0,9,4061,0.689655172,0.310344828,0,79.41176471,0.041322314,0.027777778,4.470588235,0
0,2,256,1352976,1,0,1564,0.78515625,0.21484375,0,0.0,0.0,0.0,0.0,0
0,6,7,5076,1,10,-1,1.0,0.0,0,100.0,0.0,0.0,8.0,0
1,0,0,0,1,0,49,0.0,0.0,0,0.0,0.0,0.0,0.0,1
0,3,10,0,1,7,3090,0.9,0.1,0,50.0,0.0,1.0,6.0,0
1,0,43,0,1,7,1113,1.0,0.0,2,0.0,0.014925373,0.0,4.571428571,1
0,3,534,1279737,1,0,-1,0.689138577,0.310861423,0,75.86206897,0.0,0.042168675,0.0,0
1,0,5,0,0,0,3233,0.4,0.6,0,0.0,0.196078431,0.0,0.0,1
0,3,29,2131645,1,0,4146,0.413793103,0.5862068970000001,0,56.25,0.0,0.764705882,0.0,0
1,6,146,124192,0,6,2122,0.267123288,0.732876712,0,26.92307692,0.0,0.028037383,6.0,1
0,4,650,35576,1,0,4644,0.998461538,0.001538462,0,0.0,0.0,1.0,0.0,0
0,6,31,9075,1,9,-1,0.967741935,0.032258065,0,0.0,0.0,0.0,7.0,0
1,1,11,0,0,11,-1,1.0,0.0,0,100.0,0.0172413789999999,0.0,5.6,1
1,0,4,0,1,15,2618,1.0,0.0,3,100.0,0.112244898,0.0,4.769230769,1
1,5,117,7329,1,9,6493,0.803418803,0.196581197,0,20.0,0.0,0.0,5.285714286,0
0,4,98,114231,1,0,1937,0.255102041,0.7448979590000001,0,0.0,0.0,0.0,0.0,0
1,4,16,209887,1,13,4822,0.8125,0.1875,0,25.0,0.0,0.666666667,13.0,0
1,2,0,0,0,8,6556,0.0,0.0,0,0.0,0.0,0.0,5.5,1
0,5,159,141805,1,8,7900,0.93081761,0.06918239,0,76.0,0.0,0.545454545,7.5,0
0,2,27,207173,0,0,-1,0.5555555560000001,0.444444444,0,62.5,0.0,0.166666667,0.0,0
1,3,0,0,0,11,3153,0.0,0.0,0,0.0,0.105263158,0.0,6.75,1
0,1,15,0,1,0,6208,0.8666666670000001,0.133333333,0,100.0,0.0,0.0,0.0,0
0,4,76,174422,1,0,8892,0.75,0.25,0,82.66666667,0.0,0.210526316,0.0,0
0,7,96,1315,1,8,5133,0.5,0.5,1,69.49152542,0.023809524,0.083333333,3.916666667,0
0,4,19,752492,0,6,-1,0.736842105,0.263157895,0,33.33333333,0.0,0.6,5.5,0
1,3,182,0,1,8,298,0.357142857,0.642857143,0,1.886792453,0.0,0.017094017,4.2,0
1,0,14,0,0,32,2965,1.0,0.0,0,0.0,0.260273973,0.0,14.66666667,1
0,2,41,957184,0,0,-1,0.902439024,0.097560976,0,66.66666667,0.0,0.25,0.0,0
1,1,4,0,1,8,3403,1.0,0.0,2,100.0,0.0,0.0,4.25,1
1,0,0,0,0,4,-1,0.0,0.0,0,0.0,0.068965517,0.0,3.0,1
0,3,69,0,0,6,6349,1.0,0.0,0,100.0,0.0,0.0,6.0,1
0,3,49,536277,1,8,4194,0.571428571,0.428571429,0,88.0,0.09375,0.047619048,4.571428571,0
0,4,118,581435,1,0,4168,0.830508475,0.169491525,0,11.76470588,0.0,0.85,0.0,0
1,2,0,0,0,32,4312,0.0,0.0,0,0.0,0.411764706,0.0,32.0,1
0,4,55,719927,1,0,3981,0.8909090909999999,0.109090909,0,88.88888889,0.0,0.333333333,0.0,0
0,1,184,7928061,1,0,2071,0.885869565,0.114130435,0,0.0,0.0,0.0,0.0,0
1,0,1,0,0,32,3489,1.0,0.0,0,0.0,0.318181818,0.0,10.75,1
1,10,25,1,0,19,8347,0.44,0.56,1,0.0,0.053097345,0.0,7.181818182000001,1
0,3,108,9778902,0,0,2632,0.87037037,0.12962963,0,20.0,0.0,0.142857143,0.0,0
0,1,24,379479,1,0,3206,0.125,0.875,0,16.66666667,0.0,0.7142857140000001,0.0,0
0,4,244,0,1,0,6220,0.418032787,0.581967213,0,0.0,0.0,0.0,0.0,0
0,10,25,63,0,5,7489,0.52,0.48,0,0.0,0.0,0.0,4.0,0
1,3,27,0,1,9,1734,0.8888888890000001,0.111111111,1,100.0,0.0,0.0,6.0,1
1,2,0,1647264,0,0,560,0.0,0.0,0,0.0,0.0,0.0,0.0,1
0,6,96,688,1,8,9204,0.864583333,0.135416667,0,37.5,0.0,0.0,6.333333333,0
0,10,55,2,1,10,5635,0.472727273,0.527272727,0,0.0,0.0,0.137931034,7.0,0
0,2,27,2350712,0,0,1985,0.703703704,0.296296296,0,100.0,0.0,0.0,0.0,0
1,5,18,0,0,0,5626,0.5555555560000001,0.444444444,0,25.0,0.3,0.625,0.0,1
1,2,74,1037324,0,6,768,0.878378378,0.121621622,2,95.0,0.0,0.222222222,4.8,1
0,5,0,30597,0,10,5736,0.0,0.0,0,0.0,0.0,0.0,5.375,0
1,3,89,2294,0,7,7158,0.95505618,0.04494382,0,100.0,0.159090909,1.0,4.75,0
0,5,142,1453,1,4,7872,0.845070423,0.1549295769999999,0,52.38095238,0.0,0.181818182,3.25,0
0,4,103,76638,1,7,8905,0.757281553,0.242718447,0,0.0,0.051546392,0.84,4.538461538,0
1,6,15,5824,0,12,5670,0.2,0.8,0,100.0,0.1742424239999999,0.0,4.529411765,1
0,5,66,6082,1,8,4848,0.590909091,0.409090909,0,16.66666667,0.0,0.185185185,4.833333333,0
1,2,30,0,1,32,5767,0.966666667,0.033333333,0,100.0,0.24691358,0.0,14.66666667,1
0,1,22,0,0,0,-1,0.590909091,0.409090909,0,60.0,0.0,0.111111111,0.0,0
1,5,21,0,0,15,5616,0.19047619,0.80952381,1,25.0,0.0,0.176470588,9.5,1
0,0,59,0,0,0,-1,0.372881356,0.627118644,0,2.857142857,0.111111111,0.540540541,0.0,1
0,7,1045,12,0,7,7132,0.967464115,0.032535885,0,70.43478261,0.0,0.5,6.0,0
1,2,0,6075200,0,7,3668,0.0,0.0,1,0.0,0.0,0.0,5.5,1
0,0,162,0,0,0,1601,0.987654321,0.0123456789999999,0,83.33333333,0.0,0.0,0.0,1
1,1,0,7375648,1,32,534,0.0,0.0,0,0.0,0.259259259,0.0,12.5,1
1,2,86,0,1,4,-1,0.988372093,0.011627907,0,100.0,0.0,0.0,3.0,0
0,4,23,1482456,1,9,5675,0.608695652,0.391304348,0,50.0,0.0,0.222222222,7.2,0
0,2,169,0,0,0,-1,0.8579881659999999,0.142011834,0,4.166666667,0.0,0.25,0.0,0
1,3,13,458473,1,31,7440,1.0,0.0,0,0.0,0.114503817,0.0,10.44444444,1
0,7,113,2416,0,10,8759,0.796460177,0.203539823,0,38.46153846,0.155737705,0.47826087,4.722222222,0
1,2,125,0,0,11,-1,0.992,0.008,0,100.0,0.0,0.0,6.333333333,0
1,5,0,3871327,1,10,7644,0.0,0.0,1,0.0,0.049180328,0.0,5.666666667,0
1,0,21,0,1,12,-1,0.428571429,0.571428571,3,33.33333333,0.084033613,0.0,4.441860465,1
0,5,106,3128,0,8,6212,0.858490566,0.141509434,0,40.0,0.0,0.0,5.5,0
1,2,1,0,1,9,2877,0.0,1.0,1,0.0,0.018181818,0.0,6.75,1
0,5,1,57889,0,0,8453,1.0,0.0,0,100.0,0.0,0.0,0.0,0
1,4,26,0,0,35,8019,0.115384615,0.884615385,0,0.0,0.03875969,0.0,7.5,1
0,2,39,0,0,5,3751,0.974358974,0.025641026,0,66.66666667,0.0,0.0,3.666666667,1
0,7,17,285,1,10,7419,0.0,1.0,0,0.0,0.028985507,0.0,3.3636363639999995,0
1,0,4,0,1,0,683,1.0,0.0,0,0.0,0.092592593,0.0,0.0,1
1,2,0,0,1,8,8412,0.0,0.0,0,0.0,0.040816327,0.0,7.0,1
1,8,5,2307,0,8,6752,0.8,0.2,0,0.0,0.035714286,0.0,8.0,1
1,0,0,0,0,32,-1,0.0,0.0,0,0.0,0.342105263,0.0,13.5,1
1,2,33,0,1,9,3388,0.242424242,0.757575758,2,70.0,0.0,0.0,6.333333333,1
1,3,2,2503496,1,13,7397,1.0,0.0,1,0.0,0.009259259,0.0,4.2,1
1,3,16,0,0,7,6346,0.875,0.125,0,71.42857143,0.013333333,0.0,4.625,1
1,0,51,5707171,0,15,3993,1.0,0.0,0,100.0,0.092105263,0.0,8.5,1
1,4,197,813659,1,4,5667,0.436548223,0.563451777,0,0.0,0.0,0.027027027,3.0,0
0,2,14,0,1,0,2356,0.0,1.0,0,0.0,0.0,0.0,0.0,0
1,4,37,203194,1,7,4826,0.918918919,0.081081081,0,25.0,0.0,0.666666667,6.333333333,0
1,6,57,11781,0,9,920,0.912280702,0.087719298,0,20.0,0.08,0.0,9.0,1
0,4,102,604753,1,6,2792,0.37254902,0.62745098,0,24.67532468,0.0,0.015625,5.25,0
1,0,3,0,1,3,7812,0.666666667,0.333333333,0,0.0,0.0,1.0,3.0,1
0,4,38,332453,0,5,-1,1.0,0.0,0,100.0,0.0,0.0,5.0,0
0,4,56,720815,1,7,5219,0.75,0.25,0,33.33333333,0.0,0.642857143,5.666666667,0
1,4,48,320261,1,10,4009,0.895833333,0.104166667,0,75.0,0.074626866,0.6,4.25,0
0,2,260,2132314,1,0,8996,0.653846154,0.346153846,0,5.333333333,0.0,0.7111111109999999,0.0,0
0,4,64,24244,1,11,7988,0.90625,0.09375,0,100.0,0.0,0.0,6.6,0
0,0,45,0,0,0,-2,1.0,0.0,0,0.0,0.1578947369999999,0.0,0.0,1
0,5,21,40209,1,0,-2,0.380952381,0.6190476189999999,1,100.0,0.0,0.153846154,0.0,0
0,3,0,83296,1,0,4012,0.0,0.0,0,100.0,0.0,0.0,0.0,0
0,4,40,182793,1,6,6775,0.925,0.075,0,0.0,0.095238095,0.666666667,3.5,0
1,4,21,303835,1,12,7354,0.571428571,0.428571429,0,40.0,0.0779220779999999,0.0,6.833333333,0
1,0,0,0,1,8,6245,0.0,0.0,1,0.0,0.0,0.0,5.333333333,1
1,8,5,115,1,11,5159,0.4,0.6,0,0.0,0.054054054,0.666666667,4.2,0
1,2,0,0,0,8,5151,0.0,0.0,4,0.0,0.027777778,0.0,4.666666667,1
1,0,1,0,0,5,895,0.0,1.0,0,0.0,0.035714286,0.0,5.0,1
0,5,232,4445,0,3,5704,0.659482759,0.340517241,0,97.5,0.069767442,0.075949367,2.25,0
1,3,0,4365,0,10,1953,0.0,0.0,0,0.0,0.088888889,0.0,10.0,1
1,8,32,0,0,1,5160,0.84375,0.15625,0,96.0,0.0,0.0,1.0,0
1,2,0,0,0,8,1220,0.0,0.0,2,0.0,0.027777778,0.0,4.0,1
0,5,65,2675001,1,0,8495,0.923076923,0.076923077,0,28.57142857,0.0,0.0,0.0,0
0,7,958,12,0,6,7130,0.881002088,0.118997912,0,64.1509434,0.0,0.403508772,4.666666667,0
0,7,130,12,0,8,7131,0.930769231,0.069230769,0,57.14285714,0.0,0.5555555560000001,6.333333333,0
0,4,611,176808,1,6,8414,0.913256956,0.086743044,0,25.0,0.0,0.056603774,6.0,0
0,5,981,4171,1,10,5304,0.975535168,0.024464832,0,12.0,0.052631579,0.4166666670000001,4.875,0
0,4,10,2174782,1,14,4481,0.6,0.4,0,0.0,0.013513514,0.25,7.166666667,0
1,2,33,4639,0,5,1547,0.272727273,0.727272727,1,4.347826087,0.087719298,0.125,4.0,1
0,2,81,72672,0,12,3248,0.185185185,0.814814815,0,40.0,0.04494382,0.0,6.333333333,0
0,7,127,610,0,8,11557,1.0,0.0,0,100.0,0.230769231,0.0,4.25,0
0,3,39,8065044,1,2,-1,0.871794872,0.128205128,0,83.33333333,0.0,0.2,2.0,0
0,5,31,183260,0,0,7297,0.322580645,0.677419355,0,0.0,0.0,0.19047619,0.0,0
0,5,188,15082,0,8,9071,0.984042553,0.015957447,0,92.5,0.0721649479999999,0.0,5.272727273,0
1,0,1,0,0,32,4,0.0,1.0,0,0.0,0.294117647,0.0,10.0,1
1,0,0,10480281,1,6,372,0.0,0.0,0,0.0,0.0,0.0,6.0,1
1,5,14,0,0,0,7295,0.071428571,0.928571429,0,14.28571429,0.083333333,0.230769231,0.0,1
0,7,375,12,0,8,7133,0.914666667,0.085333333,0,61.9047619,0.087719298,0.5,4.5,0
1,4,401,0,1,7,8034,0.134663342,0.8653366579999999,2,42.22222222,0.0,0.014409222,5.375,1
0,8,220,138,1,11,5226,0.690909091,0.309090909,0,31.50684932,0.0,0.058823529,6.5,0
0,7,142,7971,1,11,9007,0.943661972,0.056338028,0,69.23076923,0.0,0.125,11.0,0
0,1,9,332823,1,0,6156,0.8888888890000001,0.111111111,0,100.0,0.0,0.0,0.0,1
0,2,36,4016663,1,0,1435,0.083333333,0.916666667,0,0.0,0.04,0.272727273,0.0,0
0,3,825,1029072,1,0,3930,0.991515152,0.008484848,0,0.0,0.0,0.285714286,0.0,0
0,5,139,54048,1,10,7230,0.913669065,0.086330935,0,70.83333333,0.0,0.333333333,5.25,0
0,4,609,1650338,1,0,5621,0.991789819,0.008210181,0,0.0,0.0,0.0,0.0,0
1,4,0,50436,0,32,5783,0.0,0.0,0,0.0,0.365079365,0.0,32.0,1
1,5,123,64114,1,28,5882,0.528455285,0.471544715,1,28.57142857,0.0,0.0172413789999999,11.6,0
1,10,10,1,0,14,8348,0.7,0.3,0,100.0,0.041666667,0.0,7.0,1
0,5,42,309856,1,0,9047,0.7857142859999999,0.214285714,0,16.66666667,0.0,0.0,0.0,0
1,0,4,0,0,10,4562,1.0,0.0,1,100.0,0.0,0.0,4.1111111110000005,1
1,4,26,0,0,35,8019,0.115384615,0.884615385,0,0.0,0.051948052,0.0,8.454545455,1
0,0,38,0,1,0,3071,0.947368421,0.052631579,0,33.33333333,0.0,1.0,0.0,0
1,1,0,0,1,7,4520,0.0,0.0,3,0.0,0.0,0.0,4.0,1
1,0,33,0,1,32,2105,0.787878788,0.212121212,0,71.42857143,0.227722772,0.0,13.0,1
0,5,2,13782,1,7,9715,1.0,0.0,1,0.0,0.0,0.0,5.5,0
0,5,370,355773,1,0,7494,0.794594595,0.205405405,0,50.0,0.0,0.052631579,0.0,0
1,0,0,8552690,1,2,3593,0.0,0.0,0,0.0,0.0,0.0,2.0,1
1,0,6,0,1,32,1601,1.0,0.0,2,0.0,0.174418605,0.0,11.5,1
0,5,108,0,0,0,7298,0.138888889,0.8611111109999999,0,23.25581395,0.0,0.268817204,0.0,0
0,4,95,1120475,1,0,7440,1.0,0.0,0,100.0,0.0,0.0,0.0,0
0,10,1,1,0,9,8348,0.0,1.0,2,0.0,0.0,0.0,5.166666667,1
0,4,87,56188,1,0,4250,0.954022989,0.045977011,0,0.0,0.0,0.5,0.0,0
1,0,1,0,1,24,2211,0.0,1.0,0,0.0,0.0,0.0,8.555555556,1
1,0,9,0,1,200,31,1.0,0.0,0,0.0,0.154440154,0.0,25.55555556,1
0,3,46,2373127,0,0,3798,0.391304348,0.608695652,0,14.81481481,0.0,0.464285714,0.0,0
1,4,22,11992,0,12,1617,0.227272727,0.772727273,0,0.0,0.061068702,0.058823529,6.714285714,1
1,2,48,764621,1,6,592,0.145833333,0.854166667,0,100.0,0.0,0.195121951,4.5,1
1,0,57,0,1,5,-1,0.684210526,0.315789474,1,72.72727273,0.053571429,0.0,3.5,1
0,5,79,22498,1,8,4443,0.797468354,0.202531646,0,77.77777778,0.071428571,0.375,5.222222222,0
1,0,4,0,0,6,1083,1.0,0.0,0,100.0,0.0,0.0,4.6,1
0,2,121,951195,1,0,4162,0.950413223,0.049586777,0,50.0,0.0,0.0,0.0,0
1,0,32,0,1,10,759,0.40625,0.59375,3,5.263157895,0.0,0.421052632,4.777777778,1
1,5,36,0,0,4,7297,0.138888889,0.8611111109999999,0,12.5,0.166666667,0.129032258,3.0,1
0,2,44,5258969,1,0,7530,1.0,0.0,0,100.0,0.0,0.0,0.0,0
0,1,240,291674,1,0,1737,0.504166667,0.495833333,0,29.62962963,0.0,0.226890756,0.0,0
0,3,0,3318531,1,6,5404,0.0,0.0,0,0.0,0.0,0.0,4.25,0
0,2,187,0,1,9,3724,0.77540107,0.22459893,0,84.61538462,0.0,0.0,6.5,0
0,1,138,2648440,0,0,2485,0.115942029,0.8840579709999999,0,2.9411764710000003,0.0,0.016393443,0.0,0
1,0,0,0,0,4,33,0.0,0.0,0,0.0,0.102564103,0.0,4.0,1
0,5,26,24846,1,11,6712,0.923076923,0.076923077,0,71.42857143,0.0,1.0,5.0,0
0,5,8,626901,1,7,6841,0.625,0.375,0,100.0,0.0,0.0,6.0,0
1,0,4,5828815,0,17,4003,1.0,0.0,0,100.0,0.1640625,0.0,7.375,1
1,0,510,0,0,8,2996,0.752941176,0.247058824,3,21.875,0.0,0.111111111,4.571428571,1
0,1,51,81970,0,0,-1,0.352941176,0.647058824,0,33.33333333,0.25,0.242424242,0.0,1
1,2,1,0,0,6,5279,1.0,0.0,1,0.0,0.022222222,0.0,4.5,1
0,4,18,0,0,0,819,0.222222222,0.7777777779999999,0,70.83333333,0.0,0.357142857,0.0,0
0,5,793,6966,0,21,5591,0.935687264,0.064312736,0,26.86567164,0.0,0.0,8.0,0
1,3,3,7603384,0,7,3126,1.0,0.0,1,0.0,0.0,0.0,6.0,1
0,0,3,0,1,9,-1,1.0,0.0,1,0.0,0.0,0.0,5.333333333,1
1,6,89,386,0,0,7827,0.426966292,0.573033708,0,0.0,0.0,0.0,0.0,1
1,0,21,0,0,5,3183,0.761904762,0.238095238,0,100.0,0.0,0.0,5.0,1
0,7,175,12,0,10,7133,0.902857143,0.097142857,0,55.26315789,0.0,0.352941176,5.5,0
1,0,0,0,0,13,1387,0.0,0.0,0,0.0,0.1785714289999999,0.0,8.666666667000001,1
1,0,8,0,0,13,-1,1.0,0.0,1,0.0,0.096551724,0.0,5.263157895,1
1,0,34,0,1,11,2827,0.852941176,0.147058824,0,100.0,0.0,0.0,5.666666667,1
1,0,1,0,0,20,-1,1.0,0.0,0,0.0,0.108108108,0.0,20.0,1
0,4,87,179737,1,7,3473,0.908045977,0.091954023,0,0.0,0.0,0.0,6.0,0
0,5,405,107,0,5,8647,0.701234568,0.298765432,0,9.756097561,0.0,0.297520661,5.0,0
0,5,163,0,1,8,5002,0.944785276,0.055214724,0,42.85714286,0.0,0.333333333,5.0,0
0,4,62,2185334,1,0,8658,0.870967742,0.129032258,0,25.0,0.0,0.25,0.0,0
1,2,18,0,0,25,2061,0.944444444,0.055555556,3,100.0,0.128205128,0.0,7.375,1
0,5,22,10011393,0,0,5636,1.0,0.0,1,100.0,0.0,0.0,0.0,0
0,4,61,107898,1,0,2587,0.8196721309999999,0.180327869,0,56.0,0.0,0.545454545,0.0,0
0,6,25,1115,0,11,12710,0.96,0.04,0,50.0,0.0,0.0,8.0,0
1,4,62,81918,1,10,7268,0.919354839,0.0806451609999999,0,100.0,0.105263158,0.0,5.4,0
1,2,90,0,1,6,3555,0.522222222,0.477777778,0,37.5,0.0,0.0,5.0,1
0,5,184,18864,1,5,5125,0.918478261,0.081521739,0,66.66666667,0.0,0.066666667,4.5,0
1,0,51,5697976,1,17,3992,1.0,0.0,0,100.0,0.1300813009999999,0.0,7.375,1
1,1,21,0,0,2,1245,1.0,0.0,0,100.0,0.0,0.0,2.0,1
1,0,22,0,1,0,149,0.636363636,0.363636364,0,0.0,0.0,1.0,0.0,1
0,5,58,180047,0,7,7744,0.965517241,0.034482759,0,50.0,0.0,0.5,7.0,0
0,5,46,12328,1,0,5230,0.195652174,0.804347826,0,0.0,0.0,0.027027027,0.0,0
0,1,65,758502,0,5,3638,0.1692307689999999,0.8307692309999999,0,97.14285714,0.0,0.111111111,5.0,0
1,7,0,155,0,26,7905,0.0,0.0,0,0.0,0.212230216,0.0,10.80952381,1
1,2,9,35955,0,5,962,1.0,0.0,0,100.0,0.179487179,0.0,4.0,1
1,5,80,39989,1,8,9530,0.7625,0.2375,0,40.0,0.0,0.105263158,6.333333333,0
1,1,169,0,0,10,7148,0.940828402,0.059171598,4,81.81818182,0.0,0.1,6.125,1
1,2,95,1588154,1,8,-1,0.4,0.6,0,33.33333333,0.0,0.035087719,6.0,0
0,7,12,892,0,86,7968,0.583333333,0.4166666670000001,0,0.0,0.1372549019999999,0.0,17.66666667,1
1,2,0,47895,0,32,-1,0.0,0.0,0,0.0,0.388888889,0.0,32.0,1
0,5,228,150940,1,10,9117,0.7807017540000001,0.219298246,0,59.57446809,0.0,0.38,6.6,0
1,1,4,0,1,7,5643,1.0,0.0,0,100.0,0.049180328,0.0,4.4,1
0,3,1,868835,1,0,2165,0.0,1.0,0,0.0,0.0,2.0,0.0,0
1,8,5,114,1,6,5161,0.4,0.6,0,0.0,0.048192771,0.666666667,3.692307692,0
0,0,73,2110939,1,80,627,0.98630137,0.01369863,0,90.90909091,0.063380282,0.0,21.4,1
0,4,8,1212036,0,10,3482,0.75,0.25,0,0.0,0.0,0.5,7.6,0
0,5,123,0,0,0,7297,0.268292683,0.731707317,0,33.89830508,0.09375,0.311111111,0.0,0
0,5,60,8828,0,4,-1,0.816666667,0.183333333,1,27.27272727,0.086956522,0.636363636,4.0,0
1,2,31,0,0,9,2500,0.7419354840000001,0.258064516,3,0.0,0.02247191,0.0,5.2,1
1,0,6,0,0,9,-1,0.333333333,0.666666667,0,0.0,0.015384615,0.5,4.375,1
0,2,319,0,1,2,-1,0.918495298,0.081504702,0,22.22222222,0.0,0.269230769,2.0,0
1,0,4,0,0,0,2,1.0,0.0,0,100.0,0.0,0.0,0.0,1
0,2,59,774801,0,0,-1,1.0,0.0,0,0.0,0.0,0.0,0.0,0
0,5,105,3507098,0,0,7298,0.19047619,0.80952381,0,21.95121951,0.027027027,0.117647059,0.0,0
0,2,82,557472,0,10,2387,0.963414634,0.036585366,0,50.0,0.0,0.0,8.5,0
0,2,306,1770667,1,0,-1,0.820261438,0.179738562,0,91.35802469,0.0,0.018181818,0.0,0
0,3,37,141484,0,0,1737,0.810810811,0.189189189,1,100.0,0.0,0.0,0.0,0
0,10,62,35,1,5,5894,1.0,0.0,0,0.0,0.03125,0.0,5.0,0
0,6,185,683,1,13,6259,0.864864865,0.135135135,0,59.25925926,0.0,0.0,13.0,0
0,5,204,7093,0,9,8233,0.955882353,0.044117647,0,27.27272727,0.0,0.333333333,5.75,0
0,5,29,37967,1,5,5959,1.0,0.0,1,0.0,0.113636364,0.0,4.333333333,0
1,0,4,0,0,6,1834,1.0,0.0,0,100.0,0.268907563,0.0,3.5,1
1,0,6,0,0,16,-1,1.0,0.0,4,0.0,0.051948052,0.0,7.166666667,1
1,0,27,0,1,3,5,1.0,0.0,0,100.0,0.0,0.0,3.0,1
0,5,718,625,0,5,6433,0.920612813,0.079387187,0,83.80681818,0.0,0.140350877,4.5,0
1,0,82,6847947,1,4,854,0.951219512,0.048780488,0,100.0,0.0,0.0,4.0,1
0,2,122,550873,1,0,3828,0.942622951,0.057377049,0,0.0,0.0,0.571428571,0.0,0
1,0,23,514430,0,0,2532,1.0,0.0,1,100.0,0.0,0.0,0.0,1
0,2,62,411426,0,8,-1,0.903225806,0.096774194,0,0.0,0.0,0.166666667,6.5,0
0,5,55,221138,1,10,3857,0.581818182,0.418181818,0,78.78787879,0.0,0.173913043,7.0,0
1,10,30,1,0,26,8347,0.333333333,0.666666667,2,0.0,0.090909091,0.0,8.5,1
1,5,11,0,0,0,7296,0.090909091,0.909090909,0,25.0,0.0,0.3,0.0,1
1,3,0,5533318,1,9,7110,0.0,0.0,0,0.0,0.018181818,0.0,3.833333333,1
1,6,420,6992,1,11,10607,0.95952381,0.04047619,0,79.16666667,0.0,0.0,5.714285714,0
1,3,27,0,1,9,1748,0.8888888890000001,0.111111111,1,100.0,0.0,0.0,6.0,1
1,0,66,0,1,10,5556,0.757575758,0.242424242,4,66.66666667,0.069565217,0.0625,5.923076922999999,1
0,7,289,1358,1,6,8917,0.906574394,0.093425606,0,29.41176471,0.0,0.185185185,5.5,0
0,5,60,19476,1,10,4916,0.8666666670000001,0.133333333,0,61.11111111,0.0,0.0,6.0,0
1,0,4,0,0,7,1837,1.0,0.0,0,100.0,0.054794521,0.0,7.0,1
1,5,13,0,0,0,7295,0.076923077,0.923076923,0,16.66666667,0.0,0.833333333,0.0,1
0,0,36,10504747,1,3,-1,1.0,0.0,1,0.0,0.0,0.0,2.5,1
0,5,126,59571,1,0,-1,0.7857142859999999,0.214285714,0,0.0,0.0,0.185185185,0.0,0
0,7,123,166,1,7,9427,0.7560975609999999,0.243902439,0,50.0,0.074074074,0.0,4.5,0
1,0,89,0,0,6,96,0.337078652,0.662921348,0,14.0625,0.0,0.322033898,6.0,1
0,7,2205,12,0,6,7132,0.934693878,0.065306122,0,65.79572447,0.0,0.319444444,4.0,0
1,1,38,0,0,9,783,1.0,0.0,5,100.0,0.0,0.0,5.5,1
0,4,12,109880,1,8,-1,1.0,0.0,0,0.0,0.0,0.0,5.4,0
1,5,0,0,0,0,5627,0.0,0.0,0,0.0,0.173076923,0.0,0.0,1
0,3,278,956800,1,2,-1,0.579136691,0.420863309,0,45.83333333,0.0,0.418803419,2.0,0
0,3,2726,138308,1,2,-1,0.993030081,0.006969919,0,92.78350515,0.103448276,0.105263158,2.0,0
1,5,22,0,0,7,5615,0.181818182,0.818181818,3,25.0,0.015625,0.166666667,3.5,1
0,4,182,350385,1,0,5091,0.835164835,0.164835165,0,67.5,0.0,0.033333333,0.0,0
1,0,76,0,1,8,6006,0.921052632,0.078947368,2,0.0,0.0,0.0,5.333333333,1
1,6,0,11808,1,15,-1,0.0,0.0,0,0.0,0.102040816,0.0,6.181818182000001,0
1,4,7,0,0,18,8019,0.0,1.0,0,0.0,0.0709219859999999,0.0,7.454545455,1
0,6,187,8550,1,12,5738,0.7860962570000001,0.213903743,0,9.677419355,0.0,0.225,9.111111111,0
1,1,33,9900817,0,8,2429,0.242424242,0.757575758,1,70.0,0.0,0.0,5.0,1
1,1,19,0,0,6,5555,0.105263158,0.894736842,2,50.0,0.0,1.0,3.8,1
0,5,208,102168,1,4,4788,0.985576923,0.014423077,0,97.72727273,0.058823529,0.333333333,4.0,0
0,6,35,309,0,5,8701,0.457142857,0.542857143,0,48.0,0.272727273,0.1578947369999999,4.25,0
0,2,17,0,1,0,5592,0.529411765,0.470588235,0,46.66666667,0.0,0.5,0.0,0
0,7,146,784264,0,0,5232,0.979452055,0.020547945,0,0.0,0.0,0.333333333,0.0,0
1,0,33,0,0,10,-2,0.242424242,0.757575758,3,70.0,0.0161290319999999,0.0,5.1428571430000005,1
1,1,6,0,0,6,-1,0.5,0.5,0,0.0,0.0,0.0,4.0,1
0,4,24,60032,1,0,5778,0.833333333,0.166666667,0,0.0,0.0,0.75,0.0,0
1,3,24,0,0,0,6381,0.0,1.0,0,0.0,0.105263158,0.0,0.0,1
1,7,155,1004,1,9,12124,0.935483871,0.064516129,0,44.44444444,0.0,0.2,5.666666667,0
1,0,29,0,0,17,213,0.5862068970000001,0.413793103,0,16.66666667,0.0,0.666666667,8.166666667000001,1
1,0,0,0,1,5,168,0.0,0.0,0,0.0,0.051282051,0.0,5.0,1
1,0,13,0,0,8,100,0.846153846,0.153846154,0,0.0,0.0,0.0,4.166666667,1
0,5,377,30761,1,6,9094,0.604774536,0.395225464,0,0.0,0.0,0.040268456,5.0,0
0,1,2,0,0,21,3566,1.0,0.0,0,0.0,0.0,0.0,8.875,1
0,5,145,219637,0,10,3366,0.84137931,0.15862069,0,91.52542373,0.098765432,0.260869565,4.6,0
1,0,5,0,0,0,3916,1.0,0.0,0,100.0,0.341463415,0.0,0.0,1
1,0,0,0,0,5,1186,0.0,0.0,0,0.0,0.035714286,0.0,4.0,1
1,5,22,0,0,11,5627,0.181818182,0.818181818,0,25.0,0.0,0.277777778,7.0,1
1,0,0,0,0,288,1163,0.0,0.0,0,0.0,0.587155963,0.0,31.15384615,1
1,2,31,1196152,0,5,1015,0.032258065,0.967741935,0,0.0,0.0,0.1,4.0,1
0,5,184,988,1,11,7586,0.994565217,0.005434783,0,91.66666667,0.0,0.0,9.5,0
1,0,23,0,0,15,-1,0.913043478,0.086956522,0,100.0,0.012048193,0.0,5.666666667,1
1,0,30,4159076,0,8,2130,0.133333333,0.8666666670000001,3,0.0,0.0,0.461538462,3.6,1
1,2,203,4669,0,5,1546,0.133004926,0.8669950740000001,1,6.666666667,0.113636364,0.034090909,4.5,1
1,2,34,0,0,98,3744,0.411764706,0.588235294,0,50.0,0.632258065,0.1,16.625,1
1,0,14,0,0,5,21,1.0,0.0,0,0.0,0.047619048,0.0,4.0,1
1,0,163,0,1,0,1077,0.570552147,0.429447853,0,0.0,0.0,0.028571429,0.0,1
1,1,6,0,0,17,-1,1.0,0.0,0,0.0,0.0,0.0,17.0,1
1,8,0,385,0,10,7448,0.0,0.0,0,0.0,0.064516129,0.0,5.0,0
1,0,0,0,0,0,-1,0.0,0.0,0,0.0,0.041666667,0.0,0.0,1
1,2,118,242217,0,10,2346,0.898305085,0.101694915,0,33.33333333,0.0,0.5,8.0,0
1,0,21,0,0,7,610,0.0,1.0,0,0.0,0.126984127,0.095238095,3.714285714,0
1,2,56,0,0,11,2098,0.0,1.0,0,0.0,0.042553191,0.142857143,6.25,1
1,1,0,0,1,5,7688,0.0,0.0,0,0.0,0.0,0.0,3.666666667,1
1,5,22,0,0,0,5616,0.227272727,0.772727273,0,100.0,0.254545455,0.0,0.0,1
0,6,56,2040,1,0,5250,0.7857142859999999,0.214285714,0,0.0,0.0,0.5,0.0,0
1,0,4,5816617,0,17,4003,1.0,0.0,0,100.0,0.157480315,0.0,7.375,1
1,0,12,0,0,17,-1,0.75,0.25,0,0.0,0.203703704,0.0,5.714285714,1
0,5,206,316,1,8,9185,0.665048544,0.334951456,0,0.0,0.0,0.028985507,7.0,0
0,7,442,148,1,8,9635,0.7239819000000001,0.2760180999999999,0,0.0,0.0,0.204918033,7.0,0
1,0,51,5707171,0,17,3993,1.0,0.0,0,100.0,0.196581197,0.0,8.142857142999999,1
0,5,91,0,1,9,5584,0.725274725,0.274725275,0,11.11111111,0.0,0.0,3.8,0
1,5,21,0,0,17,5627,0.19047619,0.80952381,0,25.0,0.0845070419999999,0.294117647,7.666666667,1
1,1,5,0,0,8,6083,0.2,0.8,0,0.0,0.0,1.0,5.0,1
0,6,310,3198,1,0,8989,0.061290323,0.938709677,0,15.30612245,0.0,0.034364261,0.0,0
1,0,7,0,0,8,1,0.857142857,0.142857143,0,0.0,0.123287671,1.0,4.19047619,1
1,0,51,5697976,0,17,3992,1.0,0.0,0,100.0,0.182539683,0.0,7.375,1
1,0,2,0,1,10,6258,0.5,0.5,0,0.0,0.0,0.0,10.0,1
0,3,0,704437,1,13,8142,0.0,0.0,0,0.0,0.028985507,0.0,6.166666667,0
1,5,21,0,0,9,5616,0.19047619,0.80952381,0,25.0,0.070175439,0.176470588,4.75,1
1,2,22,0,0,32,2300,0.545454545,0.454545455,2,60.0,0.215053763,0.0,8.142857142999999,1
0,2,133,2886298,0,0,-1,0.812030075,0.187969925,0,55.0,0.0,0.08,0.0,0
1,2,1,7945,0,17,2528,1.0,0.0,0,0.0,0.0,0.0,10.0,1
0,5,323,64636,1,6,8332,0.66873065,0.33126935,0,16.66666667,0.058823529,0.037383178,5.5,0
0,0,33,0,0,0,1175,0.484848485,0.515151515,0,20.0,0.0,0.117647059,0.0,0
1,4,26,0,0,36,8019,0.115384615,0.884615385,1,0.0,0.03030303,0.0,8.3,1
0,3,5,689668,1,0,1509,0.8,0.2,0,92.30769231,0.0,0.0,0.0,0
0,5,240,10385,0,10,9647,0.983333333,0.016666667,0,90.90909091,0.0,0.5,9.0,0
1,4,68,178077,0,0,8181,0.955882353,0.044117647,0,0.0,0.0,0.0,0.0,0
0,2,7,8262038,0,7,-1,0.142857143,0.857142857,1,0.0,0.0,0.0,4.8,1
0,9,224,3523,0,11,-1,0.991071429,0.008928571,0,71.42857143,0.0,0.0,11.0,1
0,8,12,0,0,0,5160,0.75,0.25,0,0.0,0.0,0.0,0.0,0
1,5,201,421805,1,8,5667,0.990049751,0.009950249,0,75.0,0.017857143,1.0,4.5,0
1,5,202,6844,1,10,6670,0.5841584160000001,0.415841584,0,11.53846154,0.041666667,0.0,6.333333333,0
1,4,41,47859,1,6,6890,1.0,0.0,0,0.0,0.0,0.0,4.25,0
1,0,7,0,0,0,-1,0.0,1.0,0,0.0,0.0,0.0,0.0,1
0,4,118,17515,0,10,2132,0.576271186,0.423728814,0,80.0,0.0,0.0,10.0,0
0,3,25,3203037,0,0,7557,0.6,0.4,0,50.0,0.0,0.2,0.0,0
1,0,120,0,0,11,1589,0.033333333,0.966666667,6,7.142857143,0.039370079,0.0,6.692307692000001,1
0,2,305,0,1,5,8018,1.0,0.0,0,100.0,0.0,0.0,4.0,0
0,6,0,17045,0,7,7042,0.0,0.0,0,0.0,0.149253731,0.0,5.166666667,0
1,3,1,17964,0,200,7083,0.0,1.0,0,0.0,0.132075472,0.0,31.85714286,1
0,3,55,2605178,1,7,3588,0.963636364,0.036363636,0,80.0,0.0,0.5,5.5,0
1,4,231,33164,1,5,-1,0.939393939,0.060606061,0,79.48717949,0.0,0.428571429,4.5,0
1,0,3,0,0,75,5521,0.666666667,0.333333333,2,0.0,0.25308642,0.0,19.71428571,1
0,5,39,659864,1,9,4012,0.307692308,0.692307692,0,71.05263158,0.038461538,0.037037037,5.285714286,0
1,2,13,0,0,10,847,0.692307692,0.307692308,0,100.0,0.0,0.0,6.4,0
1,2,55,0,1,11,5035,1.0,0.0,0,100.0,0.0,0.0,5.916666667,1
0,3,45,354959,1,0,7090,0.5555555560000001,0.444444444,0,75.0,0.0,0.0,0.0,0
1,0,0,0,0,8,5302,0.0,0.0,0,0.0,0.127659574,0.0,5.25,1
0,0,30,0,0,4,4618,0.333333333,0.666666667,0,0.0,0.0,1.0,4.0,1
1,0,10,0,1,6,3153,0.5,0.5,0,0.0,0.0,1.0,6.0,1
1,0,40,0,0,11,1484,0.9,0.1,1,0.0,0.08490566,0.5,6.555555556,1
1,2,162,237648,0,9,2344,0.808641975,0.191358025,0,61.53846154,0.0,0.35483871,6.0,0
0,4,159,307419,1,0,8649,0.981132075,0.018867925,0,72.72727273,0.0,0.333333333,0.0,0
0,5,147,117153,1,5,4429,0.911564626,0.088435374,0,33.33333333,0.0,0.0,4.25,0
1,2,23,0,0,0,819,1.0,0.0,0,100.0,0.076923077,0.0,0.0,1
1,0,0,0,1,32,5850,0.0,0.0,0,0.0,0.321428571,0.0,32.0,1
1,3,0,0,0,8,3153,0.0,0.0,0,0.0,0.038461538,0.0,5.5,1
0,7,784,12,0,7,7132,0.9375,0.0625,0,67.97385621,0.0,0.530612245,5.666666667,0
0,7,123,1004,1,19,12123,0.926829268,0.073170732,0,57.14285714,0.107692308,0.222222222,6.333333333,0
0,3,597,2123468,1,0,-1,0.936348409,0.063651591,0,2.777777778,0.0,0.210526316,0.0,0
0,2,176,5153824,1,0,3354,0.954545455,0.045454545,0,50.0,0.0,0.375,0.0,0
1,3,0,1260839,0,12,-1,0.0,0.0,0,0.0,0.081632653,0.0,6.0,0
1,0,13,0,0,13,194,0.7692307690000001,0.230769231,0,0.0,0.0,0.0,6.2,1
0,3,0,43886,0,8,-1,0.0,0.0,1,0.0,0.024691358,0.0,3.666666667,0
0,3,56,499717,1,0,6190,0.857142857,0.142857143,0,0.0,0.0,0.0,0.0,0
1,3,0,523503,0,5,4566,0.0,0.0,1,0.0,0.0,0.0,3.666666667,1
0,0,98,900824,1,13,1825,0.4183673470000001,0.581632653,0,31.25,0.0,0.01754386,6.714285714,0
0,5,29,3856,1,8,3482,0.931034483,0.068965517,0,66.66666667,0.0,0.5,4.125,0
0,4,98,477388,1,0,4141,0.459183673,0.540816327,0,36.36363636,0.0,0.037735849,0.0,0
1,4,11,0,0,43,8018,0.272727273,0.727272727,0,0.0,0.206521739,0.0,9.52173913,1
0,5,47,25323,0,10,5957,0.212765957,0.787234043,0,21.27659574,0.0,0.837837838,7.5,0
0,8,20,0,0,0,5160,0.75,0.25,0,0.0,0.0,0.0,0.0,0
1,0,35,0,0,5,-1,0.971428571,0.028571429,0,50.0,0.333333333,0.0,3.285714286,1
0,6,119,7622,1,13,8444,0.8235294120000001,0.176470588,0,39.39393939,0.126315789,0.666666667,6.5,0
0,9,24,3523,0,8,-1,0.625,0.375,0,0.0,0.090909091,0.222222222,8.0,1
0,0,12,0,0,0,363,0.833333333,0.166666667,0,0.0,0.095238095,1.0,0.0,1
0,5,49,3911,1,0,4185,0.959183673,0.040816327,0,0.0,0.0,0.5,0.0,0
1,0,0,4587375,1,0,-1,0.0,0.0,0,0.0,0.0,0.0,0.0,1
0,5,103,34321,1,6,6720,0.893203883,0.106796117,0,75.75757576,0.0,0.0,5.0,0
0,5,101,64759,1,8,6321,0.801980198,0.198019802,0,100.0,0.0,0.0,7.0,0
0,5,79,1603,1,0,-1,0.772151899,0.227848101,0,50.0,0.0,0.277777778,0.0,0
0,4,20,1923382,1,0,-1,0.05,0.95,0,16.66666667,0.0,0.1578947369999999,0.0,0
1,0,0,0,1,7,4933,0.0,0.0,0,0.0,0.0,0.0,7.0,1
1,1,60,0,0,5,3297,0.283333333,0.716666667,0,0.0,0.0,0.325581395,4.0,1
0,5,373,48168,1,0,-1,0.935656836,0.064343164,0,64.1509434,0.0,0.458333333,0.0,0
0,5,93,73208,1,7,7458,0.806451613,0.193548387,0,33.33333333,0.0,0.0,5.333333333,0
1,4,0,19621,0,11,12029,0.0,0.0,0,0.0,0.192307692,0.0,5.125,0
0,5,23,17843,1,7,4299,0.434782609,0.565217391,0,38.46153846,0.06,0.230769231,5.083333333,0
0,2,56,481871,1,0,-1,0.642857143,0.357142857,0,62.79069767,0.0,0.35,0.0,0
0,5,134,13622,1,9,-1,0.873134328,0.1268656719999999,0,14.28571429,0.0,0.352941176,7.4,0
1,7,140,903,1,5,8619,0.45,0.55,0,36.95652174,0.0,0.285714286,4.0,0
0,6,2,710503,0,10,1079,1.0,0.0,0,0.0,0.046153846,0.0,4.875,1
1,0,0,0,1,4,812,0.0,0.0,0,0.0,0.033333333,0.0,3.5,1
0,6,84,1132,1,10,9285,0.488095238,0.511904762,0,35.71428571,0.0,0.023255814,7.333333333,0
1,0,0,0,0,12,3310,0.0,0.0,0,0.0,0.0,0.0,3.857142857,1
0,2,8,0,1,8,3380,0.375,0.625,0,16.66666667,0.121621622,0.8,3.8,0
0,4,22,166058,0,40,7681,0.409090909,0.590909091,0,0.0,0.291666667,0.923076923,17.66666667,1
0,2,16,0,0,11,2959,0.625,0.375,0,0.0,0.0,0.0,11.0,0
0,4,84,1199841,1,0,4622,0.94047619,0.05952381,0,37.5,0.0,0.6,0.0,0
0,7,268,718,1,8,-1,0.97761194,0.02238806,0,87.5,0.096385542,0.0,4.5,0
0,3,43,1170353,1,11,-1,0.651162791,0.348837209,0,77.27272727,0.0,0.133333333,6.416666667,0
1,8,5,2305,0,8,6753,0.8,0.2,0,0.0,0.0,0.0,5.5,1
0,2,27,0,1,0,-1,0.0,1.0,0,0.0,0.0,0.222222222,0.0,0
0,5,44,17601,0,4,8638,0.954545455,0.045454545,0,0.0,0.03125,0.5,2.666666667,0
1,3,20,1940758,0,7,1709,0.95,0.05,2,100.0,0.0,0.0,4.4,1
1,0,0,0,0,0,72,0.0,0.0,0,0.0,0.0,0.0,0.0,1
1,0,29,0,0,5,-1,1.0,0.0,0,100.0,0.384615385,0.0,3.0,1
0,5,132,10631,1,10,7523,0.803030303,0.196969697,0,60.0,0.0,0.038461538,7.333333333,0
1,0,17,0,0,9,0,1.0,0.0,0,100.0,0.0,0.0,6.666666667,1
1,4,1,85914,0,0,6737,1.0,0.0,0,100.0,0.045454545,0.0,0.0,1
1,4,58,203194,1,7,4826,0.948275862,0.051724138,0,25.0,0.0,0.666666667,6.0,0
1,2,86,0,1,6,-1,0.755813953,0.244186047,0,66.66666667,0.0,0.19047619,4.25,1
1,3,42,0,1,8,4487,0.166666667,0.833333333,0,9.090909091,0.0,0.2,6.333333333,1
1,0,5,0,1,7,3473,0.6,0.4,1,50.0,0.0,0.0,6.5,1
0,5,143,78526,1,5,6678,0.93006993,0.06993007,0,77.77777778,0.108695652,0.0,3.75,1
1,2,0,0,1,3,4460,0.0,0.0,0,0.0,0.0,0.0,3.0,1
1,6,70,79696,1,7,8032,0.542857143,0.457142857,0,14.28571429,0.0,0.125,5.0,0
1,1,0,0,0,8,-1,0.0,0.0,3,0.0,0.0,0.0,3.428571429,1
0,4,47,6972622,1,0,5363,0.936170213,0.063829787,0,62.5,0.0,0.666666667,0.0,0
1,2,0,319428,0,32,-1,0.0,0.0,0,0.0,0.490566038,0.0,32.0,1
0,10,164,8,1,20,8515,0.402439024,0.597560976,0,100.0,0.0,0.0,20.0,0
1,0,90,0,0,6,-1,0.7888888890000001,0.211111111,0,85.71428571,0.029411765,0.0,6.0,1
0,0,11,0,0,5,256,0.0,1.0,1,0.0,0.176470588,0.0,5.0,1
1,2,29,0,1,0,4203,0.551724138,0.448275862,0,37.5,0.0,0.0,0.0,1
0,5,126,380,1,10,5044,0.944444444,0.055555556,0,91.52542373,0.0,0.0,6.6,0
1,5,116,908,0,6,6606,0.879310345,0.120689655,0,0.0,0.024390244,0.214285714,4.0,1
0,2,0,0,0,4,1630,0.0,0.0,0,0.0,0.0,0.0,3.5,1
0,3,199,873645,1,10,5228,0.924623116,0.075376884,0,25.0,0.0,0.333333333,7.0,0
1,0,56,0,0,7,-1,1.0,0.0,2,0.0,0.078947368,0.0,4.0,1
1,0,503,0,1,40,798,0.011928429,0.988071571,0,4.166666667,0.406947891,0.016096579,2.638095238,1
1,5,23,0,0,0,7297,0.086956522,0.913043478,0,0.0,0.0,0.047619048,0.0,1
1,0,1,2686266,0,7,3420,1.0,0.0,0,0.0,0.033898305,0.0,4.714285714,1
0,5,339,2175,0,9,3647,0.483775811,0.516224189,0,21.7877095,0.058823529,0.068571429,5.230769231,0
1,5,22,0,0,17,5627,0.181818182,0.818181818,0,25.0,0.0,0.277777778,7.666666667,1
1,0,59,7081864,1,6,4159,0.6949152540000001,0.305084746,0,50.0,0.0,0.166666667,6.0,1
0,4,56,58739,1,0,2424,0.8035714290000001,0.196428571,0,38.46153846,0.125,0.545454545,0.0,0
0,5,157,1229192,1,0,-1,0.961783439,0.038216561,0,0.0,0.0,0.0,0.0,0
0,3,53,8098260,1,0,3691,0.735849057,0.264150943,0,0.0,0.0,0.0,0.0,0
0,5,125,838996,1,14,7047,0.888,0.112,0,0.0,0.013888889,0.0,5.1428571430000005,0
0,0,9,0,1,0,1124,1.0,0.0,0,0.0,0.0,0.0,0.0,0
0,7,635,12,0,8,7132,0.911811024,0.088188976,0,70.05347594,0.0,0.053571429,6.0,0
1,0,30,0,0,12,-1,0.2,0.8,1,0.0,0.0,0.125,6.6,1
0,3,34,0,0,0,-1,0.735294118,0.264705882,0,66.66666667,0.0,0.333333333,0.0,0
0,4,60,373319,1,4,8741,0.716666667,0.283333333,0,86.20689655,0.0,0.0,3.666666667,0
0,0,21,0,0,115,986,0.761904762,0.238095238,1,0.0,0.171641791,0.2,30.5,1
1,3,20,7655750,1,9,8983,0.0,1.0,0,0.0,0.06779661,0.0,5.5,0
0,5,284,14420,0,7,6070,0.7464788729999999,0.253521127,0,34.09090909,0.0,0.125,5.4,0
0,6,320,660,1,6,6858,0.84375,0.15625,0,17.85714286,0.0,0.04,4.25,0
1,0,87,0,0,9,5656,0.344827586,0.655172414,2,32.3943662,0.0,0.684210526,5.4,1
1,0,1,0,1,5,885,1.0,0.0,0,0.0,0.0,0.0,3.333333333,1
0,6,76,1456,1,10,8053,0.986842105,0.013157895,0,100.0,0.0,0.0,6.0,0
0,4,86,256890,1,0,5352,1.0,0.0,0,100.0,0.0,0.0,0.0,0
1,5,94,2873,1,10,4486,0.936170213,0.063829787,0,70.0,0.0,0.0,5.6,0
0,8,529,70,1,9,8964,0.7655954629999999,0.234404537,0,93.02325581,0.194444444,0.0080645159999999,7.0,0
0,5,26,153840,1,12,9286,0.461538462,0.538461538,0,0.0,0.0,0.142857143,6.071428571,0
0,5,0,1823,0,8,12426,0.0,0.0,1,0.0,0.12345679,0.0,3.416666667,0
1,2,10,0,0,8,3228,0.0,1.0,4,0.0,0.0,0.0,5.666666667,1
0,5,86,266007,1,10,7490,0.825581395,0.174418605,0,13.33333333,0.0,0.4,7.5,0
1,6,15,5824,0,12,5670,0.2,0.8,0,100.0,0.181818182,0.0,4.529411765,1
1,0,0,0,0,9,1972,0.0,0.0,0,0.0,0.118811881,0.0,6.333333333,1
1,10,50,173,0,9,3890,0.16,0.84,0,0.0,0.0,0.0,9.0,0
1,1,0,9526947,1,4,-1,0.0,0.0,1,0.0,0.0,0.0,3.333333333,1
0,4,237,520663,1,0,8370,0.957805907,0.042194093,0,81.48148148,0.0,0.1,0.0,0
0,5,148,4524,1,6,6991,0.878378378,0.121621622,0,66.66666667,0.0,0.166666667,4.333333333,0
0,2,153,512410,0,5,6735,0.287581699,0.7124183009999999,0,28.66666667,0.016393443,0.7247706420000001,3.285714286,1
1,2,150,2488533,0,10,-1,0.9,0.1,0,100.0,0.0,0.0,5.75,1
0,4,1341,2443586,1,0,7087,0.985831469,0.014168531,0,96.50793651,0.0,0.210526316,0.0,0
1,7,211,340,0,8,-1,0.952606635,0.047393365,0,98.03921569,0.111111111,0.1,5.0,0
1,5,269,21319,0,8,-1,0.918215613,0.081784387,0,91.30434783,0.111111111,0.272727273,4.5,1
1,3,127,2272175,1,9,4019,0.858267717,0.141732283,0,11.11111111,0.0,0.444444444,7.5,0
1,0,2,0,0,8,219,1.0,0.0,0,0.0,0.0,0.0,7.333333333,1
1,1,3,0,0,9,-1,0.333333333,0.666666667,1,0.0,0.0,0.0,6.0,1
0,10,62,35,1,9,5891,1.0,0.0,0,0.0,0.0,0.0,9.0,0
0,10,1,1,0,11,8348,0.0,1.0,2,0.0,0.01754386,0.0,5.6,1
1,0,0,0,0,5,25,0.0,0.0,0,0.0,0.0,0.0,3.25,1
0,5,75,14275,1,14,7667,0.813333333,0.186666667,0,75.0,0.0,0.428571429,14.0,0
0,3,7,648147,0,0,7497,0.142857143,0.857142857,0,100.0,0.0,0.0,0.0,1
1,0,51,5697976,0,17,3992,1.0,0.0,0,100.0,0.078740157,0.0,7.375,1
0,8,16,0,0,1,5160,0.625,0.375,0,100.0,0.078947368,0.0,1.0,0
0,2,0,0,0,0,8415,0.0,0.0,0,0.0,0.063492063,0.0,0.0,1
1,8,5,115,1,10,5159,0.4,0.6,0,0.0,0.055555556,0.666666667,4.0,0
1,0,4,5816617,0,17,4003,1.0,0.0,0,100.0,0.148148148,0.0,8.375,1
1,0,30,0,1,4,-1,0.7,0.3,0,0.0,0.0,0.5555555560000001,3.0,1
1,0,4,0,0,8,-1,1.0,0.0,4,100.0,0.22,0.0,4.375,1
1,0,0,0,0,20,3381,0.0,0.0,0,0.0,0.096385542,0.0,5.625,1
1,10,27,1,0,56,8348,0.37037037,0.62962963,1,0.0,0.090909091,0.0,14.2,1
0,2,88,3147040,1,0,4633,0.920454545,0.079545455,0,66.66666667,0.0,0.285714286,0.0,0
1,6,446,7137,0,9,10604,0.952914798,0.047085202,0,77.04918033,0.0,0.0,6.5,0
1,5,14,0,0,0,7295,0.071428571,0.928571429,0,14.28571429,0.054054054,0.846153846,0.0,1
1,0,10,0,0,8,-1,0.9,0.1,1,100.0,0.0,0.0,8.0,1
0,7,563,12,0,5,7132,0.971580817,0.028419183,0,50.0,0.0,0.375,4.666666667,0
0,5,27,17178,1,8,6584,0.740740741,0.259259259,0,63.15789474,0.0,0.428571429,6.0,0
0,6,99,692,1,6,9205,0.828282828,0.171717172,0,26.31578947,0.0,0.0,5.666666667,0
0,5,1,7295654,1,8,5966,1.0,0.0,0,0.0,0.0,0.0,4.875,0
0,4,263,155736,1,13,5967,0.88973384,0.11026616,0,68.75,0.0,0.137931034,6.9,0
1,4,7,0,0,28,8018,0.0,1.0,1,0.0,0.086330935,0.0,8.3,1
0,4,66,1241,0,7,5441,0.590909091,0.409090909,0,20.0,0.164179104,0.222222222,3.875,0
0,3,287,1374951,1,0,5167,0.979094077,0.020905923,0,50.0,0.0,0.166666667,0.0,0
1,0,0,692389,0,2,116,0.0,0.0,0,0.0,0.066666667,0.0,1.5,1
1,5,49,22145,0,14,-1,0.918367347,0.081632653,0,89.65517241,0.0,0.0,14.0,0
1,2,1,9412550,0,3,-1,1.0,0.0,0,0.0,0.029411765,0.0,2.0,1
1,0,4,5816617,1,17,4003,1.0,0.0,0,100.0,0.25,0.0,7.375,1
0,5,106,618,0,11,6430,0.962264151,0.037735849,0,77.77777778,0.0,0.0,7.5,0
1,1,10,0,0,0,1756,0.4,0.6,1,0.0,0.0,0.0,0.0,1
1,4,41,17377,0,9,2128,0.341463415,0.658536585,0,100.0,0.0,0.0,7.5,0
0,8,55,3033274,0,0,7448,0.290909091,0.709090909,0,87.5,0.0,0.0,0.0,0
1,4,53,33165,1,7,5011,0.660377358,0.339622642,0,23.07692308,0.0,0.0,3.6,0
0,4,198,539947,1,0,2037,0.505050505,0.494949495,0,63.82978723,0.0,0.367346939,0.0,0
0,6,207,12761,1,4,8148,0.700483092,0.299516908,0,50.0,0.0,0.129032258,3.25,0
0,5,9,51565,1,12,6384,1.0,0.0,0,100.0,0.0,0.0,8.0,0
1,0,51,5707171,0,17,3993,1.0,0.0,0,100.0,0.157480315,0.0,7.375,1
0,4,60,19349,1,7,3543,0.833333333,0.166666667,0,0.0,0.0,0.0,4.166666667,0
1,0,9,0,1,200,31,1.0,0.0,0,0.0,0.143410853,0.0,25.44444444,1
0,5,481,13977,0,9,11046,0.995841996,0.004158004,0,100.0,0.0,0.0,6.25,0
0,6,266,600,1,10,7834,0.759398496,0.240601504,0,26.66666667,0.0,0.25,10.0,0
1,2,63,237648,0,10,2345,0.857142857,0.142857143,0,76.92307692,0.043478261,0.333333333,6.0,0
0,8,38,1897,0,5,7881,0.6315789470000001,0.368421053,0,18.75,0.28125,0.285714286,4.0,0
1,0,88,5008870,1,32,152,0.897727273,0.102272727,0,85.71428571,0.376811594,0.5555555560000001,32.0,1
0,8,0,383,0,6,7446,0.0,0.0,0,0.0,0.074074074,0.0,4.375,0
0,2,0,1505026,1,0,-1,0.0,0.0,0,0.0,0.0,0.0,0.0,0
0,0,0,0,0,64,539,0.0,0.0,2,0.0,0.365482234,0.0,16.3,1
0,5,178,36112,0,10,4665,0.949438202,0.050561798,0,64.0,0.0,0.333333333,7.0,0
1,5,50,24505,1,10,8113,0.46,0.54,0,40.0,0.0,0.111111111,6.75,0
1,2,128,7138741,1,12,6335,0.921875,0.078125,0,44.44444444,0.0,0.2,7.4,1
0,4,90,163647,1,0,-1,0.8444444440000001,0.1555555559999999,0,9.090909091,0.0,0.142857143,0.0,0
1,0,10,0,0,0,61,0.6,0.4,0,50.0,0.0,0.25,0.0,1
0,1,18,2351744,0,22,203,0.5,0.5,0,75.0,0.021276596,0.0,22.0,1
0,5,86,150495,0,8,7026,1.0,0.0,0,100.0,0.0,0.0,8.0,0
1,1,31,0,0,8,5902,0.161290323,0.838709677,2,0.0,0.0,0.0,5.75,1
1,2,30,0,1,32,5766,0.966666667,0.033333333,0,100.0,0.259259259,0.0,14.66666667,1
1,0,0,0,1,9,-1,0.0,0.0,0,0.0,0.0,0.0,9.0,1
0,4,232,62845,0,7,7463,0.965517241,0.034482759,0,100.0,0.109589041,0.0,5.571428571,0
1,7,4,309382,0,7,2139,0.0,1.0,0,0.0,0.038461538,0.0,7.0,1
1,2,0,0,1,11,98,0.0,0.0,0,0.0,0.02173913,0.0,6.333333333,1
1,0,0,0,0,9,1534,0.0,0.0,1,0.0,0.0,0.0,5.25,1
1,5,186,14203,0,7,6074,0.709677419,0.290322581,0,23.80952381,0.0,0.037037037,5.666666667,0
0,6,55,1652,1,8,2391,0.818181818,0.181818182,0,72.22222222,0.0,0.3,5.25,0
1,0,13,0,0,12,567,1.0,0.0,0,100.0,0.043478261,0.0,5.285714286,1
0,5,203,3993,1,10,7840,0.926108374,0.073891626,0,0.0,0.0,0.0,5.857142857,0
1,0,5,0,1,6,-1,0.4,0.6,3,0.0,0.017094017,0.666666667,3.6,1
0,4,144,100921,1,0,7544,0.8888888890000001,0.111111111,0,72.34042553,0.0,0.1875,0.0,0
1,0,1,0,0,75,5964,1.0,0.0,1,0.0,0.141025641,0.0,10.33333333,1
0,5,118,122258,1,0,6965,0.779661017,0.220338983,0,0.0,0.0,0.038461538,0.0,0
0,1,32,223639,1,0,6107,0.59375,0.40625,0,100.0,0.0,0.153846154,0.0,0
1,2,27,0,1,10,3065,0.8888888890000001,0.111111111,4,100.0,0.043859649,0.0,6.333333333,1
1,0,1,0,0,10,3639,1.0,0.0,0,0.0,0.057692308,0.0,6.666666667,1
0,3,46,0,1,9,6779,0.97826087,0.02173913,0,0.0,0.0,0.0,6.0,0
1,3,0,6348092,1,11,3973,0.0,0.0,0,0.0,0.0,0.0,6.142857143,0
1,0,0,0,0,7,1252,0.0,0.0,2,0.0,0.037735849,0.0,3.5,1
1,0,3,0,0,6,2418,0.0,1.0,2,0.0,0.022222222,0.0,4.2,1
1,6,70,321,1,9,5696,0.7571428570000001,0.242857143,0,0.0,0.1707317069999999,0.058823529,8.0,0
0,1,68,1162166,1,0,-1,0.985294118,0.014705882,0,0.0,0.0,0.0,0.0,1
1,0,12,0,0,6,330,0.666666667,0.333333333,0,100.0,0.046511628,0.0,4.666666667,1
0,6,66,2635,1,9,8829,0.848484848,0.151515152,0,20.0,0.0,0.0,3.833333333,0
1,0,4,0,0,6,-1,1.0,0.0,1,100.0,0.25,0.0,3.625,1
1,4,54,0,1,8,2385,0.87037037,0.12962963,3,33.33333333,0.0,0.142857143,5.1111111110000005,1
1,10,27,1,0,40,8346,0.37037037,0.62962963,1,0.0,0.193548387,0.0,11.5,1
0,3,30,666857,1,0,7662,0.8666666670000001,0.133333333,0,75.0,0.0,0.0,0.0,0
1,1,133,507771,0,9,1899,0.902255639,0.097744361,1,30.0,0.0,0.153846154,9.0,1
1,6,7,113222,0,4,3359,0.857142857,0.142857143,0,0.0,0.05,0.0,4.0,1
0,10,19,1,0,7,8350,0.6315789470000001,0.368421053,0,28.57142857,0.044776119,0.285714286,5.0,0
0,6,34,5322,1,9,5222,0.529411765,0.470588235,0,59.09090909,0.0625,0.0,5.363636364,0
1,4,50,265,0,11,4471,0.94,0.06,0,0.0,0.109375,0.0,4.8,1
0,3,303,3115507,1,0,4525,0.577557756,0.422442244,0,0.0,0.0,0.8515625,0.0,0
1,0,0,0,0,53,-1,0.0,0.0,0,0.0,0.203252033,0.0,17.55555556,1
1,1,1,0,0,4,3544,1.0,0.0,0,0.0,0.0,0.0,4.0,1
0,2,168,0,0,0,-1,0.779761905,0.220238095,0,24.32432432,0.0,0.378378378,0.0,0
1,4,25,0,0,9,3104,1.0,0.0,2,0.0,0.0161290319999999,0.0,5.75,0
0,5,129,197005,1,0,5776,0.906976744,0.093023256,0,50.0,0.0,0.4166666670000001,0.0,0
0,4,83,3457080,1,0,2312,0.108433735,0.891566265,0,1.515151515,0.0,0.8513513509999999,0.0,0
1,0,15,0,0,64,-1,0.933333333,0.066666667,5,85.71428571,0.4,1.0,14.38461538,1
1,5,43,116298,1,11,8443,0.837209302,0.162790698,0,61.53846154,0.0,0.428571429,5.857142857,0
0,5,104,19217,1,10,4915,0.519230769,0.480769231,0,31.42857143,0.0,0.9,5.0,0
1,7,81,0,0,0,5232,0.987654321,0.0123456789999999,0,100.0,0.032258065,0.0,0.0,0
0,4,67,297223,1,10,8246,0.940298507,0.059701493,0,100.0,0.0,0.0,7.0,0
0,7,31,1014,1,0,-1,0.903225806,0.096774194,0,0.0,0.0,0.0,0.0,0
0,9,92,24,0,12,-1,0.934782609,0.065217391,0,100.0,0.0,0.0,12.0,0
0,7,174,1518,0,9,5797,0.67816092,0.32183908,0,13.04347826,0.109756098,0.285714286,5.1,0
1,2,82,0,1,17,4329,1.0,0.0,0,100.0,0.213973799,0.0,6.592592592999999,1
0,1,83,0,0,5,1190,0.891566265,0.108433735,0,0.0,0.0,0.222222222,5.0,1
1,0,96,0,1,12,5212,0.770833333,0.229166667,0,16.66666667,0.0,0.272727273,7.0,1
0,3,15,4617715,1,0,8287,0.666666667,0.333333333,0,60.0,0.0,0.0,0.0,0
1,3,1,5313337,1,9,7264,1.0,0.0,3,0.0,0.0,0.0,5.833333333,1
0,5,0,83194,1,8,12048,0.0,0.0,0,0.0,0.0,0.0,6.0,0
0,3,25,0,1,0,-1,0.88,0.12,0,25.0,0.0,0.0,0.0,0
1,0,88,0,1,32,2047,0.897727273,0.102272727,3,85.71428571,0.196261682,0.5555555560000001,9.0,1
1,3,6,0,1,13,4609,0.333333333,0.666666667,4,0.0,0.0,0.0,5.071428571,1
0,6,120,688,1,6,9203,0.7666666670000001,0.233333333,0,26.47058824,0.0,0.392857143,4.5,0
1,1,1,670876,0,0,2202,1.0,0.0,0,0.0,0.235294118,0.0,0.0,1
0,2,50,0,1,0,3537,0.74,0.26,0,50.0,0.0,0.153846154,0.0,0
0,6,587,779,1,6,7740,0.936967632,0.0630323679999999,0,39.65517241,0.0,0.405405405,3.5,0
0,3,1040,1104748,1,0,3028,0.994230769,0.005769231,0,88.88888889,0.0,0.0,0.0,0
1,6,74,10773,0,9,5538,0.864864865,0.135135135,0,27.27272727,0.0,0.3,4.222222222,0
1,6,25,881,0,9,5670,0.64,0.36,0,100.0,0.092105263,0.0,5.714285714,1
0,3,94,3974511,1,0,-1,0.64893617,0.35106383,0,50.0,0.0,0.0,0.0,0
0,5,265,55513,1,0,-1,0.826415094,0.173584906,0,3.125,0.0,0.195652174,0.0,0
1,2,25,0,0,2,2916,0.92,0.08,0,100.0,0.0,0.0,2.0,1
1,2,31,1211946,0,32,1016,0.032258065,0.967741935,0,0.0,0.201923077,0.1,12.8,1
1,2,0,0,0,6,2116,0.0,0.0,1,0.0,0.026315789,0.0,4.0,1
0,2,144,2739659,1,0,3540,0.875,0.125,0,0.0,0.0,0.111111111,0.0,0
1,2,11,2404290,0,7,-1,0.727272727,0.272727273,0,100.0,0.0,0.0,5.0,1
1,0,0,0,0,5,-1,0.0,0.0,3,0.0,0.086956522,0.0,3.5,1
0,3,83,3124494,1,0,1658,0.204819277,0.795180723,0,83.33333333,0.0,0.015151515,0.0,0
1,2,144,0,1,14,591,0.819444444,0.180555556,0,21.21212121,0.0,0.307692308,14.0,1
0,5,54,36636,1,6,6207,0.425925926,0.574074074,0,35.48387097,0.0,0.516129032,4.25,0
0,4,0,137173,0,7,9464,0.0,0.0,0,0.0,0.0681818179999999,0.0,4.25,0
1,4,0,1266011,0,10,-1,0.0,0.0,1,0.0,0.025316456,0.0,5.833333333,0
1,0,17,0,0,41,-1,0.882352941,0.117647059,1,100.0,0.29375,0.0,9.266666667,1
1,0,0,0,0,7,4473,0.0,0.0,0,0.0,0.0,0.0,5.5,1
0,0,0,0,1,0,110,0.0,0.0,0,0.0,0.0,0.0,0.0,1
0,5,92,83775,1,0,-1,0.543478261,0.456521739,0,15.0,0.0,0.071428571,0.0,0
1,5,261,1303460,1,12,7371,0.8773946359999999,0.122605364,0,89.86175115,0.0,0.71875,6.0,0
1,2,11,47552,0,7,-1,0.545454545,0.454545455,0,0.0,0.0,0.0,5.5,1
0,5,163,625,0,11,6433,0.957055215,0.042944785,0,87.71929825,0.0,0.285714286,7.5,0
1,2,21,0,1,11,8756,0.761904762,0.238095238,3,0.0,0.0,0.0,5.333333333,1
0,6,200,14418,1,4,9125,0.97,0.03,0,96.62162162,0.255813953,0.333333333,3.8,0
0,4,94,33179,1,12,6318,0.234042553,0.765957447,0,1.515151515,0.026315789,0.0,12.0,0
1,0,51,5707171,1,17,3993,1.0,0.0,0,100.0,0.105691057,0.0,7.375,1
0,2,63,0,1,0,2661,0.936507937,0.063492063,0,77.77777778,0.0,0.25,0.0,0
1,5,22,5518403,0,15,5616,0.181818182,0.818181818,1,25.0,0.042857143,0.166666667,9.5,1
0,3,147,0,1,6,5563,0.945578231,0.054421769,0,88.46153846,0.0,0.5,6.0,0
0,2,73,498528,1,0,-1,0.931506849,0.068493151,0,40.0,0.0,0.2,0.0,0
1,0,0,0,1,5,-1,0.0,0.0,3,0.0,0.08,0.0,3.5,1
0,5,70,2205,0,10,7619,0.628571429,0.371428571,0,76.0,0.0,0.076923077,8.333333332999999,0
0,4,32,309734,0,9,2768,0.59375,0.40625,0,81.25,0.0,0.0,9.0,0
1,0,0,0,0,7,372,0.0,0.0,1,0.0,0.0,0.0,4.4,1
0,4,90,252047,1,12,-1,0.7666666670000001,0.233333333,0,61.53846154,0.0,0.428571429,6.833333333,0
0,2,71,7412149,1,0,1482,0.7464788729999999,0.253521127,0,74.54545455,0.0,0.0,0.0,0
0,3,77,541220,1,12,-1,0.727272727,0.272727273,0,25.92592593,0.0,0.523809524,8.0,0
0,3,215,0,0,0,5808,0.530232558,0.469767442,0,73.91304348,0.025,0.0,0.0,0
1,2,27,0,1,10,1149,0.8888888890000001,0.111111111,1,100.0,0.041666667,0.0,7.1,1
0,5,9,32,0,80,7765,0.0,1.0,0,0.0,0.037878788,0.0,20.6,1
0,4,289,1988404,1,7,5224,0.975778547,0.024221453,0,80.95238095,0.0,0.7142857140000001,5.5,0
1,0,192,0,0,8,2345,0.229166667,0.770833333,3,19.17808219,0.0,0.040540541,4.571428571,1
0,0,72,5965203,0,0,2235,1.0,0.0,0,100.0,0.0,0.0,0.0,0
0,5,64,124241,0,0,7297,0.34375,0.65625,0,3.846153846,0.0,0.071428571,0.0,0
1,0,51,5697976,0,17,3992,1.0,0.0,0,100.0,0.111111111,0.0,8.142857142999999,1
1,0,0,0,1,8,2640,0.0,0.0,3,0.0,0.0,0.0,5.333333333,1
0,5,126,2590,1,0,5115,0.880952381,0.119047619,0,38.46153846,0.0,0.133333333,0.0,0
0,9,22,24,0,25,-1,1.0,0.0,0,0.0,0.124031008,0.0,5.705882353,1
0,2,137,492629,1,6,-1,0.99270073,0.00729927,0,0.0,0.0,0.0,5.5,0
0,2,34,437567,0,8,6929,0.8235294120000001,0.176470588,0,75.0,0.0,0.333333333,6.25,0
1,0,0,0,1,9,107,0.0,0.0,1,0.0,0.018867925,0.0,6.666666667,1
1,0,0,0,0,13,327,0.0,0.0,0,0.0,0.2,0.0,8.666666667000001,1
1,5,21,0,0,6,5614,0.19047619,0.80952381,0,25.0,0.074074074,0.176470588,4.0,1
0,6,164,184,1,10,5886,0.951219512,0.048780488,0,92.06349206,0.0,0.125,6.142857143,0
1,7,55,609,0,11,11555,1.0,0.0,0,100.0,0.279411765,0.0,4.625,0
1,1,0,0,0,32,4375,0.0,0.0,0,0.0,0.173333333,0.0,17.0,1
1,0,31,0,0,16,-1,0.483870968,0.516129032,1,0.0,0.3430656929999999,0.4375,8.916666667000001,1
1,2,2,242498,0,5,2346,0.5,0.5,0,0.0,0.0,1.0,4.0,0
1,8,48,50,0,11,12210,0.625,0.375,0,53.84615385,0.211538462,0.111111111,3.666666667,0
1,0,7,0,1,0,2148,1.0,0.0,1,0.0,0.0,0.0,0.0,1
0,3,54,258020,1,0,7892,0.314814815,0.685185185,0,30.76923077,0.0,0.081081081,0.0,0
1,5,4,55106,1,9,7693,0.75,0.25,0,0.0,0.079365079,2.0,6.8,0
1,6,0,881,0,8,5670,0.0,0.0,0,0.0,0.0,0.0,4.666666667,1
0,5,0,8940,1,7,12321,0.0,0.0,0,0.0,0.0,0.0,5.333333333,0
0,6,43,54115,0,0,7634,0.790697674,0.209302326,0,0.0,0.064516129,0.0,0.0,1
0,0,53,0,0,7,-1,0.962264151,0.037735849,0,0.0,0.3125,0.0,3.333333333,1
0,5,701,0,0,0,7297,0.266761769,0.733238231,0,25.56270096,0.0,0.13229572,0.0,0
0,6,30,7050,1,12,9547,0.833333333,0.166666667,0,0.0,0.175438596,0.0,5.8,0
0,4,48,364640,1,11,3011,0.666666667,0.333333333,0,22.22222222,0.0,0.25,9.0,0
1,0,51,5697976,0,17,3992,1.0,0.0,0,100.0,0.203389831,0.0,7.375,1
1,5,36,10984,1,7,5527,0.361111111,0.638888889,0,73.68421053,0.0,0.043478261,4.666666667,0
0,5,43,150593,1,7,6639,0.302325581,0.697674419,0,18.18181818,0.0,0.3666666670000001,5.666666667,0
0,4,67,612537,1,0,8732,0.880597015,0.119402985,0,100.0,0.0,0.0,0.0,0
1,5,298,14613,1,7,4322,0.6342281879999999,0.365771812,0,10.90909091,0.0,0.055045872,5.5,0
1,0,51,5707171,0,17,3993,1.0,0.0,0,100.0,0.222222222,0.0,7.375,1
0,7,101,1310,1,7,5132,0.485148515,0.514851485,0,63.33333333,0.0161290319999999,0.153846154,4.285714286,0
0,5,207,6957,1,10,6673,0.570048309,0.429951691,0,10.84337349,0.0,0.0,8.5,0
0,1,1289,0,1,0,-1,0.997672614,0.002327386,0,0.0,0.0,0.0,0.0,0
1,3,5,2827897,1,10,6380,0.8,0.2,0,100.0,0.012820513,0.0,5.875,0
1,1,103,262092,0,11,7287,0.932038835,0.067961165,3,0.0,0.076086957,0.285714286,5.75,1
1,5,22,0,0,9,5616,0.181818182,0.818181818,1,25.0,0.083333333,0.166666667,4.75,1
1,0,88,0,0,32,2047,0.8863636359999999,0.113636364,4,84.31372549,0.15,0.5,8.8,1
0,2,10,0,1,7,687,1.0,0.0,2,0.0,0.076923077,0.0,4.25,1
0,7,101,234431,0,0,5232,0.752475248,0.247524752,0,4.0,0.0,0.48,0.0,0
0,6,78,2792,0,11,4646,0.384615385,0.615384615,0,54.41176471,0.075,0.104166667,7.0,0
0,6,55,2615,1,8,8048,0.8,0.2,0,50.0,0.125,0.181818182,5.666666667,0
1,1,3,0,0,17,457,1.0,0.0,5,0.0,0.0,0.0,5.833333333,1
0,4,165,926922,0,0,5554,0.96969697,0.03030303,0,72.72727273,0.0,0.6,0.0,0
1,2,3,0,0,0,190,1.0,0.0,0,0.0,0.078947368,0.0,0.0,1
1,4,186,0,1,8,6022,0.698924731,0.301075269,0,16.12903226,0.063829787,0.196428571,5.0,0
1,5,14,0,0,1,7295,0.071428571,0.928571429,0,14.28571429,0.029411765,0.230769231,1.0,1
1,2,23,0,0,0,804,1.0,0.0,0,100.0,0.097560976,0.0,0.0,1
1,0,4,0,0,5,1834,1.0,0.0,0,100.0,0.295081967,0.0,3.181818182,1
1,2,0,0,1,3,5755,0.0,0.0,0,0.0,0.0,0.0,3.0,1
1,5,64,186837,1,4,6689,0.875,0.125,0,50.0,0.0,0.5,4.0,0
0,6,166,2926,1,7,9363,0.813253012,0.186746988,0,54.54545455,0.117647059,0.225806452,6.0,0
1,3,6,314941,0,15,8919,0.5,0.5,0,0.0,0.02173913,0.0,5.9,1
0,5,85,41235,1,9,6984,0.8470588240000001,0.1529411759999999,0,18.18181818,0.037735849,0.461538462,4.5,0
0,10,1,1,0,33,8346,0.0,1.0,1,0.0,0.071428571,0.0,7.222222222,1
0,5,13,128954,1,5,7058,0.923076923,0.076923077,0,80.0,0.0,0.0,5.0,0
0,3,0,446449,1,10,7783,0.0,0.0,0,0.0,0.037735849,0.0,4.8,1
0,6,273,20272,1,11,-1,0.970695971,0.029304029,0,74.07407407,0.0,0.25,8.0,0
1,0,45,0,0,15,253,1.0,0.0,2,0.0,0.142857143,0.0,6.857142857,1
1,2,1,0,0,9,4411,1.0,0.0,1,0.0,0.06,0.0,5.0,1
0,2,30,0,0,0,645,0.6,0.4,0,0.0,0.032258065,0.0,0.0,1
1,2,3,0,0,10,255,0.666666667,0.333333333,0,0.0,0.0,2.0,5.25,0
0,3,9,2590708,1,8,1358,0.333333333,0.666666667,0,0.0,0.0,0.333333333,4.333333333,0
0,0,38,0,0,31,179,0.7894736840000001,0.210526316,0,0.0,0.073684211,0.5,7.625,1
1,1,107,3830391,0,8,1528,0.934579439,0.065420561,1,100.0,0.0,0.0,5.75,1
1,3,1,17964,0,200,7083,0.0,1.0,0,0.0,0.123595506,0.0,32.42857143,1
1,2,0,626419,1,20,-1,0.0,0.0,0,0.0,0.0,0.0,10.2,1
1,0,22,2368593,0,0,539,0.909090909,0.090909091,2,0.0,0.0,0.0,0.0,1
0,6,104,685,1,6,9200,0.817307692,0.182692308,0,30.43478261,0.0,0.105263158,4.5,0
1,1,0,0,0,5,195,0.0,0.0,0,0.0,0.0,0.0,4.666666667,1
0,5,89,61692,1,0,5169,0.370786517,0.629213483,0,30.0,0.0,0.446428571,0.0,0
0,2,45,0,1,0,-1,0.7777777779999999,0.222222222,0,50.0,0.0,0.2,0.0,0
0,2,403,1136540,1,0,3846,0.967741935,0.032258065,0,69.23076923,0.0,0.307692308,0.0,0
0,3,154,0,0,0,-1,0.941558442,0.058441558,0,62.5,0.0,0.333333333,0.0,0
0,5,33,206151,1,12,7422,0.757575758,0.242424242,0,95.45454545,0.0,0.0,12.0,0
1,0,24,0,0,8,457,0.208333333,0.791666667,3,25.0,0.0,0.315789474,4.285714286,1
0,2,19,0,1,0,-1,0.842105263,0.1578947369999999,0,92.85714286,0.0,0.0,0.0,0
0,3,7,0,0,0,4490,0.7142857140000001,0.285714286,2,0.0,0.09375,0.0,0.0,1
1,3,46,1173100,1,7,6278,0.282608696,0.7173913040000001,0,11.76470588,0.0,0.121212121,7.0,0
0,3,157,400665,1,0,-1,0.949044586,0.050955414,0,68.75,0.0,0.0,0.0,0
0,7,597,0,0,11,7134,0.932998325,0.067001675,0,68.99224806,0.0,0.075,7.666666667,0
1,0,2,0,0,12,-1,1.0,0.0,0,0.0,0.0,0.0,7.428571429,1
0,5,0,21,0,16,9338,0.0,0.0,0,0.0,0.273381295,0.0,7.615384615,1
1,2,160,4669,0,0,1546,0.2125,0.7875,0,12.5,0.071428571,0.023809524,0.0,1
1,0,0,0,0,0,137,0.0,0.0,0,0.0,0.038461538,0.0,0.0,1
0,4,92,46313,0,11,8489,0.445652174,0.554347826,0,10.81081081,0.0,0.117647059,7.0,0
1,0,13,0,0,9,-1,1.0,0.0,6,100.0,0.02189781,0.0,4.789473684,1
0,4,34,124442,1,0,2732,0.558823529,0.441176471,0,58.82352941,0.0,0.066666667,0.0,0
1,2,20,0,1,5,5075,0.5,0.5,0,100.0,0.0,0.0,4.5,1
0,6,110,3698,1,9,5963,0.609090909,0.390909091,0,6.52173913,0.0,0.023255814,5.666666667,0
0,5,188,1378488,1,10,7210,0.882978723,0.117021277,0,46.15384615,0.0,0.363636364,7.0,0
1,0,1,0,0,0,-1,0.0,1.0,0,0.0,0.294117647,0.0,0.0,1
0,4,61,431805,0,12,5020,0.721311475,0.278688525,0,0.0,0.0,0.411764706,6.166666667,0
1,7,265,12,0,9,7131,0.958490566,0.041509434,0,74.41860465,0.083333333,0.363636364,4.833333333,0
0,2,26,2480108,0,0,7030,0.7692307690000001,0.230769231,0,72.72727273,0.0,0.333333333,0.0,0
0,6,0,13756,0,12,12560,0.0,0.0,0,0.0,0.114285714,0.0,6.333333333,0
0,7,1126,12,0,11,7134,0.939609236,0.060390764,0,63.82978723,0.0,0.485294118,7.5,0
0,4,0,14684,1,0,4884,0.0,0.0,0,0.0,0.0,0.0,0.0,0
0,6,219,689,1,3,6258,0.8767123290000001,0.123287671,0,55.17241379,0.0,0.296296296,3.0,0
1,2,0,6256656,0,7,2215,0.0,0.0,0,0.0,0.0,0.0,4.75,1
1,3,5,0,0,36,-1,1.0,0.0,0,100.0,0.281879195,0.0,13.44444444,1
1,0,7,0,1,8,2,0.857142857,0.142857143,0,0.0,0.0,1.0,5.0,1
0,6,48,1422,1,9,8616,0.833333333,0.166666667,0,100.0,0.0,0.25,4.733333333,0
1,1,52,0,2,32,2113,0.615384615,0.384615385,1,0.0,0.322222222,0.35,9.5,1
1,0,0,0,0,50,-1,0.0,0.0,0,0.0,0.435294118,0.0,19.0,1
0,4,58,353006,1,0,2712,0.810344828,0.189655172,0,0.0,0.0,0.272727273,0.0,0
0,5,24,0,0,0,9242,0.25,0.75,0,100.0,0.0,0.0,0.0,1
1,5,61,6254,1,8,5782,0.655737705,0.344262295,0,5.263157895,0.186440678,0.19047619,4.428571429,0
0,10,140,8,1,18,8518,0.4,0.6,0,100.0,0.0,0.0,18.0,0
1,2,11,59698,0,32,2841,1.0,0.0,0,0.0,0.436781609,0.0,32.0,1
1,0,252,0,0,7,-1,0.932539683,0.067460317,4,100.0,0.0,0.0,4.375,1
1,7,152,803,0,10,12542,0.782894737,0.217105263,0,17.5,0.048192771,0.696969697,6.875,0
0,7,256,1100,1,9,7266,0.9609375,0.0390625,0,57.14285714,0.055555556,0.3,6.75,0
0,4,27,33758,1,9,3138,0.925925926,0.074074074,0,100.0,0.072463768,0.0,6.8,0
1,0,0,0,1,10,5596,0.0,0.0,0,0.0,0.024390244,0.0,7.0,1
1,4,37,3050940,1,15,3466,0.540540541,0.459459459,1,0.0,0.0,0.176470588,9.0,0
0,8,16,0,0,11,7449,0.1875,0.8125,0,0.0,0.077586207,0.0,4.3125,0
1,2,42,0,1,10,2058,0.80952381,0.19047619,4,20.0,0.042735043,0.5,6.6363636360000005,1
0,2,139,788648,0,0,2778,0.978417266,0.021582734,0,100.0,0.0,0.0,0.0,0
1,1,92,10408014,1,26,5186,1.0,0.0,0,100.0,0.047058824,0.0,6.625,1
1,6,66,2635,1,8,8829,0.848484848,0.151515152,0,20.0,0.0,0.0,4.0,0
0,6,199,3980,1,11,5396,0.8844221109999999,0.115577889,0,0.0,0.0,0.043478261,9.5,0
1,0,3,0,1,8,6728,1.0,0.0,0,0.0,0.023809524,0.0,4.9,1
1,10,68,8,1,15,8515,0.470588235,0.529411765,0,80.0,0.142857143,0.0,6.272727272999999,0
0,4,32,2455493,1,0,2836,0.375,0.625,0,0.0,0.0,0.05,0.0,0
1,0,21,0,1,12,-1,0.428571429,0.571428571,3,33.33333333,0.085953878,0.0,4.453488372,1
